:020000040000FA
:10000000C05D00205DF2000045B8010049F200002B
:1000100049F2000049F2000049F20000000000002F
:1000200000000000000000000000000029F40000B3
:1000300049F2000000000000F5F3000049F2000062
:10004000E9F50000BDDC0100E9F50000E9F500007C
:10005000E9F50000E9F50000E9F50000E9F5000028
:1000600073DC0100E9F50000E9F50000A7DC010000
:10007000E9F50000E9F50000E9F50000E9F5000008
:10008000E9F50000E9F50000E9F50000E9F50000F8
:10009000E9F50000E9F50000E9F50000E9F50000E8
:1000A000E9F50000E9F50000E9F50000E9F50000D8
:1000B000E9F50000E9F50000E9F50000E9F50000C8
:1000C000E9F50000E9F50000E9F50000E9F50000B8
:1000D000E9F50000E9F50000E9F50000E9F50000A8
:1000E000E9F50000E9F50000E9F50000E9F5000098
:1000F000E9F50000E9F50000E9F50000E9F5000088
:1001000053B94AB9002908BF00281CBF4FF0FF317E
:100110004FF0FF3000F00CB8ADF1080C6DE904CEE3
:100120000BF040F9DDF804E0DDE9022304B070478C
:10013000704700BF2DE9F00791E8F807B2E8021018
:100140005B1854EB0C04B2E802104D4156EB0C0660
:10015000B2E802104F4158EB0C08B2E8021059EB1C
:1001600001095AEB0C0A80E8F80780410130BDE82C
:10017000F00770472DE9F00791E8F807B2E80210A0
:100180005B1A74EB0C04B2E802108D4176EB0C069E
:10019000B2E802108F4178EB0C08B2E8021079EB5C
:1001A00001097AEB0C0A80E8F80780414042BDE87B
:1001B000F00770472DE9F007524290E87800B1E867
:1001C00080071740DB1918EA020854EB080419EA03
:1001D000020955EB09051AEA020A56EB0A0678C02D
:1001E00090E87800B1E8800717407B4118EA0208E0
:1001F00054EB080419EA020955EB09051AEA020A48
:1002000056EB0A0678C080410130BDE8F007704720
:100210002DE9F007524290E87800B1E880071740D6
:10022000DB1B18EA020874EB080419EA020975EBF3
:1002300009051AEA020A76EB0A0678C090E8780007
:10024000B1E880071740BB4118EA020874EB0804C4
:1002500019EA020975EB09051AEA020A76EB0A06A1
:1002600078C080414042BDE8F00770472DE9F001B9
:1002700052424FF0040890E8300091E8C000A31B00
:100280001340E41AF618EB1B1340ED1AFF1830C0A8
:10029000C0C1B8F10108EED1BDE8F001704700BF60
:1002A00000B592E8DC072DE9DC07B1E8805702B41D
:1002B000A7FB02510A95A8FB020BE7FB6310E9FBC1
:1002C00062B00B91A8FB0351EAFB6201E7FB64B546
:1002D000E7FB6605E8FB6615CDF830B0A9FB03B671
:1002E000EAFB6316ECFB6356E8FB640BE9FB641B5B
:1002F000EAFB645BECFB646B0D90ACFB0230059C8D
:10030000EEFB6250E9FB6460EAFB64B0E7FB64313A
:10031000E8FB6451069CE8FB6461E9FB64B1EAFB1D
:1003200064010E93A7FB0432079CE7FB6462E8FBC1
:1003300064B2E9FB6402EAFB6412049CE9FB6453C7
:10034000EAFB6463089CE7FB64B3E8FB6403E9FB36
:100350006413EAFB64230F955DF8049B99E800069B
:10036000DDF80080A9FB0854EAFB68B4DDF81080D2
:10037000ECFB6804EEFB6814E9FB6824EAFB6834D4
:10038000DDF80480EEFB6865E9FB68B5EAFB68050B
:10039000DDF81480ECFB6815EEFB6825E9FB683599
:1003A000EAFB68450F96DDF80880AEFB0876E9FBAE
:1003B0006806EAFB6816DDF81880ECFB6826EEFBA1
:1003C0006836E9FB6846EAFB6856DDF80C80ECFB12
:1003D00068B7EEFB6807E9FB6817EAFB6827DDF8FA
:1003E0001C80ECFB6837EEFB6847E9FB6857EAFBCB
:1003F000686708B000BD00BF2DE9F14F87B0FFF777
:100400004FFFDDF81C8008F1200888E8FF00FFBCE2
:1004100087E87F08BDE8F08F00B591E89857A3FB07
:1004200003520195A3FB0401E3FB6420E3FB671087
:100430000292A3FB0752E3FB6802E4FB6415E3FBB3
:100440006805E3FB69250391A4FB07B6E3FB692676
:10045000E3FB6A56E4FB670BE4FB682BE3FB6A5B98
:10046000E3FB6C6B0490A4FB0810E4FB6950E3FB16
:100470006C60E3FB6EB0E7FB6721E4FB6951E4FBD2
:100480006A61E3FB6EB1E4FB6E010592A7FB0832E3
:10049000E4FB6A62E4FB6CB2E4FB6E02E7FB6E1203
:1004A000E7FB6853E7FB6963E4FB6CB3E7FB6C03B2
:1004B000E7FB6E13E8FB6E230695A7FB0954E7FBE9
:1004C0006AB4E7FB6C04E8FB6C14E8FB6E24E9FB00
:1004D0006E34E8FB6865E7FB6AB5E8FB6A05E8FB94
:1004E0006C15E9FB6C25E9FB6E35EAFB6E4507965A
:1004F000A8FB0976E8FB6A06E9FB6A16E9FB6C26AD
:10050000EAFB6C36EAFB6E46ECFB6E56E8FB69B71D
:10051000E9FB6907E9FB6A17EAFB6A27EAFB6C3724
:10052000ECFB6C47ECFB6E57EEFB6E6700BD00BF4B
:100530002DE9F14F87B0FFF76FFFDDF81C8008F160
:10054000200888E8FF00FFBC87E87F08BDE8F08F3F
:1005500030B44FF0000310F8014B11F8015B013A81
:1005600084EA050443EA0403F5D1A3F101034FEA49
:10057000D37030BC704700BF4FF0000310F8012B60
:10058000013943EA0203F9D1A3F101034FEAD37021
:10059000704700BF30B411F8014B12F8015B6C409A
:1005A00000F8014B013BF6D130BC70472DE9F00754
:1005B00091E8F807B2E802105B1854EB0C04B2E8BB
:1005C00002104D4156EB0C06B2E802104F4158EBB9
:1005D0000C08B2E8021059EB01095AEB0C0A8941E8
:1005E000B3F1FF3374F1FF3475F1FF3576F1000696
:1005F00077F1000778F1000879F101097AF1FF3A03
:1006000051F100015B184C414D4156F1000657F184
:10061000000758F1000859EBD1795AEB010A80E83C
:10062000F807BDE8F00770472DE9F00791E8F807F3
:10063000B2E802105B1A74EB0C04B2E802108D41B0
:1006400076EB0C06B2E802108F4178EB0C08B2E8AA
:10065000021079EB01097AEB0C0A89415B184C41D5
:100660004D4156F1000657F1000758F1000859EBCB
:10067000D1795AEB010A80E8F807BDE8F007704726
:1006800018EB040859EB05095AEB060A5BEB070B5C
:100690005FF0000C4CF1000C18EB050859EB060953
:1006A0005AEB070A5BEB070B50EB0C005FF0000CFA
:1006B00051EB0C0152EB0C0263414CF1000CB8EB16
:1006C000070879F100097AF1000A7BEB040BA841D5
:1006D000B141A241B3416CF1000CBBEB050BB04141
:1006E000B941AA41BB416CF1000C4CF001068CF001
:1006F000020718EB060859EB6C095AEB6C0A7BEB06
:100700006C0B70EB6C0471EB6C0572EB670653EBD2
:100710006C076CEB6C0C18EB0C0059EB0C015AEBF2
:100720000C025BF1000354F1000455F1000556EB97
:10073000DC7657EB0C0770472DE9F14F87B0FFF7D8
:10074000AFFDDDF81080DDF81490DDF818A0FFF79C
:1007500097FFBDE8000FFFF793FF03B05DF8048B30
:1007600088E8FF00BDE8F08F2DE9F14F87B0FFF773
:1007700053FEDDF81080DDF81490DDF818A0FFF7C7
:100780007FFFBDE8000FFFF77BFF03B05DF8048B30
:1007900088E8FF00BDE8F08F1FB5002303930193A5
:1007A000094B0293094B1B78002B14BF0223012332
:1007B0008DF80B3001A9FF2301208DF80C3000F0DB
:1007C000A7FB05B05DF804FB20010800800D0020A8
:1007D0001FB50A4B01934FF40E73ADF80830082390
:1007E0008DF80A3001A903788DF80B3000208DF8C0
:1007F0000C0000F08DFB05B05DF804FB07E4000081
:100800001FB572B6184B5D68E5B9BFF34F8F174936
:10081000174BCA6802F4E0621343CB60BFF34F8FFB
:1008200000BFFDE7B2FBF6F2DCB20133002AF9D1DA
:1008300004F110036B4403F80C2C0A2234B901A80C
:10084000A847E2E7024600230A26EDE7631E04AE4E
:10085000DCB256FA83F3B0FBF2F602FB160030303E
:1008600003F80C0C3046E9E7800D002000ED00E0B5
:100870000400FA0507B50C4B1A7C8DF80120DA7BD1
:100880008DF8002068469A7B5B7BADF80420ADF8BC
:10089000023003F0F9FD18B1DE210320FFF7B0FFAD
:1008A00003B05DF804FB00BF800D00202DE9F3418B
:1008B00004460D4671B91B4B93F82E3053B90121F4
:1008C00001A80193FFF7F2FF20B94FF40371032051
:1008D000FFF796FF2368144FDFF850800733002D91
:1008E00023F0070323600CBF2046002000F0ECFA41
:1008F000002657F8043B0BB1404698470136032EBB
:10090000F7D100F055FB031E09DB206818440DB138
:10091000002804DB2060012002B0BDE8F081002047
:10092000FAE700BF800D002010050020880D002090
:1009300073B5B0FA80F101900546490901A8FFF7A7
:10094000B5FF18B96FF00B0002B070BD304CA17B41
:10095000607B237CE27B033103300BF0D2FB011E72
:10096000F0DB0198237A627A0330134420F003000D
:10097000002D019003FB01F108BF002000F05AFC9C
:10098000019B0DB9C342DDD4224E18447368019017
:10099000ABB1617C99B1073020F00700002D0190C8
:1009A0004FF0250308BF0020282202F0DBF9031EC8
:1009B000C8DB019818440DB90028C3DB0190217DE4
:1009C000A9B173689BB1637C8BB10198073020F0AB
:1009D0000700002D019008BF002005F011F8031E4C
:1009E000B0DB019818440DB90028ABDB0190236BF4
:1009F0005BB1019B05B12363283301930DB1002046
:100A0000A2E7002B9EDB01989EE7002DF7D1FAE7C5
:100A1000800D00201005002038B5044698B30AF078
:100A20007FF810B94FF0FF3038BD0DF0F9FDB0F58B
:100A3000FA7FF7D8164D17486C6000F0C7F9164BCF
:100A40000024C3E900449C602622214605F10800E9
:100A500085F82E402C702C630AF038FC01232B7291
:100A60001B236B7340F21B33EB8140F202332B826A
:100A700008232B75EFF3108572B600F04BFC2DB9EF
:100A800062B62846D0E76FF01500CDE72046CBE7E9
:100A9000800D0020750800001005002010B500280A
:100AA0003FD1234C94F82E30032B37D061B1002A6C
:100AB0003AD00139062934D8DFE801F00433153380
:100AC00023332B00137823720020FFF731FF002817
:100AD000B7BF0123022384F82E306FF00B00A8BFAC
:100AE00084F82E3010BD9378F3B1D378E3B1137846
:100AF0001A2B19D953781A2B16D91368C4F80D304C
:100B0000E2E713780B4A52680AB1012B0CD96374DF
:100B1000DAE71388FF2B07D82375D5E74FF0FF30AE
:100B2000E0E76FF02C00DDE76FF01500DAE700BFBB
:100B3000800D002010050020F8B50D46074660B373
:100B400059B311F0070428D1154E96F82E30012B19
:100B500002D16FF00B00F8BD032B02D14FF0FF3034
:100B6000F9E700F089F80028F8D02846FFF7E0FE02
:100B70000028EEDB38460AF047F986F834000DF01D
:100B800099FC96F83400316B03F012FDFFF772FE0A
:100B9000032386F82E302046DDE76FF01500DAE7F4
:100BA000800D002010B5084C94F82E30032B05D191
:100BB00003F01AFD94F834000AF042F90BF0F7FA4A
:100BC000002084F82E0010BD800D002050B1074B8E
:100BD00003F1140253F8041B40F8041B9342F9D1AB
:100BE000002070476FF01500704700BFD6FB010072
:100BF00010B5084B93F82E4044B903F0BDFC064BEA
:100C0000064A5A60064A1A60204610BD4FF0FF306F
:100C1000FBE700BF800D00201005002099070000B1
:100C2000D107000010B5054B93F82E401CB90CF00D
:100C30000FFC204610BD4FF0FF30FBE7800D002079
:100C400010B5054B93F82E401CB90CF004FC20465F
:100C500010BD4FF0FF30FBE7800D0020024B026813
:100C60001A600020704700BFB80D0020014B1B68C0
:100C7000184700BFB80D0020024B1868003818BF95
:100C800001207047B80D00202DE9F8431C4E0446A2
:100C900000F104081A48C6F8008004F0A1FA0228FE
:100CA000054606D1164920460AF0EBFC2846BDE869
:100CB000F88304281CD1314620460AF047FDB0F5E0
:100CC000817F03D372210820FFF79AFD0028E1D02D
:100CD000277894F80290384600F028F80028D9D0F8
:100CE0003E2FE3D1484600F061F80028DED1D1E77D
:100CF0000828DBD1024920460AF0F2FCD6E700BF03
:100D0000BC0D0020074B4FF0FF3141F6FF72C3E9E5
:100D1000001205490022C1E900221F21C3E9021285
:100D2000704700BFC0040020C00E00203F280CD830
:100D300001380B4BC0F3421200F01F0053F8223071
:100D400023FA00F000F001007047FF2806D0403879
:100D5000C0F34212034B00F01F00EFE70120704781
:100D6000C0040020C00E00200146074B00684968FF
:100D70001A4603C240F48C221A6041F0107242F409
:100D8000FF625A60704700BFC00400200246024B59
:100D90000068516803C37047C00E00200246024B32
:100DA0000068516803C37047C80400200138064B2F
:100DB000C0F3421203EB820300F01F009B6823FA8A
:100DC00000F000F001007047C0040020014B1860E3
:100DD000704700BFC80E002010B5FFF793FF0CF05E
:100DE000BBF8034B1B68044603B19847204610BD6F
:100DF000C80E00200B880288F0B5C3F30E049EB223
:100E000004F11403C57CC35A02352A442B4497B21B
:100E100013FA82F3013B4288B3FBF7F313FB07435A
:100E20009BB29A42044A93BF22EA0603324013431C
:100E30009BB20B80F0BD00BF0080FFFF4A1E062A58
:100E400008B50346084604D84FF4D1711520FFF7C2
:100E5000D7FC094A914202D940F2A311F6E711B931
:100E600003B1196008BD2BB11B680022C3E9012141
:100E70001A1D1A600430F5E7FAFFFF7F10B5114B19
:100E800000EB41041A786389B3FBF2F303FB0223FE
:100E9000013A1A44B2F5706F027928BF00231A4450
:100EA0008378B2FBF3F0194403FB1020091AB1FB5D
:100EB000F3F003FB101313446FEA43436FEA534309
:100EC000638110BDCC0E002010B5104BC8B15A780C
:100ED000022A04D040F22B111720FFF791FC0322C5
:100EE0005A70026812F0070102D04FF49871F3E7CC
:100EF0005C685A6022440260C3E903119A60596138
:100F000010BD0122C3E901005A70F9E7CC0E0020A0
:100F10002DE9F041254E96F801E00EF0FD0CBCF1F4
:100F2000010F04D040F245111720FFF769FC91F83A
:100F30000680B8F1080F02D940F24711F4E7CF79E3
:100F40008FB34546022D726838BF02257B1D5C00B9
:100F500002EB43036A1E13446D422B408D884544C7
:100F6000013DC8F100022A40B2F5803F02D34FF4A0
:100F7000A971D9E7BEF1030F12D106EB80001C1B4B
:100F8000C56815B140F25711CEE7C460A770228042
:100F900084F803C0087A09682071080CE080218178
:100FA00007FB02337360BDE8F08100BFCC0E002068
:100FB0002DE9F047364C6378012B65D0032B04D024
:100FC00040F267111720FFF71BFCD4E901329A4267
:100FD00002D04FF4B571F5E72546002305F80C3B28
:100FE0001E460222994655F82200013A58B190F85F
:100FF00004808178B8F1FF0F2FD180F804908E42E1
:101000003CBFCEB20123511CEDD103B126700226A4
:1010100040F6FF6955F826709FBB013EFAD20423C3
:1010200063700020BDE8F08755F82CE0BEF1000F9A
:1010300006D09EF804A0C24504BF9EF802E07744A3
:101040000CF1FF3CBCF1000FEEDA3944FF2907D95F
:1010500003B126704FF48371B4E794460027F1E79B
:101060000771CCE707EB41033846A3F80A90FFF776
:1010700005FF08F10108BB785FFA88F18B42F1D8CF
:10108000CBE74FF00008F6E7022360686370C9E71A
:10109000CC0E0020F8B54FF6FF730380184B03EB1E
:1010A00081030546D868B8B186780379B3FBF6F2B8
:1010B00006FB1233DBB219460A1D00EB4202B2F9FD
:1010C00002705488002F09DB0131B1FBF6F206FBF8
:1010D0001211C9B28B42EFD10020F8BDFF29FBD01D
:1010E000C4F30E03C4782B8024B94FF4D9711720B0
:1010F000FFF786FB5380BDE8F8400AF0E1BF00BF70
:10110000CC0E00201D4B03EB810370B5DC68054657
:1011100044B3030404D54FF4E0711720FFF770FBCC
:10112000014620460AF0AEFFFF28014604D02046C3
:10113000BDE870400AF0C4BFA078B5FBF0F300FB37
:101140001353DBB219460A1D04EB4206B6F90260DE
:10115000002E09DB0131B1FBF0F200FB1211C9B224
:101160008B42F0D1002070BDFF29FBD08B4204EBF5
:1011700042021CBF0023E3705580D8E7CC0E00204C
:10118000094B03EB810310B5DC68014620460AF0E9
:1011900079FFFF28014604D02046BDE810400AF040
:1011A0008FBF002010BD00BFCC0E0020F8B5104B43
:1011B00003EB81030746DC68014620460AF062FF24
:1011C000FF28054611D0E688238953EA064606D053
:1011D000014620460AF074FF01463846B0472046D3
:1011E0002946FFF74BFE0020F8BD0520FCE700BFB5
:1011F000CC0E002038B50E4B827903EB82030446F7
:10120000D86808B9052038BD8278E1799142F9D2D1
:101210004B1CE37100EB41035D89B3F90A30002BED
:10122000F3DBA5800AF04CFF20600020EBE700BF55
:10123000CC0E002070B5044610F003000E4603D01B
:101240004F211820FFF7DCFAFFF7F8FD054624B11F
:10125000034831460460FFF7F1FD284670BD00BF2A
:10126000E40E00202DE9F14FDFF870B09DF828A0C2
:101270009DF82C901E46DBF8003007460D46904640
:101280001BB961211820FFF7BBFA524609214046DD
:101290000AF07EFD4A4684B2092130460AF078FD04
:1012A00014FA80F1DBF800000AF0C1FE386018B9CA
:1012B000286001B0BDE8F08F04442C6038685346C4
:1012C000414609220AF01DFD28684B460922314695
:1012D00001B0BDE8F04F0AF014BD00BFE40E0020DD
:1012E00070B50E4604460AF066FD054630460AF023
:1012F00062FD044B2A1821461868BDE870400AF0C8
:10130000BABE00BFE40E0020014B18680AF083BE8D
:10131000E40E0020134B012200214FF0FF309A60B1
:10132000C3F80012C3F80803C3F80015C3F8042576
:101330009A60C3F80803C3F80015C3F804250A49E6
:101340000A4A03F580334FF40040C3F80825C1F87A
:101350008000BFF34F8FBFF36F8FC1F88001C3F8D8
:101360000825704700F0004000E100E00000F63F73
:101370000A461E2302F8033B0448C368C1F8033041
:101380000369536043699360704700BFE80E002013
:10139000024B5A8C02435A845B6A1847E80E0020BD
:1013A000014B00215B6A1847E80E002010B5154C70
:1013B00006F044F805F0F2FB208DFFF7F1FF237EE5
:1013C00063B12246104952F80C3BE36063685360F6
:1013D00004F11900A36893600CF080FC0B4B228D84
:1013E00093E8030004F096FB236B188804F0BCFA22
:1013F000A36B94F8341094F835009847002384F8D0
:101400003C3010BDE80E002071130000140F0020C6
:10141000034B93F83C300BB1FFF7C8BF704700BFD8
:10142000E80E002008B5094B93F83C20022A04D0AE
:1014300040F253212720FFF7E3F9DA7A42F0010264
:10144000DA72BDE80840FFF7B1BF00BFE80E002028
:1014500010B50E4C226C137803F00303032B04D158
:10146000D378022B01D1002010BD606C0AF036FD4C
:101470000028F9D1236C1B7803F00303032BF2D06F
:1014800003F0D4F980F00100C0B2EDE7E80E0020CF
:1014900037B55E4C256B95F8942000238DF8053008
:1014A00094F848300AB10433DBB295F8681028B9D3
:1014B000FF2B03D195F869308B4202D0FF2005F055
:1014C000E7FD95F88A30032B00F29780DFE803F000
:1014D00002337A8D94F84930ADF806304C48A5F8BF
:1014E000583003F07DF950B1216C4FF48070FFF754
:1014F0004FFF012385F8853084F84A301DE0606C89
:101500000DF105020DF106010AF07DFC206490B199
:1015100095F8D1307BB99DF805302BB903808370E5
:10152000206C01210CF047FBBDF80610206C0CF07C
:10153000A5FB0123E0E7374B236495F88B30216C42
:10154000DB0003F008020B7803F0F303134395F874
:101550008C20920002F00402134323F010030B705E
:10156000FFF776FF0028206C027814BF10230023B9
:101570001343037095F89330002B41D04378002B30
:101580003ED0206F05F0F4FF012384F89030D5E9B8
:101590003C23216C206FC4E9222305F0B5FA95F8AD
:1015A0006910012006F040F8226C1188A4F8A110FF
:1015B0009178194A012384F8A030917084F83C3066
:1015C00003B030BDB5F85830606CADF806300DF1A1
:1015D00005020DF106010AF016FC20640028A8D1CE
:1015E00040F2F3212720FFF70BF9094803F0F8F840
:1015F00000289ED140F2FD21F4E740F20B31F1E7E3
:1016000005F0B6FF05F0CAFAC9E700BFE80E0020F2
:10161000280F0020330F0020890F00202DE9F74309
:101620004C4C94F83C30256B012B06460F4604D0F9
:1016300040F2A4412720FFF7E3F895F884302BB15E
:10164000002185F884100420FFF7A2FE216C0B789E
:1016500003F00303032B05D195F88A3013B9022058
:10166000FFF796FE226C137803F00303032B03D0DD
:101670005378002B5DD1012385F88A3095F894309A
:10168000B3B1D5E93E01236B94F84890C4E9220137
:101690004FF0000893F8690084F890800AF089FD03
:1016A0002D49CDF8008003464A46012005F0E6F9B1
:1016B000002E40D1002F3ED0D4F8A43030469847B9
:1016C000002838D094F83430ABBB256BD4F8AC305C
:1016D000C4F8A83095F8943094F8480083BBFF28EC
:1016E00095F8691003D195F868308B4201D005F068
:1016F000CFFC95F8943033B3206F05F039FF002309
:1017000084F89030D5E93E23216FD4F8A800C4E9CD
:10171000222305F0F9F9002005F03CFF95F8681048
:10172000002005F081FF022384F83C3003B0BDE8BF
:10173000F0830223A0E703B0BDE8F043FFF736BE15
:101740000430C0B2CBE7D4F8A80005F011FF05F0D3
:1017500025FAE0E7E80E0020600F002010B5064BE8
:1017600093F83C2002F0FF0422B91C7604F0CAF979
:10177000204610BD0C24FBE7E80E00200B4B0C4A62
:1017800070B506460D461A60FFF7E8FF18B1E12173
:101790002720FFF735F8074C012104F14B000CF02E
:1017A0000AFAC4F8AC60256770BD00BF1C050020B4
:1017B000B41D0000E80E0020024B012283F8B02087
:1017C000704700BFE80E0020F0B5754D85B002AC43
:1017D00084E8030095F83C100A9F01F0FF0611B958
:1017E0000AB103B127B940F26F112720FFF708F8BB
:1017F00094E8030005F12C0C8CE803002C6B6A6262
:10180000C5F8A430AF6385F8B06085F8346085F81A
:10181000B16085F8356085F8A06085F84A606E840F
:101820002E8505F061FC05F0B9F994F96C0005F01E
:10183000F9FC606A05F08EFEE06905F0F9FC94F8A9
:10184000A40005F01BFD94F86820564B33F81210E5
:1018500030464FF47A7301F5FA71B1FBF3F16E3152
:1018600005F064FD504B186805F07AFE23696B643F
:101870006369C5F8B43094F8773073B9226F62B1F8
:10188000B4F8BE10B4F888308B4206D1B4F87410A6
:101890000B44A4F8BE3001231360444E04F580735A
:1018A00004F5887718685968324603C20833BB428A
:1018B0001646F7D1D4F810313D4AC5F89130D4F826
:1018C000143153602B6B93F88E2093F86860253A9F
:1018D000012A03D993F88F20252A5CD193F8F2319D
:1018E0002BB1012E03D0012B0CBF0126022604F1DF
:1018F0003007314638460CF02EFA31460CF006F827
:10190000A38F94F86910834228BF0346384685F8B0
:1019100049300CF010FA94F8691094F89470B4F807
:101920004460042908BF03210BF0F0FF0FB9043015
:1019300080B2B04228BF304694F89330C0B285F8E8
:10194000B80085F848008BB1012385F89030D4E9C0
:101950003C2394F86800C5E922230AF02AFC0346D8
:10196000002012490090FB2205F088F80120FFF7C3
:101970008FFD00232B606B60AB60B4F888306B8008
:1019800023882B8094F8A4302B71A36F0BB1012214
:101990001A6005B0F0BD032E08BF0426A7E700BFFC
:1019A000E80E0020F4EC01001C050020600F002070
:1019B000790F002008B5094B93F83C201AB9BDE80F
:1019C0000840FFF7F3BC93F83C30012B04D040F201
:1019D00031212720FEF714FF08BD00BFE80E0020CC
:1019E000014B1876704700BFE80E00202DE9F34147
:1019F0001F4D82072C6B06460F4624D5D5F8BC3008
:101A000023B940F295412720FEF7FAFEB5F8C02031
:101A1000D5F8A8101846033291F8018009F0DEFBD2
:101A20000DF1020201A9C5F8A800D5F8B4000AF02A
:101A3000E8FA01980AF0CFFA012238604146D5F859
:101A4000B4000AF095FAF3070ED5D4E93E3201331B
:101A500042F10002C4E93E3294F88C30012B0CBFF5
:101A60000023012384F88C3002B0BDE8F08100BF70
:101A7000E80E00202DE9FF47AF4C0023CDE90233EB
:101A800094F83C30D4F830A0022B0746884604D0A6
:101A90004FF4A3612720FEF7B3FE238D580606D42A
:101AA0004020FFF77DFC238D43F0400323859AF807
:101AB0009430002F00F03081BBB105F09DF805F0A7
:101AC00081F890B9D4F8A8305A7872B11B789AF896
:101AD0008C20C3F3C0039A4207D1012384F8353028
:101AE000FFF764FC04B0BDE8F087D4F8A83059785B
:101AF000A4F8C01009B3D4F8B4000AF010FAC4F87E
:101B0000BC00238D9AF88B2043F400732385D4F80E
:101B1000A8301B78C3F380039A4200F0BC80256B89
:101B200095F88A30A3B3022B11D1606C02A90AF098
:101B30008DF928B940F20E41ACE7C4F8BC10E0E7DB
:101B4000D5E93C32013342F10002C5E93C3295F857
:101B50008530002685F88A6093B185F8856002F0AB
:101B60004FFE10B940F2254194E731460820FFF7B7
:101B70000FFCD5E93C32013342F10002C5E93C32A9
:101B800095F88B30012B0CBF0023012385F88B3097
:101B9000238D43F4006323854FF00009D4F8A81087
:101BA0009AF88C200D78C5F3C0039A4240F0A680C5
:101BB00005F00305032D266B6FD0002D78D196F824
:101BC0008C30013B18BF012386F88C30D4F8A83044
:101BD0005B7833B1D6E93E32013342F10002C6E907
:101BE0003E329AF893308BB1012384F89030DAE9D1
:101BF0003C239AF86800C4E922230AF0DAFA034683
:101C000000204E490090FB2204F038FFB8F1000F8D
:101C100000F0988005F028FD4FF001081DB103A9E0
:101C20000220FFF7E3FEB9F1000F04D0B4F8093049
:101C30000133A4F80930002F00F0B680B4F8053065
:101C40000133A4F80530002384F8B1303C4803F098
:101C500079FE029830B10AF0BEF9216B00220272BF
:101C600003F0FCFA039B33B1216B00221A720C22A1
:101C7000039803F0D3FAB8F1000F7FF431AF238D4E
:101C80001B063FF52FAF8020FFF78AFB238D43F023
:101C90008003238526E7B94680E7238D012043F49E
:101CA000805386F8840023850025FFF771FB86E7C3
:101CB0004D78002D83D0238D96F8945043F48053B3
:101CC000238505F09BF9042894F8B83006D1002D3F
:101CD00014BF1B221F22934228BF1346D4F8A8200A
:101CE00052789A420CD8D4F8BC50002D3FF479AF0A
:101CF00094F8B03073B12020FFF752FB002570E755
:101D000094F83430012043F0100384F8343006F0A6
:101D10002BFBF3E73D4652E70BB104F0A3FF94F829
:101D2000B130013384F8B130238D002543F4806352
:101D30002385A94655E700BFE80E0020600F00206C
:101D4000140F002094F8B130012B3FF663AFD4F8A4
:101D5000A4300120984700283FF45CAF94F8343059
:101D6000002B7FF457AF94F8A130D906C3F30012CB
:101D700002D5FFF76DFB0246D4F8AC30D4F8BC10A6
:101D80001B78C3F3001329B9B4F8C01013B1B1FA2A
:101D900081F35B09608C00287FF43CAF13433FF470
:101DA00039AFFFF775FB39E7B4F807300133A4F812
:101DB00007304BE725140000751A00001D160000BF
:101DC00011140000024B1B68002283F8702070473A
:101DD000AC0F002008B502F0DDFF014B187008BD04
:101DE000D004002008B5FFF7F5FF044B18680AF08F
:101DF00046FA05F023FB032008BD00BFAC0F00200E
:101E000010B5064C20680AF03AFA2068012380F8E1
:101E10007030BDE810400AF0F0BE00BFAC0F0020EB
:101E200070B52E4C23680646986F00F0E9FF054612
:101E300020B941F28B313220FEF7E2FC236893F89F
:101E4000543013B941F29131F5E77EB10BF08DFEBC
:101E500038B1236893F87020022A0FD841F211316B
:101E6000E9E728460BF099FE0028F2D1236893F8A1
:101E70007020022A19D841F27131DCE793F8702002
:101E8000082A02D941F21231D5E793F8703062681E
:101E900003F180431269033B284652F823309847E8
:101EA0000C2814D941F2A431C5E793F87020082A10
:101EB00002D941F27231BEE793F87030626803F1E3
:101EC00080435269033B52F823309847E8E7636840
:101ED000DB68BDE8704053F820301847AC0F002095
:101EE00008B5074B93F900207F2A04D140F25A31FC
:101EF0003220FEF785FC02707F221A7008BD00BFF9
:101F0000D004002010B504788EB004F00F042246EF
:101F100004A90AF0E9FB05F091FAFFF75BFF042C36
:101F200036D11D4A059B1468197894F88A2091428D
:101F30002ED1597894F88B20914229D1997894F830
:101F40008C20914224D1D97894F88D2091421FD1D0
:101F5000197994F88E2091421AD15A7994F88F30D9
:101F60009A4215D19DF8212094F890309A420FD1D1
:101F70000DF10F00FFF7B4FF9DF90F1094F8A0309A
:101F800094F87D20009104F1780004A90AF09DFBEB
:101F900003200EB010BD00BFAC0F002010B50F4ADB
:101FA000136893F87010022904D841F2914132204D
:101FB000FEF726FC93F87010082902D941F29241ED
:101FC000F5E793F87030526803F180439268033B61
:101FD000BDE8104052F82330184700BFAC0F002076
:101FE00010B500B919B9BDE81040FFF709BF0F4A95
:101FF000136893F87010082904D841F26141322027
:10200000FEF7FEFB93F870100C2902D941F26241F1
:10201000F5E793F87030526803F180435268093B4A
:10202000BDE8104052F82330184700BFAC0F002025
:1020300070B53B4C002000F0F9FE256800F0B2FEC0
:102040002368A867986F20B940F204413220FEF758
:10205000D7FB00F0D5FE054610B940F20641F5E782
:10206000236893F8A1306BB123681A6D93F8A2101E
:10207000C3F8142193F854200A4383F85420002213
:1020800083F8A120206890F870305BB190F8703030
:10209000012B07D000210AF075FD18B9BDE870408A
:1020A000FFF7AEBE23681F4A93F87E30D05C05F080
:1020B000E5F80121252004F0EBFF284605F058FA49
:1020C0000121084605F0E0F8E81C266802F03EFD14
:1020D000236886F8800093F8803023B104F05CFC1C
:1020E000402005F07BFA236893F8543013F0060F74
:1020F00003D00121002005F097FA236840F608027A
:10210000A3F87C20002283F88120A3F8822083F8A2
:10211000842083F8A020032283F8702070BD00BFC4
:10212000AC0F0020FAEC010070B5394C236893F82D
:102130007030012B054604D940F6AC013220FEF781
:102140005FFB04F0D1FF05F055FA04F03FFC314885
:1021500005F006FA304805F0FDF9304805F068F85A
:102160006B7A43B1206860300BF034FB23689B6EC0
:102170000BB101221A602B7A032B02D140F6DD014C
:10218000DCE72068B3B9032190F87E2090F84A502C
:102190000E460132B2FBF6F303EB4303D31ADAB275
:1021A00045FA03F3DB0703D4013911F0FF01F0D145
:1021B00080F87E2090F9580005F034F8FFF738FFDA
:1021C000256895F8483013B3D5E926126FF000431F
:1021D0009A4208BFB1F1FF3F19D00CF041FAD5E99E
:1021E0002623904271EB030311D3012002F0C0FCBF
:1021F00068B1256802F08CFC04460CF031FA084BFB
:10220000A4FB03341B1844EB0104C5E9263470BD5C
:10221000AC0F00208C05002055555500D6BE898E88
:1022200040420F0038B5104C002000F0FFFD25683B
:1022300000F0B8FD2368A867986F20B940F2B64156
:102240003220FEF7DDFA00F0DBFD10B94FF49761A4
:10225000F6E705F08DF9002005F09CF923680422CB
:1022600083F8702038BD00BFAC0F00202DE9F0418D
:10227000564D0646A8682F680023037043708846B1
:1022800005F076F9032E3CD1AA68137823F00F03EA
:1022900043F0030313700C23537007F18A01A868FD
:1022A0000BF045FC97F89010A8680BF054FC2B68D5
:1022B00093F8482093F8417003F142047AB193F8FF
:1022C0005420520771D593F84C20002A6DD093F812
:1022D0007F0002F0BBFC00281CBF04460127A86851
:1022E00021460BF016FCA86839460BF027FC384B4A
:1022F000D3F80431002B5BD040F2F9513220FEF7C5
:102300007FFA052EC9D1AC682868237823F02F0303
:1023100043EA4811222241F0050121706270036DE9
:10232000DB69C4F80F30036D5A6AE274110A120CAB
:10233000217562759A69998D40F2E24CB1FBFCF10E
:10234000A175996AB2FBFCF2B1FBFCF16276E17512
:10235000C2F30722C1F307212176A2761A8CE27616
:10236000120A22775A8C6277120AA277D3F8972042
:10237000C4F81F2093F89B3084F82330036D93F842
:10238000A23094F8242003F01F0322F01F0213430D
:1023900084F8243002F070F994F8243003F01F031D
:1023A00043EA401384F8243077E793F87C0090E701
:1023B000052E08D12B6821681A6DC2F80A10A18871
:1023C000D1811B6D5F72BDE8F08100BFAC0F0020B2
:1023D0000010004010B50B4C00210320FFF746FF12
:1023E000206803210AF0CEFB18B9BDE81040FFF7C2
:1023F00007BD0121084605F017F92368092283F873
:10240000702010BDAC0F002038B5174D2B68986FA9
:1024100000F0F6FC044620B940F222513220FEF7CB
:10242000EFF928680A2380F87030002100F010FFCF
:102430002B681A6D237892F8964004EA531404F03E
:10244000010421460520FFF711FF286804210AF046
:1024500099FB18B9BDE83840FFF7D2BC2B681B6D5B
:1024600083F8964038BD00BFAC0F002008B5FFF7D9
:10247000B1FC054B186809F002FF04F0DFFFBDE86E
:102480000840FFF7D5BD00BFAC0F00202DE9F04F8D
:10249000044695B0FFF79EFC267806F00F0620460E
:1024A00032460AA90AF020F90B9DB04C8DB39DF875
:1024B0003920012A5BD16B7903F0C003A3F1400CF2
:1024C000DCF1000343EB0C03256895F8802062B132
:1024D0005BB10BF0BEF9236885F87C0093F87C2093
:1024E00083F87D20012283F88120236893F87C0003
:1024F00008283ED10B999DF839000BF0D2FE2268D6
:102500000B9905467C329DF8390002F0E5FA002867
:1025100041D0216891F8543013F0030207D0062E01
:1025200091F84B2048D8002A0CBF2A46012202F01D
:10253000010213F0040381F8832007D0062E91F8DE
:102540004C303BD8002B0CBF2B46012303F001037A
:1025500081F884300B9B1BB39DF8392081F89020C3
:102560001A68C1F88A209B88A1F88E3018E00023F1
:10257000AAE708AA0DF11F0102F0D0FA20B940F62F
:1025800064313220FEF73CF99DF81F0008A90BF0DA
:1025900088FE0546BDE7236883F8830083F884003E
:1025A000062E00F2DE80DFE816F06E0000010B0060
:1025B000DC00DC00DC002A000022B8E70023C5E7CD
:1025C00004F03CFF256895F854309F0701D103259E
:1025D00037E095F88330002BF9D008A8FFF780FC8E
:1025E0009DF92030029395F87D300193FF230093ED
:1025F000022205F142030AA905F1780040E02568AE
:1026000095F88330002B00F0AC8095F854309E078D
:102610001ED508A8FFF764FC9DF92030029395F8B9
:102620007D300193FF230093062205F1420305F15B
:1026300078000AA90AF039F82368002283F8A0205C
:102640000925206809F01BFE284615B0BDE8F08F6B
:10265000D80740F18680590701D504F0EFFE08A89D
:10266000FFF73EFC20689DF92030029390F87D3002
:102670000193FF230093062200F142030AA9783058
:102680000AF013F8A3E7236893F8542052073CD5C7
:1026900093F88420002A38D00B9A93F85A101078B7
:1026A000884261D1507893F85B1088425CD1907871
:1026B00093F85C10884257D1D07893F85D10884227
:1026C00052D1107993F85E1088424DD1517993F828
:1026D0005F20914248D19DF8392093F85910A2EB20
:1026E000010CDCF1000242EB0C0293F856100129B8
:1026F00059D0002A57D193F87F20082A03D093F8A5
:102700007C3093424FD004F099FE256895F88330D1
:10271000002B46D095F854309F0729D508A8FFF71D
:10272000DFFB9DF92030029395F87D300193FF2364
:102730000093002205F1420305F178000AA909F08F
:10274000B4FF2368012283F8A0200925236893F8A9
:102750008420002A7FF475AF93F88330002B7FF438
:1027600070AF04F06BFE32E70022BEE7AC0F002032
:10277000DE0716D55D0701D504F060FE08A8FFF757
:10278000AFFB20689DF92030029390F87D300193D3
:10279000FF230093002200F142030AA9783009F0D8
:1027A00084FF0325D2E70A25D0E722689DF83A1076
:1027B00092F88330059392F8483092F884B001295A
:1027C00083F0010A40F0AC800C994F7907F0C00704
:1027D000A7F140004742474192F85410490740F1A1
:1027E000A18092F84C10002900F09C8092F87F5054
:1027F000082D00F09A80284602F04CF9002818BFF6
:102800008246002F00F093800C99284602F0E4F9EC
:102810000646216891F84100002E00F08A8040F0C1
:10282000020991F85420530752D50B9A91F85A5047
:1028300092F800C0AC457ED192F801C091F85B508F
:10284000AC4578D192F802C091F85C50AC4572D199
:1028500092F803C091F85D50AC456CD192F804C079
:1028600091F85E50AC4566D1557991F85F2095425C
:1028700061D19DF8395091F85920A5EB020CDCF19B
:10288000000545EB0C0591F87C20082A55D091F8FD
:102890007F80A8EB0202D2F1000848EB0208002E6C
:1028A0004ED1BAF1000F4DD00C9B9DF83A20423129
:1028B0000AF09AFFBBF1000F08D0236893F8563056
:1028C000012B59D013B955EA080355D104F0B6FDD0
:1028D000236893F854309B073FF479AE04F0AEFDC3
:1028E000059B002B3FF473AE20680C9B9DF83A20AB
:1028F00000F1420190F841000AF076FF08B925681E
:1029000016B308A8FFF7ECFA20689DF9203002936F
:1029100090F87D300122CDE9009300F14203ADE64D
:10292000002759E792F87C5062E7002671E73E469F
:102930006FE7814675E70025A5E74FF00008AEE791
:102940000120B7E73046B5E795F85530023B012B3B
:102950003FF63DAE002F3FF43AAE08A8FFF7C0FAAD
:102960009DF92030029395F87D300193FE2300936A
:10297000012205F142033EE60028A7D00A2560E6C1
:1029800013B54A4C206809F07AFC236800225A7279
:102990001A6D1188598140F2E2409169B1FBF0F162
:1029A0001984118C528C9A844FF47F42DA844FF64A
:1029B000FF7259841A856946A0680BF0B1F8216846
:1029C00091F8483001F11402EBB1A3681B785B0663
:1029D00019D59DF8053003F0C003402B13D10098A2
:1029E000BDF804304861938091F87D00082801F11A
:1029F0000E0247D00D3102F091F838B941F2DA31C8
:102A00003220FDF7FDFE00234B61ECE723685A7B83
:102A100042F002025A73D3F88A20C3F81A20B3F89E
:102A20008E20DA83236893F95810186D02F096F916
:102A300020681F490BF049F920681E49036D1A8868
:102A4000A0F8332093F8963080F835302A300BF018
:102A500045F9206890F8543013F003041DBF23F0AB
:102A6000040380F854300321022118BF012400F030
:102A7000EFFB002000F0DAF99CB102B0BDE8104095
:102A8000FFF7D6BA91F890304B73D1F88A30C1F87D
:102A90000E30B1F88E3093800023C1F81A30CB830A
:102AA000C0E702B0BDE81040FFF78CB9AC0F0020C2
:102AB000FBC10000D3C10000036D10B5044623B96B
:102AC00040F229313220FDF79BFE022242721B8820
:102AD0004381FF2380F827304FF6FF7303850349B6
:102AE0000BF0F3F80023236510BD00BFFBC100000D
:102AF000F8B5184F0E46B86001210020FEF702FB22
:102B0000054620B940F649013220FDF779FE4FF421
:102B10009072002108F0DAFB01210846FEF7F2FA74
:102B2000044620B14FF49072002108F0CFFB7B687F
:102B300013B940F65301E7E7304609F0CAFB2846CF
:102B400009F0E1FF24B12046BDE8F84009F0DBBF01
:102B5000F8BD00BFAC0F0020014B024A5A6070471D
:102B6000AC0F002074050020026810B522B940F6B1
:102B70001D113220FDF744FE034B1A605B68BDE86F
:102B800010401B68184700BFAC0F002038B590F804
:102B90004030054613F0FD0F14BF0120002085F8DA
:102BA000410005F1420101F067FE95F84030023B1B
:102BB000DBB2012B94BF0123002385F8483015D8E0
:102BC00001F0A6FF04460BF04BFD094BA4FB0334B8
:102BD0001B1844EB0104C5E92634002001F0C8FFAE
:102BE00020B940F6B6113220FDF70AFE38BD00BF0D
:102BF00040420F00014936300BF067B8E9C10000D0
:102C000010B5074C0146206809F0C8FAEFF31082AE
:102C100072B623790133DBB2237102B962B610BDFB
:102C2000B80F00202DE9F0474C4D04689DF8208036
:102C30009DF824901F462B790E4600219246016094
:102C400073B92868A4F1080109F0A8FA2B790133B7
:102C5000DBB22B71AB68002B7CD14FF4D1714AE011
:102C60001A2204F1090008F031FB0123A372BAF122
:102C7000060F3ED8DFE80AF00421273D313D2B0046
:102C8000E37A23F0130343F01303E3729DF9283032
:102C9000237601232375FF23A375B9F1080F4FF0A5
:102CA0007F03E37504F10E0248D004F10D0148469C
:102CB00001F034FF10BBBC211DE0E37A23F01503C3
:102CC00043F01503E1E7E37A43F01003DDE7E37A2D
:102CD00023F0120343F01203D7E79DF82C30E27A79
:102CE00043F01A0322F01B0203F01B031A43E272A3
:102CF000CCE74FF475713320FDF782FD637B43F021
:102D000002036373E37A5B0721D5A8F10202012A6B
:102D10008BBFB2683A681168E26188BFE16104F173
:102D20001C0394BFBA8892889A8084F81B80002381
:102D300023720B4920460AF0CBFF8BE7737C637349
:102D400073681968C4F80E109B889380DAE7FF2334
:102D5000E376ECE70023AB60BDE8F087B80F002016
:102D600059C50000233270B592B205460C461E4686
:102D700009F0DCF935B1044A002315601473567369
:102D80001471936070BD00BFB80F002010B5044CE3
:102D9000206809F0EDF90023A360237B237110BDA7
:102DA000B80F002070B5154DAE6826B14FF4A47170
:102DB0003320FDF725FD286809F0E0F90446A860F6
:102DC00010B940F24B11F3E72B79013BDBB22B71C9
:102DD0001A2200F108053146113008F077FA2674FE
:102DE0007F23E377FF23A377637584F82330E37CA5
:102DF000012262F34613E374284670BDB80F002029
:102E000008B5094B9B6823B940F25B113320FDF7ED
:102E1000F7FC03F10802904202D040F25D11F5E7A1
:102E200003F12B0008BD00BFB80F002010B5064C01
:102E3000A16841B1206809F0B1F923790133DBB20F
:102E400023710023A36010BDB80F00202DE9F04FBF
:102E50008FB004461F46BDF86090039107920BF0B7
:102E6000FFFBD4F8D430049020460593069109F076
:102E7000E7FC079B0546002F00F07F81002B00F048
:102E8000F1800746049B13F5FA66069B43F10008A0
:102E900000F0A4FCD4F814318246A3B3D3F8B801EF
:102EA000002100F0A5FC82458346D4F814010FD020
:102EB000594600F5D87000F067FC0023C4F80831CB
:102EC000D4F8141199B940F2EB612120FDF798FC78
:102ED00000F5D873D0F8B821C4F80831D4F8F03030
:102EE00093422CBFC4F8F030C4F8F020E8E7BBF1FF
:102EF000000F25D0DBE90032DBF808001B1842F197
:102F00000002C1E96C32514604F1E80000F03CFCDB
:102F1000DDB1D4F8F050BAF1000F19D0DAE9003180
:102F2000DAF80800C01841F10001CDE900682A462E
:102F300009F0D5FE854282460AD240F25E31C4E7EE
:102F400000220023C1E96C23DDE7D4F8D050E2E78A
:102F5000D4F8D03003F2CF701AEB06058244BAFBE6
:102F6000F3FA03FB0AFA48F10006B5EB0A0366F12F
:102F70000002C4E93A32B9F1000F6AD14FF0FF32D2
:102F80006FF00043C4E92C23012004F0AFFCD4E926
:102F90002C9BB9EB05036BEB0601012B00F52340DD
:102FA00071F100024FF47A7800F1A1004FF00002B5
:102FB000B0FBF8F000F26528C0F2D880059898427E
:102FC0008A4100DB0593DDF814A0D4F8D400079BF8
:102FD000824528BF8246C4F8DCA02BB1D4E93A234D
:102FE000C4E92E56C4E93223039BC4F8D8800021DB
:102FF000C4E930562A4659722046334609F029FC66
:10300000039B1872C3F80480002F00F0B180039A6C
:1030100001231370049BB9EB0309069B6BEB030BB5
:10302000B9F1010F7BF100034FF0000106DB6548A9
:10303000484571EB0B03ACBF49460146039BA1EB2E
:1030400008011961C24534BF002001200FB0BDE85E
:10305000F08F42F2107329463246E9FB0312C4E9AD
:103060002C1291E7002800F08B80D4E92C126FF02D
:1030700000439A4208BFB1F1FF3F73D0012004F032
:1030800035FC079B8DF82030049B13F59A72069B44
:1030900000F5234043F10003CDE90C234FF47A758A
:1030A0000223A130B0FBF5F000F2652508A80995D0
:1030B000ADF8283006F030FC074610B940F28A41DE
:1030C00003E7D4E92C320C99069E5B1A0D9962EB4A
:1030D00001025B1B62F10002002A059B049DB8BF40
:1030E0000023059350E701208DF820A004F0FEFB9B
:1030F00000F523404FF47A73A130B0FBF3F000F2F7
:1031000065200990D4E93A03D4F8D050D4F8C0101F
:103110008DF829A00A1AB2FBF5F26A43121843F19E
:1031200000032046CDE90C2309F093FB29468DF8D6
:10313000280008A80AF0B9FBDDE90C563FE0D4E905
:103140002E23204609F03BFB08FB00F818EB090092
:103150004BF10003C4E93A032A463346204609F0FE
:103160002EFB11E7049D069E07460DE705922AE710
:10317000039BC3E904561F7064E7002B7FF482AE03
:10318000D4E93A9BD4F8D080049BA3EB090519EB52
:103190000803B5FBF8F508FB05F54BF10006ED1843
:1031A0004FF0000A46F10006002FC8D0049BEB1A2E
:1031B000B3F59A7F97D218EB050546F100065746FE
:1031C000E2E600BF0040420F70B504460D4690F89D
:1031D000103103F0FF0623B140F292212120FDF7C8
:1031E0000FFB11B940F29321F8E701460C4806F0B5
:1031F0003FFB202884F8A80010D0C4F8145195F89B
:10320000D83103F0FF0113B140F29E21E6E784F8C4
:103210001811204609F017FC012070BD3046FCE76C
:1032200057C9000038B504460D460146074806F068
:103230001FFB202884F8A80005D02046294609F065
:1032400002FC012038BD0020FCE700BF57C9000088
:1032500002292DE9F34105464FD004D9032958D05E
:103260004FF4FF6120E0D0E92E6703F0CDFE40F27D
:103270003964D5F81481341947F10006241846F151
:103280000006D8F8187000F0A3FA05F1E8038342AD
:103290000DD0CDE900463A46D8E96C0109F01FFD92
:1032A000874205D240F272312120FDF7A9FA0020B1
:1032B0001A4B1A68D5F81431824297BF40F2E241A6
:1032C0009A69B0FBF1F201FB120294BF821A8018D6
:1032D0009A6241F66A029A859A6A41F66901821AEF
:1032E0008A4202D940F28671DEE7001946F10006F3
:1032F000C3E96C0602B0BDE8F08109F080FAFF2353
:1033000085F8183104F0E8F802B0BDE8F04106F0A5
:1033100067B902B0BDE8F04109F071BAC80F0020EA
:10332000F7B51E4E012333700027CDE900776846BC
:10333000FDF760FF0546C8B10023337003B0F0BD50
:1033400090F8D90107F0CCF994F8D90184F8D85154
:1033500006F0BAFA10B94FF4D7711BE0202384F8B5
:10336000D93104F5D87000F0F3F9DEE7009B002BAB
:10337000DDD093F8D821002AD9D018884FF6FF73F2
:103380009842D9D02946FDF7FBFE04460028D7D144
:1033900040F2BF113520FDF733FA00BFCC0F0020FB
:1033A00038B50C4B90F86820054690F8690033F862
:1033B000124004F09BFA04F29D7404444FF47A71B5
:1033C0002846B4FBF1F1BDE8384001F5B4710AF0CC
:1033D00006BD00BFFEEC01002DE9F843054691F85B
:1033E0008E800C4616461F461BB10121204603F075
:1033F00051FA94F8D831032B3DD8DFE803F00239B5
:10340000333926B940F223213520FDF7F9F901239C
:1034100084F8D8312046FFF7C3FF4FF00009D4E904
:103420006C3219EB030342F10002C4E96C32C5E9C6
:10343000043200232B7094F88E600B3EF3B21A2BEB
:103440009FBF3A4EDE40F64306F0010688BF0126D4
:10345000204686F001060BF002F800B176B1002399
:103460002B7211E00323D4F8E09184F8D831D6E729
:10347000D4F81890D3E740F25D21C5E794F8D8312D
:10348000012BDAB22BD12A7200236B7204F13000C7
:103490000AF04FFC6860002F46D0A8F10D08B8F183
:1034A000010F41D9494628460AF0FFF91FFA80F872
:1034B00020460AF0D4FF0746D6B9804518D32E72AD
:1034C000D4E96C3109FB00F29B1841F10001C5E918
:1034D0000431B9F1000F04D140F2A72194E702238F
:1034E000BEE7494628460AF0E0F938441FFA80F85A
:1034F0004146204603F0CEF9D5E90423C4E96C2304
:10350000236F8BB1B4F8BE10B4F888305B1A1BB2CD
:10351000002B09DDB4F874201344013BB3FBF2F334
:1035200013FB0213A4F8BE30BDE8F88305000004C5
:103530002DE9B841044618B9F4213520FDF760F9AA
:1035400007295AD8DFE801F00442423E59484F5655
:1035500090F8D8310BB9FC21EFE703F0DBF8002835
:103560004ED0DFF8A080A56998F801301BB9236B15
:103570009D4228BF1D4604F130000AF0DAFB00F13D
:103580006707022006F030FFED1B25EAE57585424E
:1035900028BF05460221284606F07AFF00B92F44CD
:1035A0004FF4B172394620460AF00DFCC8F8040009
:1035B000A06906F0CBFE08B9EE21BEE7BDE8B84130
:1035C0000AF013BFBDE8B84104F056B8BDE8B841F1
:1035D0000122002109F034BB012004F0C5FEBDE842
:1035E000B84108F0F4BD90F8D831042B08D04FF45E
:1035F0009171A2E740F227119FE740F22B119CE75F
:10360000BDE8B881CC0F0020024B0022C3E90022A4
:10361000FFF786BECC0F0020014B5870704700BFEB
:10362000CC0F002038B5044620B940F29111352066
:10363000FDF7E6F890F8D83103F0FF0513B14FF429
:10364000C971F4E790F8D931202B02D040F29311E0
:10365000EDE70146044806F00BF984F8D90120286B
:1036600014BF28460D2038BD3135000008B503F0E1
:10367000CBFC054B5A6882422ABF1878002080F0A4
:10368000010000F0010008BDCC0F002010B5044679
:10369000042936D8DFE801F0031A161E31001B4B4F
:1036A0001B7803F0FF026BB9012109F0C9FAB4F8E5
:1036B00088300133A4F8883003F00EFFBDE81040D5
:1036C00005F08EBF042384F8D831F5E7032384F88E
:1036D000D83110BD8369C0F8E031D0F8FC31836285
:1036E000B0F8F8318385D0F800328361D0F8043225
:1036F0000362FFF755FE0223E9E7BDE81040FFF73C
:103700004FBE40F23D313520FDF77AF8CC0F002056
:10371000014B00221A607047D40F002008B5044BFB
:10372000186810B9FFF7F4FF08BD0C20FCE700BFD4
:10373000D40F0020C3693BB983692BB9034B1B68C5
:103740001B1A58425841704701207047D40F00207F
:1037500010B5D0E906436BB1D0E902211144DA6813
:103760009C610A44DA6082693AB1D3610023C0E9FE
:10377000063310BD034A1460F5E7002BF6D0DA607B
:10378000F4E700BFD40F002008B5C16191B90F4A1A
:103790001368836103B1D8611060C2690023C360FC
:1037A0009AB1D3687BB181688B420AD22D21372030
:1037B000FDF726F88B6988618361002BEDD0D86115
:1037C000EBE75B1AC3600023D36008BDD40F002071
:1037D000014B1868704700BFD40F0020034B1B68D3
:1037E000002003B9704718469B69FAE7D40F002000
:1037F0000B4B00221B6830B504464FF0FF351046D6
:1038000023B911B9002808BF104630BDDA68A242BA
:1038100003D3AA423CBF154618461A469B69EFE7F8
:10382000D40F002038B5036A1BB182689C68A2429D
:1038300003D2CD213720FCF7E3FFC1698569D96147
:103840009D6141B18B61996941B1CB61C1680A4405
:10385000121BDA6038BD02490B60F4E7D960F9E762
:10386000D40F0020F8B5264B0446084600211D68F9
:103870000B466DB95BB1984225D3B0FBF3F1013C27
:1038800003FB01F51C44B4FBF3F48C420ED9F8BDE4
:103890002E690BB19E4207D226B94FF4967137209C
:1038A000FCF7AEFFA98A3346AD69E2E7B5FBF3F654
:1038B00003FB165626B9B5FBF2F602FB1656DEB12F
:1038C0000139ED1AE1E7451E1D44B3FBF4F4B5FBE5
:1038D000F0F5AC42DBD3B3FBF5F605FB16374FB979
:1038E000B6FBF2F702FB176727B9B6FBF1F701FB4E
:1038F00017671FB10135ECE72846C8E73046C6E731
:10390000D40F002010B5044609F004FA08B90020CD
:1039100010BDE04309F0FEF90028F8D0E31683EA71
:10392000A4635A1E1A42F2D020460AF097FA1828C9
:10393000EDD8A3B2B3EB144F04D184EA142313F0EF
:10394000FF1FE4D0034B63405A1E1A4214BF0120EC
:103950000020DDE7D6BE898EF0B5070CA7F5AA4298
:10396000144B543A012A03EA90231FD927F400404C
:1039700042F6AA22801A18BF0120002216211646FC
:103980001F2487EA060562EA0505013510D0DD032C
:10399000ADB245EA5606E503ADB2013945EA520239
:1039A0004FEA53034FEA5404EBD1F0BD0020E4E7A3
:1039B0000020FAE7E0FF3F0010B50446084808F091
:1039C000A6FD2046074909F0A6F8204608F0FBFCB2
:1039D00020B12046FFF7DAF8002010BD1220FCE7E6
:1039E000DC0F0020E40F00202DE9FF410678012EB6
:1039F000074640F0878031460020FDF7C1FB0546B1
:103A000020B940F6CD613920FCF7FAFEBB88002BC7
:103A100072D108F053FC002870D195F81031002BBA
:103A20006ED12846FFF7C8FF0446002860D1314612
:103A30003046DFF83C81FDF7A3FB98F818300646C6
:103A40001BB110B940F6E961DDE7D8F81420039204
:103A5000002B45D096F81031002B41D07B88002BED
:103A60003ED198F804300093D8F8102098F806104A
:103A700003AB304608F01BFD90B3304609F075F8F3
:103A800006F14003074605F140026C3653F8041B6B
:103A900042F8041BB342F9D12846FFF78DFF0246D6
:103AA00010B140F60B71AEE70C2F07D10146284646
:103AB000FFF7B8FBE0B940F60F71A4E717B140F685
:103AC0001471A0E798F80530296D43F0040385F8D8
:103AD00054302846FFF778FB50B940F6167192E74C
:103AE000BA8879882846FFF79DFB002808BF07247D
:103AF000204604B0BDE8F0811124F9E73A24F7E745
:103B00000C24F5E701210020FDF73AFB054610B92A
:103B100040F6297177E708F0C9FF04460028E7D18D
:103B200095F8543095F8A12022B195F8A2201343BE
:103B300085F8A100053B012BDAD82B6D13B940F6AF
:103B4000397160E701210846FDF71AFB2946064650
:103B50004FF4907207F042FB0423316D86F8543025
:103B60003046FFF731FB0028C2D140F63E714AE7EC
:103B7000D80F002070B5154D09F035FE00F096FF06
:103B800000F062FD0AF09FF801F026F901F04AFF0B
:103B900001F04AF92A460E4B42F8043B0D4B0E4900
:103BA000196000241B219980DC821C835C745C8278
:103BB0000A4B2C771868197968600833117193E8FB
:103BC000070005F10C0686E8070070BDD80F00203D
:103BD0001B0048012414002003021B0004ED010017
:103BE000044B41F64C52C3E902221B221A74FFF720
:103BF000C1BF00BF24140020014B93F9220070477D
:103C0000D80F0020034B5A8802801B788370002055
:103C1000704700BF2414002013B583781A2B044684
:103C200009D8042B05D9012202FA03F3114A1342E1
:103C300005D1122017E0292B01D03B2BF9D1208888
:103C4000B0F5706FF5D2694609F00DFE68B9019BB9
:103C500093F8282102F0FF004AB9A27883F82921BD
:103C6000FF2283F8282102B010BD0220FBE70C20C0
:103C7000F9E700BF2000380438B504784278857829
:103C800004F0010352EA030104F0020401D11120FF
:103C900038BDBCB9002DFAD0002B08BF144601E096
:103CA00000242546204609F0A7F80028EFD0284632
:103CB00009F0A2F80028EAD0054B00209C74DD74BE
:103CC0009882E5E7002BEBD114461D46EAE700BFDA
:103CD0002414002013B50088694609F0C4FD18B10A
:103CE0000224204602B010BD019809F049F80028CE
:103CF000F6D0019890F83A310BB13A24F1E790F8F8
:103D0000DC3003F0FF04002BF7D190F8D3309B0791
:103D100003D1FF2380F83A31E3E70249D43009F0B8
:103D2000DDFFDEE731E20000F8B50378032B04463F
:103D300002D912252846F8BD4378032BF9D8467ED0
:103D40000EB11125F6E78378012BF2D100F072FC59
:103D5000C307F6D5A27812F0010514D0E178A56862
:103D6000236901294AD83D49A3F25370884247D8B4
:103D70006FF41C7CA5F6C4106144884240D89D4273
:103D800034BF12250025900712D5E078A368216979
:103D9000012837D83248814236D8A3F6C41CA0F691
:103DA000C410844530D88B4234BF122300231D43F6
:103DB000510712D5E178A2682369012926D829493B
:103DC000A3F6C410884223D8A2F6C41088421FD894
:103DD0009A4238BF12263543EDB2002DAAD1237E78
:103DE000013B062BA5D801212846FDF7C9F9064657
:103DF00080B940F6CE513920FCF702FD1225C2E70A
:103E00003025C0E71223D2E73023D0E71226E2E7BD
:103E10003026E0E7B03008F078FE18B196F854305C
:103E20009A0718D1E278A178A068B4F800C0267E7D
:103E3000012A1ABFB2FA82F252090222CB0748BF06
:103E40002769094BC3E9040719715A71A3F806C021
:103E50001E7219736EE70C256CE700BF3CF670020A
:103E60008FFD7002CBF37002D80F002000B589B02F
:103E700043798DF8043083798DF8053001238DF86E
:103E8000063003788DF80730B0F8013040F2712128
:103E90004B430393B0F803204A430C490592097A37
:103EA0008DF81C1000218DF81D100949A2F6C412CE
:103EB0008A4209D8A3F6C4138B4205D801A8FFF79C
:103EC00033FF09B05DF804FB3020FAE7D80F00207B
:103ED0003C369C002DE9F04F437A990744BF43F0EC
:103EE00001034372447A62078BB0054604D112275E
:103EF00038460BB0BDE8F08F14F0F80FF7D1022C64
:103F0000F5D000F097FB34EA000340F0B78195F854
:103F10004870002F40F0B281012CE8D1AB69AF4A64
:103F2000A3F25371914200F2A781EA689342DED86E
:103F3000B5F842300193AB8F00932A8EEB8E698DDA
:103F4000A88C08F066FF002800F096812B789A1E56
:103F5000022A40F29381012BC9D813B9AB78012B07
:103F6000C5D86B78032BC2D895F84930013B062B96
:103F7000BDD8DFF86CA201210020FDF701F99AF805
:103F80001830064673B901210846FDF7F9F80028F4
:103F900018BF064606F1B00008F0B7FD8046D8B15C
:103FA0000C27A5E7B03008F0B0FD0028EBD0D6E92B
:103FB0002C126FF000439A4208BFB1F1FF3FE2D1EB
:103FC0006B7A0093EA68697805F11803304608F0C7
:103FD0006EFA80460028D6D0304608F075F908B150
:103FE0003A2785E7304608F069F981460028F7D17D
:103FF00001460DF11600FDF74DF80446002800F0CB
:104000003981784BBDF816B01868079049461B797E
:10401000DFF8D4918DF82030204600F051FE734B2C
:10402000C4F8E8312046D9F80830A4F800B040F8C8
:10403000303F08F020FE039000F0F6FA039B638700
:104040006B4B99F810201B6884F8382010F0200F73
:104050000FBF1B21B9F80410B9F80200A4F85A00E8
:1040600008BFA4F85A10A4F85C101BB194F96C10A6
:1040700058469847B9F80430B9F8022099F8011069
:10408000019199F800100091033303329BB292B270
:1040900004F1140104F11000FDF7E4F8236923B9D9
:1040A00041F24B113920FCF7ABFB636913B941F2C4
:1040B0004C11F7E708F03EFEE06101F051F920F005
:1040C0007F40606295F84A3005EB430340F2E24BD3
:1040D000598D988C5A460BFB01F10BFB00F0FFF752
:1040E000C1FBA4F8C4B1A061C4F8C00195F84A307E
:1040F000D9F80C1005EB430320461A8EDB8E228480
:10410000638408F0B5FD07A904F1960009F059FC95
:10411000FF2384F8EC31DAF8243023B1012204F5CE
:1041200095712046984799F812A099F813B0B9F8FC
:104130001490BAF1000F40F0EF8000F07BFA824655
:10414000BBF1000F40F0E48000F074FA8346BAF14E
:10415000000F21D1092701F003F90C23B0FBF3F282
:1041600002FB1300C0B2431DDBB2082B9ABF0D3017
:1041700084F8A20084F8A2300121204600F0A0FDBE
:10418000002F40F0C3802046FFF74CFAB8F1000F33
:104190000FD0A0B10746ACE00028DBD006A920462E
:1041A0008DF818A08DF819B0ADF81A9009F0D2FB6F
:1041B000D1E70028EED16978304608F032F905F1F0
:1041C000030AAA7829785346304608F0DBF800281D
:1041D00056D1B8F1000F4BD11220DBE73CF670024C
:1041E000D80F0020EBFB010024140020F40F002066
:1041F0009C050020DDF81C904C4566D0BBF100000A
:1042000018BF012099F8022009F10303514609F073
:10421000EBFA002859D099F80920607A09F10A03CD
:1042200004F10A0109F0E0FA00284ED00B2760E003
:10423000EB6808936B7A8DF81C80DB0744BFAB6991
:10424000099307A948BF0123304648BF8DF81C30A9
:1042500008F061FC95F84910304608F090F82146C6
:104260003046FEF7B1FF00287FF442AE072740E05A
:1042700012273EE00D273BE6302739E6112737E6C7
:10428000B8F1000F02D13046FEF780FCAA782978F9
:104290005346304608F0D2F8B8F1000F02D104239B
:1042A00086F854303465AB7813F0FD0F524614BFD6
:1042B00001210021304608F0DCF82B7853B995F83D
:1042C00002B0CDE907330BF0FD0B07A8FCF792FF16
:1042D00000288FD00121304608F0E6F8B8F1000F31
:1042E000A6D00421304608F077F800287FF400AE0D
:1042F0000C27208800F034FA20880021FCF756FFB4
:1043000000283FF4F5AD41F21241CBE6384641E7D3
:1043100000283FF41FAF41E7BBF1000F7FF43EAF31
:1043200012E700BF10B54379032B94B056D823F0A1
:1043300002038DF80630D0F80630CDF807304389F7
:10434000ADF80B3002798DF8042001238DF80D3083
:10435000027B03888DF8052040F2712253430493B9
:1043600041884A430792847B417B41EA0421ADF8AE
:104370002810047CC17B41EA0421ADF82E10847C16
:10438000417C41EA0421ADF83410047DC17C41EA4E
:104390000421ADF83A10417D847D41EA0421ADF855
:1043A0004010C17D007E41EA0021ADF84610002199
:1043B0008DF84C100B488DF84E100B49007A8DF893
:1043C0004D00A2F6C4128A420AD8A3F6C4138B4247
:1043D00006D801A8FFF77EFD14B010BD1220FBE740
:1043E0003020F9E7D80F00203C369C0038B5012179
:1043F0000020FCF7C5FE054620B941F244413920B2
:10440000FCF7FEF9B03008F080FB1E4B1B7E5BB35F
:10441000F0B195F85430053B012B19D8284608F027
:10442000A4FB044610B141F24F41E8E72846FEF7ED
:1044300043FB95F8543023F0040385F854302246AA
:1044400021462846FEF7EEFE80B941F25441D6E7F8
:1044500001210846FCF794FE054610B941F25B4184
:10446000CDE7B03008F051FB10B90C24204638BD20
:10447000284608F07AFB04460028F7D12846FEF7C4
:104480001BFBF3E7D80F00200278034672B1427895
:1044900062B142881A2A09D982881A2A06D9044A9E
:1044A000006810609B88938000207047122070473E
:1044B00024140020024B02689A600020704700BF5D
:1044C00024140020024B0268DA600020704700BF0D
:1044D000241400200378A3F10A02112A9DBF024A86
:1044E0000020137412207047241400200378FF2B3F
:1044F00015D14378FF2B12D18378FF2B0FD1C378CE
:10450000FF2B0CD1037923F0E0021F2A07D113F00F
:10451000E00F04D0034A5B09137200207047122099
:10452000704700BFD80F002008B5FFF7F1F8FFF77C
:104530006BF8FFF761FBBDE8084001460148FEF754
:10454000D7BA00BF0010002008B5FEF705FBFFF743
:10455000EBFF09F046F9074800F58471FDF70EF905
:10456000002007F0B5FD09F076FFBDE8084000F037
:104570002FBE00BF0010002010B5094C094904F5FA
:10458000037008F074FF04F50470074908F06FFF2A
:1045900004F505700549BDE8104008F068BF00BF8C
:1045A00000100020A8050020B0050020A005002074
:1045B00038B5094C0D4600F005FED4F80C02C4F8DD
:1045C000045108F04CFFFFF70BFB00F0E1FE012364
:1045D00084F8183238BD00BF00100020014B93F85A
:1045E000180270470010002010B5074CD4F81002D4
:1045F00008F035FFD4F8140208F031FFFFF7BAFADB
:10460000002384F8183210BD00100020C2080549AC
:10461000012300F0070003FA00F08B5C1843885474
:10462000704700BFD8040020014BD3E90001704758
:10463000D8040020034B1868C0F30020400040F06D
:1046400001007047D804002008B509F0E9FF084AC6
:10465000002332F82310814205D302EB83039B78B9
:10466000044A137008BD01330C2BF2D10023F7E785
:1046700018ED010019120020024B1878072828BFF6
:10468000072070471912002010B544682388A4F849
:10469000783194F8683084F87711012B06D0022B1A
:1046A00004D040F20B310620FCF7AAF884F87A31E6
:1046B00094F86930012B01D0022BF2D184F87B31C0
:1046C000044904F5B77009F009FB002384F834317C
:1046D00010BD00BFDBD40000406808490388A0F883
:1046E0006A3190F8603080F86C3190F8613080F871
:1046F0006D3100F2611009F0EBBA00BFF1D4000097
:1047000030B505680446084651B115B12179994282
:1047100015D1FF216171237122600023637130BDC7
:10472000002DFCD0FF23637123792160012205490C
:1047300002FA03F3C1F8083560711046EFE7002074
:10474000EDE700BF00F00140044B002283F8222077
:104750004FF6FF729A84DA841A8570471A12002085
:10476000054B9A8C824201BF002283F822204FF62B
:10477000FF729A84704700BF1A120020014BD88440
:10478000704700BF1A120020094A0346908C4FF66A
:10479000FF71884206D192F82210012905D01A60D3
:1047A000012070470020186070470020704700BF4C
:1047B0001A120020064B93F82220012A1FBF012065
:1047C000DA8C83F822009A8408BF0020704700BF6B
:1047D0001A120020014B1885704700BF1A120020E2
:1047E000064B0246198D988C884205D193F8220019
:1047F00018B1136001207047002070471A12002082
:10480000094B998C1A8D914201D0002070474FF6C8
:10481000FF729A8493F82220002AF6D0002283F8AF
:1048200022200120704700BF1A120020054B998CEE
:104830001A8D914203BF93F82200B0FA80F040092C
:10484000012070471A12002050B90A4A134601206D
:1048500003F8010B0868C2F801008A889A80704743
:10486000012805D1034B0A689A608A88D8719A8119
:10487000704700BF4412002048B90A4B187880B135
:10488000D3F80120B3F805300A608B807047012807
:1048900006D1044BD87920B19A680A609B89F4E765
:1048A000002070474412002020B9054B187800F012
:1048B0000100704701280ABF014B0020D879F6E7B4
:1048C00044120020F7B500228B888DF80600ADF861
:1048D000043008680C4B8DF80720019D1C780146B8
:1048E00003F5AC73D0B2844201D8082009E0D3E9C3
:1048F0000076AE4208BF8F4203F1080302F10102C5
:10490000F0D103B0F0BD00BF5812002030B5094B04
:1049100001465C78002203F58173D0B2844201D84D
:10492000082005E013F8015B8D4202F10102F4D189
:1049300030BD00BF58120020F0B5254D95F89841C4
:1049400089B0224605F29911684606F047FC2146D7
:10495000684608F067FF0446B8B300EB4001C9B2EF
:1049600002A8FCF783F9601E95F8A161C0B201248A
:1049700095F8982105E0731CB3FBF2F102FB1133AB
:10498000DEB206F120030DEB030111F8203C002BF1
:10499000F1D100EB400220326A4406EB46032B447F
:1049A00012F8187C83F8A27112F8177C12F8162CF2
:1049B00083F8A37183F8A42101F8204C0138AB19C6
:1049C000C0B2FF2883F89941D2D109B0F0BD00BF31
:1049D0005812002070B5064688B00C46002A4FD009
:1049E0002A4A92F8A131D01890F8991121B94FF4C0
:1049F00080712820FBF704FF03EB430111440133CE
:104A000091F8A251E57091F8A35191F8A411617148
:104A10000021257180F8991192F89811B3FBF1F0FB
:104A200001FB103382F8A13192F8C23123B9184941
:104A300002F5DD7009F04FF9657905F03F0545F0A5
:104A4000400565710D220021684606F03FFCE378C1
:104A50008DF80F3023798DF80E3004AA04236946AF
:104A600030468DF80D5006F0CFF89DF81F302370BA
:104A70009DF81E3063709DF81D30A37008B070BDA6
:104A800003216018FCF7F2F8D6E700BF58120020A7
:104A900039490000044B5A78824286BF1B1893F8AC
:104AA00042010020704700BF58120020064B002230
:104AB0004FF461711A8083F8C32183F8C421A3F8ED
:104AC000C61183F8C221704758120020014B83F8A9
:104AD000C40170475812002010B51446FFF7F2FECB
:104AE000082803D1012000F0010010BDFFF70EFFE0
:104AF000064B5A788242F5D904B12070184490F8D8
:104B00003A31012BEED090F84A01ECE75812002020
:104B1000014BB3F8C60170475812002030B50A4B5C
:104B20005C7884420ED9184490F802012B3003EBD4
:104B3000C004A5790D7053F830001060A3889380ED
:104B4000012030BD0020FCE7581200200246074833
:104B500010B590F8C34124B1417821B1023001F081
:104B600003FF204610BD0C46FBE700BF5812002093
:104B7000F8B5184C064648B3617804F5A17008F002
:104B800051FE94F898510746294604F2991008F00E
:104B900049FE2D1AEDB2AF421AD8002506270FE0C4
:104BA000E21892F8422152B907FB034104EB0313C8
:104BB000324601F5857103F18200FFF70BFF0135E5
:104BC0006278EBB29A42EBD80120F8BD0546E5E7E2
:104BD0000020FAE758120020F0B51B4E737883428C
:104BE00089B007460D462CD9331893F8424144BB8F
:104BF0000D222146684606F069FBEB788DF80F30F0
:104C00002B798DF80E3006EB07106B798DF80D308F
:104C100004AA04236946823005F0F6FF2A789DF83D
:104C20001F309A420AD16A789DF81E309A4205D107
:104C3000AC789DF81D00231A5C425C41204609B007
:104C4000F0BD0020FBE700BF58120020074B5A7848
:104C5000824209D91A1892F842212AB9062202FB87
:104C6000003000F585707047002070475812002012
:104C700030B50024A0F84240B0F8464042F210752A
:104C80004C43B4FBF2F4A0F84640541E05FB03432A
:104C9000B3FBF2F3A0F84430084BB3FBF2F301335B
:104CA000A0F84A30838F05FB0344436BB4FBF2F456
:104CB00059438463B1FBF2F2426330BD005A620291
:104CC00070B504460D4649BB4FF40E7206F0FEFA6D
:104CD000012384F896306FF0360384F8E330042320
:104CE00084F8E4306FF03B0384F8E5306F2384F8F8
:104CF000E6306FF03F0384F8E7302B2384F8E2308E
:104D0000FE2384F81E317F2384F88D30202384F81D
:104D1000E85084F8E95084F8D93170BD012912D1E6
:104D200082690D4B1344B3FBF2F3C0F8B83040F680
:104D3000B833A0F8BC30438C114604F18000BDE8C4
:104D40007040FFF795BF0229E7D1B0F80632D0F8DE
:104D500000228169F1E700BF7FC3C901034B80F8DE
:104D60006C101B680BB1008818477047B80500200D
:104D7000074B93F900301844142804DC10F17F0F1E
:104D800003DB40B27047142070476FF07E0070471D
:104D90002014002007B57F230DF107008DF80730A0
:104DA00002F036FC9DF9073068B10A4A507840425B
:104DB00043FA80F0142808DC10F17F0F07DB40B2C3
:104DC00003B05DF804FB1846FAE71420F8E76FF02B
:104DD0007E00F5E720140020024B00221A705A7062
:104DE000704700BF20140020054B1B7833B9054BDA
:104DF0001A681B7902600371012070470020704718
:104E000022140020E0040020054BFF221A70054AFE
:104E1000016811600179117100221A70704700BF9A
:104E200022140020E004002007B5064B186800900B
:104E30001B798DF804306846FFF7E6FF03B05DF894
:104E400004FB00BFEBFB01000346407848B1DB7870
:104E50003A2B05D8034AD35C1B1A58425841704775
:104E60000120704748ED01003A2908B5C17003D808
:104E7000064B5B5C437008BDFF2904D04FF4896189
:104E80002A20FBF7BDFC0123F4E700BF48ED010039
:104E90002DE9F04385B0894602A91446984608F0EA
:104EA000E2FC054690BB039E2CB9012086F89500D4
:104EB00005B0BDE8F08337692146384606F042FF69
:104EC00001460028F4D0134B5B88A34220D301AAEB
:104ED000384607F07AF896F895300198002B0CBF09
:104EE0004946022108F067FE0198414622460330F8
:104EF00006F074F92146384606F069FF18B97A21A0
:104F00002B20FBF77DFC86F89550D1E70120CFE7F9
:104F10002846CDE724140020024B987DC04300F0C2
:104F200001007047241400207FB505460C4621B9C6
:104F300040F215111020FBF763FC03888B800023DF
:104F40004B724669304607F032F8014610B94FF40B
:104F50008F71EFE701AA304607F037F8E08010B90B
:104F600040F22311E6E7FB2802D940F22511E1E7E0
:104F7000019808F028FE012801D0022805D12072EE
:104F8000206828B94FF49E71D4E740F23511D1E77B
:104F90000199E288033106F021F9304607F01DF847
:104FA00010B940F24111C5E70021304606F073FF09
:104FB00010B94FF4A371BDE70A4BDA7D82B11A8BA9
:104FC0002888013A02A91A8308F04DFC10B140F27A
:104FD0004F11AFE7039AB2F8A6300133A2F8A6301A
:104FE00004B070BD2414002010B521B940F25B213B
:104FF0001020FBF705FC4A600B72EFF3108472B6C9
:10500000031D0B6042681AB1127A012A08BF0360BF
:1050100003681960016004B962B6034BBDE8104033
:10502000587805F01DBF00BF401400202DE9F7435C
:1050300006460D464FF0050800274FF003092B697F
:105040003BB11B7A2BB12C699CB9002003B0BDE8A1
:10505000F0836C68237A012BF7D0EFF3108372B6DC
:105060006A6812686A6003B962B6237A002BE6D0D8
:105070002C61237ADBB284F80880013B0B2B66D8C5
:10508000DFE803F0620620345F653D6565656552C3
:10509000636823B940F2C7111020FBF7B1FB20462B
:1050A000314698470420EFF3108372B6227A052A1E
:1050B000D1B201D0002953D127722F61002B4BD1DF
:1050C00062B649E0636813B94FF4E871E4E731462A
:1050D000204698470346C3F30723012BADF804008D
:1050E000C0B237D0022BDED12F6135E0636813B92F
:1050F0004FF4ED71D0E7204698470020D3E763686E
:105100000BB9DA21C8E70D2232701988A6F803100E
:10511000012200241869B2707271B471214606F040
:10512000BAFE2C61042091E7606810B940F20521B5
:10513000B2E70E4B31461B68984700232B610220D3
:1051400084E740F20E21A7E740F21121A4E74FF4D3
:105150000571A1E784F8089000283FF470AF75E767
:10516000002B7FF46CAF62B669E700BFBC0500207E
:1051700070B5134C1426231D32460021184606F044
:10518000A5F803460125257400210433324604F1B5
:105190001800C4E9013306F099F884F8245004F1AA
:1051A0001C03C4E906330023E362236384F834302C
:1051B000C4F83530C4F8393084F83D3070BD00BFD4
:1051C00040140020014B5870FFF7D2BF401400205C
:1051D000014B024A1A607047BC050020294F0000AD
:1051E00038B50B4D05F118010446FFF71FFF70B9E4
:1051F000AB681B7A0C2B04D1064BDA7D0AB11B8BF2
:105200002BB120460449BDE83840FFF70FBF38BD39
:1052100040140020241400204414002010B513462C
:10522000027A22B14FF42D711020FBF7E9FA0A46F9
:10523000BDE8104001460148FFF7D6BE44140020E7
:10524000044890F834301BB903492C3008F03DBDB8
:10525000704700BF40140020BDDC000010B50A46B6
:10526000037A23B14FF42F711020FBF7C9FA0146DE
:10527000BDE8104001480723FFF7B6BE58140020D0
:105280001346027A0AB1037270470A460146014882
:10529000FFF7AABE441400201B234FF01B12838487
:1052A000038482618382C260038539B94FF4A47399
:1052B000034AC3844384C261C3820261704700BF52
:1052C000480148010346F0B4B3F85420B3F848400D
:1052D000B3F84460DF8FB3F84250944228BF1446BD
:1052E0000846B3F84C20B3F85610DC878A4228BF32
:1052F0000A46B3F84610A3F84220914238BF11463F
:10530000A64238BF2646A742A3F84460A3F8461039
:105310001FD1AA1A18BF0122B3F84A50B3F850405F
:10532000B3F852709E8FB3F84010A54228BF2546AF
:10533000B3F84E409D87BC4228BF3C46AE42A3F81E
:10534000404002D1A14200D12AB1F0BC034908F08B
:10535000C5BC0122E0E7F0BC704700BFE3DC000001
:10536000094AD2E90003434083EAB01181EA4321AC
:105370004FEAF3435360054B116058434FEAF06026
:1053800000EB8000704700BFE8040020BB79379E27
:1053900010B50A4C09480821FBF768FCD4E9002342
:1053A0001343F7D0064CFFF7DBFF2060FFF7D8FF71
:1053B000236860600343F6D010BD00BFE8040020FE
:1053C00080140020174B184A9A60184ADA62184A6B
:1053D0001A61184A5A61184A9A61184A1A63184A97
:1053E0005A62184ADA64184A9A64184A9A63184B3F
:1053F000184A9A60184A1A62184A5A60184A1A607B
:10540000184A9A62184ADA62184ADA60184A9A61A7
:10541000184A1A63184A9A64184ADA64184A5A628F
:10542000704700BFC00500208FDF0000ADE0000026
:1054300077E000003BE00000DD560000A5580000CA
:105440008D570000B7E10000D3E100004157000094
:10545000AC060020B1DF000077E10000C5DF0000EE
:10546000FFDF00000BE10000C9E000002DE10000BB
:10547000EDE000004FE20000FBE10000F1E1000080
:1054800091E10000054B064A9A65064ADA65064B2B
:10549000064A9A65064A1A66704700BFC005002092
:1054A00029D60000F9D60000AC06002075D5000012
:1054B0005BD7000070B50C46252A00F2CC80DFE8EF
:1054C00002F01337404BCACA4A6264694A4A6DCA3D
:1054D000CACACA784A4A929298CAA0CACACACACA4A
:1054E000CACACACACAB3BCC3416840F2E240D1F8D2
:1054F0000032B1F8F821B2FBF0F22271D1F8FC21B0
:10550000B3FBF0F3B2FBF0F2E3716271C3F3072374
:10551000C2F30722A2712372B1F8043263721B0A2C
:10552000A3722046B1F80612BDE8704008F04FBBE8
:105530004368D3F8E81120460131BDE8704008F017
:105540004ABB02784368012A02D193F8203101E076
:1055500093F82931237170BD4568204605F50B711C
:1055600008F040FB05F50D71204608F045FB05F5F8
:105570000371204608F043FB05F588712046BDE81D
:10558000704008F043BB4368DFE7BDE87040084661
:1055900000F03EB9BDE8704000F04CB90E230B712D
:1055A00059234B7100238B714E23CB7110230B7247
:1055B000D1E70378456873B995F820315BB195F868
:1055C0001D11204608F052FB95F81C112046BDE83D
:1055D000704008F04FBB95F81B11204608F046FBC1
:1055E00095F81A11F2E741682046BDE8704008F0CE
:1055F00083BC436893F836210A7193F837314B71B5
:10560000A9E7456895F8F30107F0EDFF014620464C
:1056100008F026FB95F8F20107F0E5FF0146204669
:10562000BDE8704008F01ABB0D4B1B68002B92D0F0
:1056300002462320BDE870401847094B1B68002B29
:1056400089D002462420F5E7054B1B68002B82D049
:1056500002462520EEE740F2FE315120FBF7D0F85C
:10566000980700203A289ABF024B53F820000020E8
:10567000704700BFC00500203A289ABF024B53F87C
:1056800020000020704700BFAC060020F7B5456839
:105690002E6904464FF6FF770DF102010DF101026C
:1056A0003046ADF8027006F0AEFB01A9304606F0B8
:1056B000CDFB40B1019806F08EFC616800220272B9
:1056C000FFF7CCFDE8E7044905F1A80003B0BDE809
:1056D000F04008F0FDBA00BF29DF000038B543688C
:1056E00093F88E201B2A044624D1002283F8D1206F
:1056F00083F8CC2083F83622436893F8D2101D88B3
:1057000003F5D17069B10C4983F8D220A3F8AC51EC
:1057100083F8AB2108F0D9FA6368002083F88E0083
:1057200038BD012283F8AB11A3F8AC51034983F8CB
:10573000AE21EFE70220F3E727E0000019E00000C8
:1057400010B5426892F88F00E0B94C680E4B89683A
:10575000A2F8CE002340C2F8E23021F41E51C3F378
:10576000076343F0080321F01001090482F8E530D3
:105770000123090C82F8D0300423C2F8E61082F825
:105780008F3010BD0120FCE72FC904F738B54368FE
:1057900093F88E20042A32D14D681B4A8C682A4027
:1057A000C3F8E22024F41E54C2F3076242F0080258
:1057B00024F0100483F8E52024040022240C83F84C
:1057C0008E204068C3F8E64083F8CC2080F83B2167
:1057D00093F8840100F0FF0498B91A88A3F8862191
:1057E00083F885414A68C3F888218A68C3F88C2108
:1057F000064903F5BE7008F068FA204638BD01245A
:10580000FBE71446F9E700BF2FC904F755E1000094
:1058100010B50446FEF708FF21F41E51044B21F099
:10582000100109040340090C6360A16010BD00BFB2
:105830002FC904F737B50C464568FEF7F5FE0A4B4D
:1058400095F8E22021F41E5121F0100103400904D3
:105850000093090C13408DF8003001916B4603CB87
:105860006060A16003B030BD2FC904F7DB0410B540
:10587000144604D5037D13B10023436310BD436B6D
:105880000133436308F0C6FCD0E90D239A42F5D3F7
:105890000023436302492046BDE8104008F01EBAC9
:1058A000A9E1000038B5446894F88E30012B0D460C
:1058B00003D094F88F30002B3FD194F8D330990760
:1058C00019D4284608F0ABF984F8DD00B5F80530A6
:1058D000A4F8DE30B5F80730A4F8E03094F8D330FF
:1058E00043F0020284F8D320DA070FD5144904F1FB
:1058F000D40008F0F3F994F8D330DB0712D494F80D
:105900008F3043B14E214020FAF77AFF94F83A31B4
:10591000002BEBD1EFE7012284F88F2084F8D02010
:10592000A4F8CE3094F88E30012B4FF0000003D154
:1059300084F88E0084F8CC0038BD0120FCE700BF5D
:1059400031E2000070B545680446FFF723FA054BC5
:1059500085F88D001B6801461BB12046BDE87040EC
:10596000184770BDA0070020024B1B6803B1184701
:10597000704700BF9C070020F0B5204E05463078E8
:105980000024147080B1431E7768DBB2181B012815
:105990000BDC07EBC40057F834604068884208BF4E
:1059A000AE4212D114700120F0BD1819461007EB59
:1059B000C60E57F836C0DEF80460AC45C0F34700A9
:1059C0008E412CBF03460446E0E7B54271EB000070
:1059D00002D214700020E7E707EBC30057F833400A
:1059E0004068884208BFAC4201D11370DBE7A54292
:1059F000814128BF01331370ECE700BF98140020E9
:105A000010F0070208B503D063214820FAF7F8FE2A
:105A100018B1034B197258601A70C80008BD00BF56
:105A200098140020014B00221A707047981400202F
:105A3000014B187A704700BF981400202DE9D3431A
:105A400008F023FC0DF1070207460E46FFF794FF0E
:105A500098B9114C2278237A93420ED0616813468C
:105A60006FF0604E9DF80700984209D301EBC00328
:105A7000C3E9007601322270012002B0BDE8D08374
:105A800003EB0E0001EBC000D0E90089013BC0E947
:105A90000289DBB2E6E700BF9814002037B508F0B2
:105AA000F4FB0DF10702FFF767FF0446A0B10C4AB3
:105AB0009DF8070013785568013BDBB213701A1A82
:105AC000D2B2411CD200834238BF002205EBC10193
:105AD00005EBC00005F03CFB204603B030BD00BF25
:105AE000981400200A46822302F8033B0448036806
:105AF000C1F803304368536083689360704700BF08
:105B0000A114002002481622002105F0DFBB00BFCF
:105B1000A114002017B402AB03E903001348437D2E
:105B200003B391F86820124B33F812304FF47A72B5
:105B300003F23F63B3FBF2F3D1E96C246E3244F11C
:105B400000049B1844F100040A884360B1F88830CF
:105B5000084902808460438002220C3003B010BCEC
:105B6000FFF78EBB03B010BC704700BFA11400202C
:105B700084ED0100E55A0000154B5B6893F8CC00FA
:105B800028B1B3F8C810B3F8CA2091421ED293F9D5
:105B9000D0202AB1B3F8CE10B3F8CA20914214D263
:105BA000B3F8C420B3F8C61091420ED2B3F8C200C5
:105BB00093F8923023B9052894BF00200120704744
:105BC00082428CBF0020012070470120704700BF37
:105BD000B8140020134B5B68182883F81E0116D8F0
:105BE000114AC240D2071CD4112806D193F82021B3
:105BF00052B10022A3F8C8207047072811D0092805
:105C00000FD0152805D10022A3F8CE2070472428F4
:105C100007D0022881BF0022A3F8C820012283F800
:105C2000CC207047B81400200010080170B5204D3A
:105C30006B6893F8F21109B993F8681093F8F3219F
:105C40000AB993F8692083F8681083F86920FF2265
:105C500083F86A20174B1B680BB1686898470021CE
:105C60001348FEF711FD6868303008F062F8064608
:105C7000686800F24511FFF725FB68680421FDF70D
:105C800005FD6868303008F054F8864204460CD2AE
:105C900002F07AFB0146A01B322838BF322004F004
:105CA000F7FBB0FA80F0400970BD0120FCE700BFAF
:105CB000B8140020A80700200D4B0246187A98B9A6
:105CC000012A07D15B68B3F858209B8F9A420ED8FF
:105CD000FDF7CCBC5A89520708D55B6893F8900051
:105CE000063818BF01207047002070470120704718
:105CF000B8140020C278012A07D10D4A5268B2F8C0
:105D0000EE214272120A827270473AB9084A52680A
:105D1000B2F8F6214273120A82737047182A05D12D
:105D2000034B5B68B3F8F01107F09CBF704700BFEE
:105D3000B814002038B590F88E300D3B012B044686
:105D40002ED8B0F88830B0F8F62101339BB29A42D1
:105D500026D10388A0F89A3140F2E242D0F800320E
:105D6000B3FBF2F3A0F89C31B0F80432A0F89E31F6
:105D70000025B0F80632A0F8A03180F89951094901
:105D800000F5C87007F0AAFF84F8F45102212046FC
:105D9000FEF796FF03212046FDF778FC84F88E502D
:105DA00038BD00BFDFDF00002A4A38B50346084689
:105DB00051891943518103F00301032904D140F6AD
:105DC00018113620FAF71CFD13F0020118BFD0603D
:105DD000DC0748BF106121B1C178062917D00B2913
:105DE00022D0990644BF08211172DB0531D55268D3
:105DF000C178B2F88830148C2344063301299BB251
:105E000019D1A2F8EE31BDE83840FFF773BF5168F1
:105E100091F88E40192CE4D100240025C1E93E45BB
:105E2000012481F89440DCE7516891F88E40132CEE
:105E3000D7D10024F5E711B9A2F8F631E3E7182924
:105E4000E1D1B2F8F211002918BF1946A2F8F011F9
:105E5000D9E738BDB814002008B50B79232B0246CA
:105E60000CD014D8142B03D003F0FB0112290ED14F
:105E700018460121BDE8084008F05EBA436893F86F
:105E80008E30282B03D1034B1B6803B198470020A9
:105E900008BD00BFAC070020002908BF1F2116283D
:105EA00070B503461BD009D803281ED0022803D999
:105EB000122814D0142812D000240EE0252808D867
:105EC0002228F9D9204B1C683CB12346BDE870401C
:105ED0001847FE2814BF00240224204670BDBDE8E8
:105EE00070400021184608F027BA184D6B6893F8E7
:105EF0008E20172A01D0142A24D193F8D2200ABB6D
:105F000083F8D12083F8CC2093F8AA3103F0FF0462
:105F100023B14FF458713620FAF772FC6B681A8877
:105F2000A3F8AC2183F8AB1183F8AE4183F8364275
:105F30006868074900F5D17007F0C7FE6B6883F801
:105F40008E40CAE70224C8E7A4070020B814002046
:105F500019E000000E4B09795B6893F88E30024619
:105F6000A3F110000C280BD9282B0BD01D2B0BD024
:105F7000052B0BD0202B14BFFE201620FFF78CBF63
:105F80000320FBE72320F9E71420F7E71220F5E7C9
:105F9000B81400202DE9F3416F4CB4F80A800E4686
:105FA000616818F4007F0ABFB1F8C22000230132F3
:105FB00001F18005074614BFA1F8C230A1F8C22044
:105FC000284608F095F928B1434601F59E72284607
:105FD000FFF74CFC638903F4C06343B1606890F839
:105FE000923023B9012180F89210FDF74FFB002F6A
:105FF00040F0F880002E40F0F5806289510711D5FD
:10600000636893F88E10032904D140F2D4413620FE
:10601000FAF7F6FB93F89010062902BF01212175CB
:1060200083F8906093070FD5E368D878072808D0E5
:1060300011281ED0FFF720FB034618B94FF4A561C5
:10604000E5E7464B4448984763891D0751D5636887
:1060500093F81E21012A0ED0032A27D0F2B9B3F8F3
:10606000F601B3F88810091A080417D483F8F4214C
:1060700014E03B4BE6E7B3F8EE11B3F88820521A70
:1060800011040BD4D3F8E8110A7812B940F229218F
:10609000BDE7013A0A70002283F88E20636893F806
:1060A0001E21FE2A0FD140F23451B0E793F88E1032
:1060B000192904D84FF02472CA40D207EED4002226
:1060C00083F83622D4E7FE2283F81E2193F88E202F
:1060D000252A35D028D80B2A2CD00D2A2ED063683B
:1060E00093F89020072A01BF02222275002283F82C
:1060F00090206389DB0745D56368256993F88E1086
:1061000093F8D20008F005F9E0B1EB78023B0F2BD1
:1061100000F2A180DFE803F0169F1616169F9F9FDE
:106120009F169F169F9F9F163F2AD8D10A4807F0B7
:1061300099FED4E70C2283F88E20D0E70E22FAE7EE
:106140002622F8E72846FEF77FFE58B9294602487E
:1061500007F0C0FE15E000BFB8140020B7E2000051
:10616000D3E20000E8780D286FD011286FD00728FF
:106170006FD0FFF777FA03460028E7D0B0482946EA
:1061800098470646237A1D0716D5636893F88E1044
:1061900093F8D20008F0BDF8054600285DD10090C4
:1061A00069460320FBF722FC009B2BB11D720C22D9
:1061B00061680098FFF732F86068FFF7BBFD63681D
:1061C00093F81E21FE2A0DD193F89020063A012A59
:1061D00008D993F8283103F0FF01002B3FD00220AB
:1061E000FFF7F8FC656895F8283123B995F89030E9
:1061F000063B012B04D8B5F8C6300133A5F8C630EC
:1062000095F8CC1021B1B5F8C8300133A5F8C830E5
:1062100095F9D02022B1B5F8CE300133A5F8CE30B3
:10622000002F40F06582237D022B00F05D82012B60
:1062300040F00282636893F89130002B40F01082A6
:1062400060680021FDF722FA5AE27E4B96E77E4B0A
:1062500094E77E4B92E7082694E70826ACE763684C
:1062600093F88E2022B993F8C01051B11220B7E7ED
:10627000192A2FD018D8122A26D0132A22D0032A5E
:106280002AD0103A0C2AADD993F88F201F2A31D882
:106290001D2A73D8013AD1B2032933D8032A31D841
:1062A000DFE802F054634BCA242A1DD0312AE8D11A
:1062B000012283F820211120FFF78CFC636883F80A
:1062C0008E108FE70B208BE7D3F80822C3F810213C
:1062D000032085E7062083E793F8192183F820211E
:1062E000072283F81E217DE7182283F81E21A3F8D8
:1062F000C81077E7282A00F0A180312A00F09480A6
:10630000222A75D0636893F81E21FE2A7FF46AAFB3
:1063100093F88E20002A40F0CB8093F8F431002BC4
:1063200000F09680636893F88F0007F0AAFD0028BC
:1063300040F08E80FFF74EFCBAE093F8182183F806
:106340002021072283F81E21002214E00C2283F86A
:106350001E2193F8D320002142F00102A3F8CE10B1
:1063600083F8D32083F88F10CCE7132283F81E2103
:106370000022A3F8CE2083F88F20C3E793F82B31B7
:10638000002BBFD1636893F82A31C3B1606890F8DD
:106390008F30252B00F5957100F5F97226D090F815
:1063A0008E30253B012B8CBF0023012307F0C5FC59
:1063B00063681F2283F88F20002283F82A216068F7
:1063C00090F88F301F2B9DD100F24511FEF77AFF18
:1063D0006368B3F85220A3F82021B3F85620A3F83D
:1063E00022211520FFF7F6FB6368C1E70123DDE7F3
:1063F00093F83421012A0ED193F835315BB96368E3
:106400001A6ED3F836110E4807F0F3F863681822B5
:1064100083F81E2176E7636893F83421022A7FF41B
:1064200071AFD3E91821EEE7002183F82011112084
:10643000FFF7D0FB636895E7092283E7242281E711
:10644000B8140020555F0000BDE30000595E000055
:10645000636893F836328BB1636893F893203AB14E
:1064600093F8943013B940F2F251D0E50A2061E775
:10647000D3F80822C3F8102103205BE7636893F880
:106480003B310BB1082055E7636893F83A31002B94
:1064900059D0626892F8D33013F0030108D10C2070
:1064A00043F0010382F81E0182F8D33082F83A11DA
:1064B000636893F81E21FE2A7FF494AE93F88E2031
:1064C000002A7FF48FAE93F8EC31002B3FF48AAEB4
:1064D000636893F88F0007F0D4FC00287FF482AE45
:1064E0006368B3F888300A2B7FF67CAE6846FEF707
:1064F0007BFC00283FF476AE6568052205F1970124
:10650000684604F005FE002800F09380D5F8E831D5
:10651000194611F8012B002A00F0848005226846F4
:1065200004F0F6FD00287FF45DAE6368D3F8E8213F
:106530001378013313700120FFF74CFB63680022CE
:1065400083F8EC214EE6636893F82A3133B363682D
:1065500093F82B3113BB606890F88F30252B00F532
:10656000957100F5F97217D090F88E30253B012B0C
:106570008CBF0023012307F0E0FB6368002283F84F
:106580002A216368B3F85220A3F82021B3F85620DB
:10659000A3F822211420CDE60123ECE7636893F8E9
:1065A0003421012A33D193F8353183BB636893F8E2
:1065B0008F0007F066FC50BB626892F86800012803
:1065C00005D0022803D040F20B31062020E592F8D6
:1065D0006910012901D00229F5D1022892F836313B
:1065E00006D0012B14BF002301231BB91620A1E6FE
:1065F000022BF7E7022992F8373106D0012BF5D1AB
:1066000042480021FEF740F852E7022BF7E7404BE3
:106610001B68002B3FF44CAF3C489847FE283FF4E2
:1066200047AF87E60098C3F801009DF804300B716E
:106630007BE785F8EC0185E756B1F00656D43107C3
:1066400056D4B20756D1B30656D440F6A711DEE4AD
:1066500001B3B5F8C810B5F8CA3099421AD9222347
:106660002A4885F8B130FFF711F80023A5F88E30DD
:1066700085F8923060680221FDF708F8636893F8A6
:106680001E21012A3CD1D3F8E8211378B3BB40F690
:10669000D811BCE42AB1B5F8CE20B5F8CA309A4278
:1066A000DDD8B5F8C620B5F8C4309A420FD2B5F897
:1066B000C620B5F8CA309A42D1D295F89220B5F8E2
:1066C000C23052B9052B7FF6BBAD3E23C8E76368E5
:1066D00093F82831002BC2D1E9E7B5F8C4209A42DB
:1066E0003FF6AEAD0823BBE71623B9E71E23B7E795
:1066F0003D23B5E72A23B3E72323B1E7013B13701A
:1067000002B0BDE8F041FEF77BB800BFB81400202E
:10671000B0070020F0B55B4D00232B7085B0044618
:10672000686000886B812B722B75FEF727F86B6809
:106730001888FEF74FF8B4F8DA216968013292B28E
:1067400001F1800007F083F92E4620B140F26D116F
:106750003620FAF755F894F88F30A4F8DA01252B93
:1067600013D1B4F88830B4F8F0219B1A19040CD472
:1067700084F88F00FFF75AFAB8B900210846FFF7EE
:1067800009FC0024204605B0F0BD94F88E30253B6E
:10679000022B0AD8B4F8F021B4F888309B1A1A04F6
:1067A00003D4002384F88E30E4E794F88E300B3B5A
:1067B000012B20D8B4F88830B4F8EE219B1A1B04C2
:1067C00019D4D4F8E81104F19600013107F0F9F872
:1067D00094F88E300C2B0BD1D4F8E821137813B930
:1067E00040F29511B4E7013B1370002384F88E301A
:1067F000FF2384F8EA30FFF7BFF9044608B101240B
:10680000C0E76B6893F81E71FE2F25D003A8FDF733
:10681000BBFF10B940F2C4719AE7222221460398C7
:1068200004F054FD0398032107F0C5F90398037899
:1068300023F0100303703946FEF716FB0399114845
:106840003A46FEF737FEFDF7B5FF10B94FF4FA618F
:106850007EE70398FFF74EFA0B4B009396E8030090
:106860000A4B0B4AFAF7B0FF6B6893F88E1093F857
:10687000D20007F04EFD04460028C0D0FAF79CFF76
:1068800080E700BFB8140020955F0000B95C0000ED
:10689000A95D0000B0F8DA310B4470B5A0F8DA3128
:1068A000B0F8C23000F180060B440446A0F8C230B4
:1068B00030460D4607F01CFDA0B1D4F8B4300B44AF
:1068C000C4F8B4302146304607F0A4FCD4E92D23A7
:1068D0009A4207D300231649C4F8B43004F59E70D9
:1068E00007F0FCF994F8CC3023B1B4F8C8302B444D
:1068F000A4F8C83094F9D03023B1B4F8CE302B448A
:10690000A4F8CE3094F8283123B994F89030063B9F
:10691000012B04D8B4F8C6302B44A4F8C630204666
:10692000FFF708FAB4F888100D44A4F8885070BD39
:10693000A9E10000064BD3F8000138B1D3F80401F7
:1069400020B1D3F80801B0FA80F04009704700BFC9
:1069500000F00040034B00221A705A7010229A7007
:10696000704700BF0A15002070B506460220144685
:106970000D4600F09BF9064B01221A70054B033CB3
:10698000C3F81045C3F80865C3F8045570BD00BFCF
:106990000A15002000F0004008B5022000F086F93A
:1069A000084B01221A70084B0022C3F80021C3F8DB
:1069B0000421C3F8082103F580334FF40002C3F823
:1069C000042508BD0A15002000F000400D4A08B556
:1069D00013787BB10C4B4FF40001C3F80815FFF797
:1069E000A9FF60B101235370084BD3F800349370B2
:1069F00000231370BDE80840002000F057B9507024
:106A00001023F4E70A15002000F0014000F00040D8
:106A10000A4B1A786AB10A4BD3F800215AB1D3F85D
:106A2000040120B1D3F80801B0FA80F04009C0B2E7
:106A30007047587870470220704700BF0A15002041
:106A400000F0004008B5074B1A783AB1FFF772FF23
:106A500030B1054BD3F80004C0B208BD9878FCE70C
:106A60001020FAE70A15002000F00040024B002237
:106A70001A705A709A7070470D1500202DE9F04178
:106A800004461C4D01201E468846174600F00EF9AC
:106A900004F003002E7140EA0643174E43F0807362
:106AA000C6F80435C6F8088504F052FA30B9D6F8AD
:106AB000183523F0FF033B43C6F818350F4B104A37
:106AC000C3F8082514F0FB0F01BF0E4AC3F8982540
:106AD000FC3AC3F89C250122022C6A70EC7007D89E
:106AE000054B2A700021C3F80011C3F800121A6088
:106AF000BDE8F0810D15002000F0004000F00140DD
:106B00000000020200F10040214A537870B523B919
:106B10004FF404713C20F9F773FE1E4BC3F80C15BB
:106B2000C3F81005D57801249470C5B912780AB954
:106B3000E121EFE7184AC3F804514FF40035C2F8D9
:106B40000455D3F8006116B15C60C2F808550B78A3
:106B500003704B78043343708B78837070BD042DC1
:106B60004FF0000106D11470C3F80411C3F80042BD
:106B70001C60F3E7127812B940F20D11CAE7C3F8AE
:106B80000411054B4FF00072C3F80425E6E700BF7F
:106B90000D15002000F0004000F00140064B1A786F
:106BA0002AB1064A0649C2F8081500221A700022C6
:106BB0005A709A70704700BF0D15002000F0014018
:106BC0000000020208B50A4B1B7823B940F2762177
:106BD0003C20F9F715FE074BD3F8042112B940F217
:106BE0007721F5E7D3F80004003818BF012008BD6D
:106BF0000D15002000F00040164B1B7870B523B92E
:106C000040F287213C20F9F7FBFD134CD4F8043106
:106C1000BBB90223C4F80433104B114E1D691A6925
:106C200042F0100205F010051A61D4F804314BB19E
:106C300025B90A4A136923F0100313610223C4F82B
:106C4000083370BD4FF40043C6F8803107F03DFDB6
:106C5000EBE700BF0D15002000F0004000ED00E064
:106C600000E100E0014B01229A60704700F0004013
:106C700008B50B4B4FF40042C3F88020BFF34F8F91
:106C8000BFF36F8F074B0022C3F80025C3F8002520
:106C9000FFF784FF044B4FF40002C3F8082508BD3A
:106CA00000E100E000F0004000F0014038B5144C75
:106CB0000023C4F80035C4F800350546FFF76EFF21
:106CC000104B4FF40002012DC3F8082503D0022D0C
:106CD00008D085B938BD0223C4F800350A4BC4F882
:106CE0001435F7E70321C4F800150749C4F8141553
:106CF000C3F80425EEE782213D20F9F781FD00BFAE
:106D000000F0004000F0014012150020024B00226C
:106D10001A809A701A7170472016002038B5144DE9
:106D200095F841200346084622B940F611013E205D
:106D3000F9F766FD6BB9012AEC6B95F8401005D1A7
:106D400000F0F0FD2044AB6AC01A38BD07F0CFFB5D
:106D5000F8E7012B0AD1012AEC6B95F8401002D11B
:106D600000F0D2FDEEE707F0CDFBEBE70020EAE70D
:106D70002016002008B5094B012883F82000084B95
:106D800006D0022808D040F62A513E20F9F738FDF7
:106D90000322C3F8102508BD0422FAE720160020BC
:106DA0000010004008B5144B93F84D30D90721D599
:106DB0009A0711D5114BD3F8002242F00102C3F813
:106DC0000022D3F8503503F0F603022B12D140F223
:106DD000FE513E20F9F714FD5B070BD5084B094A1D
:106DE000C3F8AC25A3F5B833D3F8403113B140F262
:106DF0000561EEE708BD00BF20160020001000402E
:106E000000F001400810004007B50B4A01AB92F9B1
:106E1000212000F0CBFD9DF9040000F06DFD9DF8F0
:106E2000050000F037FE20B140F2CF513E20F9F7C7
:106E3000E7FC03B05DF804FB2016002008B503460C
:106E40000F4863B92831C1600E4900F00BFE0130D4
:106E5000012814D940F226713E20F9F7D1FC012B0C
:106E60000AD12931C160074900F002FE0130012832
:106E700005D94FF4E661EFE740F23471ECE708BD65
:106E8000F00400208CED010008B50C4B9B78012B21
:106E900009D100F0F3FD013001280ED940F662015E
:106EA0003E20F9F7ADFC022B07D100F0EDFD0130DB
:106EB000012802D940F66801F2E708BD201600203B
:106EC000044B03441A7E044BC3F80825C3F8540549
:106ED000704700BF8CED01000010004038B50D4632
:106EE0000446FFF747FF2846FFF7EAFF29462046FA
:106EF000FFF78AFF04F058F890B10A494FF0805329
:106F0000D1F88825D3F82033022C0CBFC3F30663D5
:106F1000C3F3062322F4FE4242EA0323C1F8883574
:106F200038BD00BF0010004010B50C46FFF722FF2F
:106F30002046FFF7C5FF0E4B5A78012A03D1D878B7
:106F40002146FFF761FF0B4CD4F8003243F48873FD
:106F5000C4F8003204F028F840B904F035F828B934
:106F6000D4F8683543F4C023C4F8683510BD00BFB9
:106F7000201600200010004010B5602200211948A2
:106F800004F0A4F9FFF7C2FE03F0C4FF60B12422AD
:106F90001548FF2104F09AF94FF080430022C3F80E
:106FA000082EC3F8102E10BD03F0BEFF0028EED14E
:106FB00003F0C4FF0028EAD103F0E0FF08B140224B
:106FC000E6E703F0D1FF04460028F8D1064838224E
:106FD000FF2104F07BF94FF08043C3F8084EC3F85B
:106FE000104EE0E720160020000E0040024B034444
:106FF000187E00F5166070478CED0100014B93F888
:107000004000704720160020024BD86B9B6AC01AC4
:10701000704700BF20160020094A936A906B92F8CF
:107020004010C01A074B03EB81031A6CDB6C801A0B
:1070300003F2F3134FF47A72B3FBF2F3C01A704702
:10704000201600208CED010008B50F4A92F8401080
:10705000012906D0022914D040F2A7213E20F9F7D9
:10706000CFFB40F6B830936B926A9B1A074A02EB4B
:107070008102126C9B1A4FF47A72B0FBF2F0184442
:1070800008BD4FF4FA60EEE7201600208CED0100F9
:1070900008B5134B012983F84C0006D002291BD0F8
:1070A00040F2E5213E20F9F7ABFB00230D4A43F403
:1070B000801340F0007043F4847340F44030C2F811
:1070C0001435C2F81805D2F8503503F0F703032B36
:1070D00005D14FF43F71E5E74FF08073E6E708BD57
:1070E0002016002000100040474B022270B5C3F864
:1070F0008020BFF34F8FBFF36F8F444C0023C4F841
:10710000FC3F0123C4F8FC3F03F05EFF28B1D4F834
:107110003C3743F48063C4F83C3703F019FF58B19F
:10712000D4F83C3723F0004323F0FF0343F000433F
:1071300043F09603C4F83C3703F036FF334C38B1C4
:10714000D4F8403723F47F4343F4B053C4F84037B6
:107150002F4BC4F8783700F0ADFC38B14FF08053B6
:10716000D3F83033591C18BFC4F84C374FF01023F4
:10717000264C1B6E5A1C09D0D4F88C251B0403F432
:107180007F0322F47F021343C4F88C3540F20313CB
:10719000C4F834351F4D40F25B63C4F83835012321
:1071A000C4F8303585F820300323C4F8103540F298
:1071B0000123C4F850360226174BC4F80062187C2D
:1071C00000F07EFC154B4FF04062C3F8042500230D
:1071D000A5F84030EB6385F84D30114BD3F84035BE
:1071E000AB6202F08BFB084B1022C5E90C01C3F81F
:1071F0008061C4F804231E602B6E03B19847BDE87C
:10720000704000F023BC00BF00E100E0001000402F
:107210002C00008920160020F004002000F001401E
:1072200000800040014B83F82100704720160020A9
:10723000034B020E0002C3F82425C3F81C05704757
:107240000010004038B5044600680A4DFFF7F0FF13
:10725000094B6268C3F83C25237A85F82230617AAD
:10726000A07AFFF715FF607AFFF784FDE37A85F8CF
:10727000213038BD2016002000100040014B83F85B
:107280002200704720160020F8B5244E96F84D30A5
:10729000DA0705460F4604D440F259713E20F9F74B
:1072A000AFFA1F4CD4F8002243F0020342F001026F
:1072B000C4F8002286F84D3000BB96F822103846FC
:1072C000FFF70CFE174A0123B370D3642360154BFC
:1072D000D3F84C4528462146FFF7B0FDB06A241A82
:1072E000CDB9114901EB47074FF47A71B7F858004F
:1072F00000F5FA70B0FBF1F02044F8BD0128E6D1AA
:1073000096F822103846FFF70FFE0223B370054BA4
:10731000DD646560DBE704F12900EEE7201600205C
:1073200000100040008000408CED0100F8B53C4C9E
:107330000D461646074600284ED1104694F82210F6
:10734000FFF7CCFD22780123A3709A42354B4FEA18
:1073500046061E4430D1B6F85E304FF47A7203F51B
:10736000FA73B3FBF2F3ED1AA16A2F4A2F4E304B9A
:107370000D44C6F84055C2F8A835636C43F40023A9
:1073800063644FF40023C2F804352378002B3AD10C
:1073900094F84D3043F0020384F84D30FFF702FDBE
:1073A0000123F364D6F84C25954233D80022C6F861
:1073B0004025204A1361F8BDB6F858304FF47A7171
:1073C00003F5FA73B3FBF1F3ED1A002ACCD1164B97
:1073D000184AC3F8AC25C7E701280FD194F822104A
:1073E0001046FFF7A1FD0223A3702378012BBBD029
:1073F000293D002BB8D10C4B0F4AEAE740F2C97186
:107400003E20F9F7FDF9012BC8D194F84D3043F037
:107410000403C1E729463846BDE8F840FFF70EBD32
:10742000201600208CED010000F00140008000409B
:10743000408100400010004004100040224B13B572
:1074400010222249D3F80443C3F808230222C1F8CA
:107450008021C3F800221E4A002182F84D101D4AE7
:107460004FF46020C2F80805D3F85025D2B204F0DA
:107470001004DAB1FF228DF807200122C3F81011A1
:107480001A619DF8072012B1D3F810213AB19DF886
:1074900007305BB940F651013E20F9F7B1F99DF88C
:1074A0000720013AD2B28DF80720EAE7FFF7ECFC9B
:1074B00005490023C1F81031FFF728FC14B110234F
:1074C000C1F8043302B010BD0010004000E100E03C
:1074D0002016002000F0014038B51A4D0024C5F8F0
:1074E0004845C5F84445C5F84045C5F84C45FFF743
:1074F000A5FF00F0B1FA144B14495A6C42F04462F3
:10750000C1F80825C3E90E445C641C76104BC5F82D
:1075100048450222C5F84445C5F84045C5F84C45E4
:10752000C5F84841C5F84441C5F84041C5F84C414B
:10753000C3F88020BFF34F8FBFF36F8FC3F8802154
:1075400038BD00BF008000402016002000F0014040
:1075500000E100E0014BC3F83C057047001000401B
:1075600010B50FC8014C84E80F0010BD8416002030
:10757000064BC3F80405064B93F84D20986442F07F
:10758000010283F84D20FFF70DBC00BF0010004042
:107590002016002010B50F4C034694F8410094F8D3
:1075A00040100222012822764FF0960094F8202005
:1075B0000CD100F0C5F9084AE0610023C2F844315B
:1075C000E36BE1690B44C2F8443510BD00F0D2F919
:1075D000F1E700BF2016002000800040044BC3F8F4
:1075E0006005D3F8002242F04002C3F80022704741
:1075F00000100040054BD3F8002222F04002C3F8EF
:1076000000220022C3F86025704700BF0010004030
:10761000044BD3F8483503F07F035B42037001202D
:10762000704700BF0010004008B50D4B0246D970EE
:1076300008460021197082B901225A709A78022AEC
:107640000DD193F82210FFF7DFFB064AD2F8003283
:1076500043F48873C2F8003201E002225A7008BD78
:107660002016002000100040024B0022C3F84025E5
:10767000704700BF008000402DE9F843924D934CC5
:107680000123EB64A36AD5F84C7594F84C90FF1A6B
:1076900002F0A8FE0026C4E91406A765FFF7F4FB74
:1076A0008B4B626CC3F808258A4A6664D2F80032B4
:1076B00023F48E7323F00103C2F80032237E84F892
:1076C0004D6023B1D5F844319B1B18BF0123A1782D
:1076D000012938D1D2F80C31002B0CBF0025082528
:1076E00015F00B0F7B4B04D1D3F810210AB145F0F4
:1076F00010050022C3F80021C3F80C21C3F81021A3
:10770000C3F80421C3F8082105F01803102B03D196
:10771000012908BF45F020056B4B6678D3F8482552
:10772000E263D3F84435A36394F8203084F8403002
:1077300084F84110EEB9FFF7E9FA2676EF0761D534
:10774000636E98478EE0022911D1624AD2F80C018B
:10775000D2F8002400280CBF00250225D20758BF0C
:1077600045F00405002BBBD045F00105B8E7002526
:10777000B6E715F0110F21D12379B6F1010818BF32
:107780004FF00108012B26781CD0022B2FD09BBB79
:1077900096214046FFF7C2FA0146FFF7B7FA012EDD
:1077A00007D13B378F422AD8474B26700022C3F8B7
:1077B0004021E2784046FFF7B9FD01E0FFF73EFEC9
:1077C0000026BBE74448FFF73DFD94F8413023B95C
:1077D0004FF4EA613E20F9F713F8012B04D1FFF7CB
:1077E00033FC61690144D8E7FFF716FCF9E73A4832
:1077F000FFF728FD6169D0E740F63E21EAE7354B07
:107800001E619BE7A80745D503F0CEFBE8B903F05E
:10781000DBFBD0B92F4BD3F85034D90115D51A075B
:1078200005D013F0F00F02D013F4706F0DD1294A78
:10783000C3F304410129D2F8542406D1012A04D00B
:10784000C3F34253022B7FF67BAFA36C5B784B45AF
:1078500088BF45F0040585F00400A36E3146C0F3EF
:1078600080009847A378022B12D1237E83B1022B8C
:10787000154A1DD1E36BE1690B44C2F84435636CD2
:1078800043F480036364124B4FF48002C3F8042571
:10789000BDE8F88315F0280F06D085F02001E36ECF
:1078A000C1F340113046DCE7EB06DBD5236F48E738
:1078B000012B02D040F61E418CE7E369E16B8B425D
:1078C000DBD840F61F4185E70080004020160020ED
:1078D00000F001400010004028160020024B03EB8E
:1078E0008003186C704700BF8CED0100014B53F80A
:1078F00020007047D8ED0100024BC0B2C3F80C0560
:10790000704700BF00100040054B33F811300238BB
:107910004FF47A7203F2E733B3FBF2F31844704783
:10792000FCED0100054B33F811304FF47A7203F58A
:107930007A73B3FBF2F31844704700BFFCED01000B
:1079400038B51D460A4B33F8111003EB8203053599
:107950009C6821444FF47A7301F6B73103FB00149D
:107960001046B4FBF3F4FFF7B9FF2C44204438BDB4
:10797000FCED010070B5064608461546FFF7B6FF58
:10798000094A02EB850293684FF47A7203F6B73323
:1079900002FB06331C1A2846B4FBF2F4FFF79EFFE5
:1079A0000530204470BD00BFFCED01002DE9F74F0C
:1079B000244C074698460D46164600F0A3F8237857
:1079C000BB42814611D16378AB420ED194F90230AB
:1079D000B3420AD1E378834207D1A388A8F80030E4
:1079E00094F9060003B0BDE8F08F781EC0B20328FA
:1079F0000ED8DFF854C00DF107031CF80000324622
:107A0000294600F085F8824638B13D21752002E014
:107A100040F25F410620F8F7F3FE28469DF907B0D3
:107A2000FFF7E4FA534602464146584600F038F85C
:107A3000B8F80030A071A38027706570A67084F834
:107A40000390CDE70805002010EE0100014B1B68F4
:107A50005B681847B4070020014B1B689B681847F8
:107A6000B4070020014B1B681B691847B4070020AE
:107A7000014B1B685B691847B4070020014B1B686A
:107A80009B691847B4070020014B1B68DB69184746
:107A9000B4070020014B1B68DB6A1847B4070020BD
:107AA00010B4034C2468E468A44610BC604700BFCF
:107AB000B4070020014B1878704700BF701B0020EE
:107AC00000220F4938B50446134644FA02F0C007B5
:107AD000D5B248BF581C02F1010244BFCD54C3B215
:107AE000042AF2D1064DC3F10402042BD2B24FF0A6
:107AF000FF0188BF0022E81803F0E8FB2C7138BDB5
:107B00007C1B0020014B187D704700BF9816002099
:107B1000042810B511D883B104280CBF10242824E0
:107B2000A1420AD2064C54F8200018B141568A42AC
:107B3000A8BF0A461A70002010BD6FF01500FBE7C1
:107B40009816002030B50346114890F91C209A423F
:107B500019DD90F924209A4217DA9A1A846AA05CF7
:107B60000C4A15569D420DD00E32002918BF013027
:107B70009442C0B206D129B1013BDBB2012B01D83E
:107B80000130C0B230BD0D20FCE70020FAE700BF95
:107B90009816002014EE010008B5054B93F91C302F
:107BA000984203DAFFF7CEFF024B1B56184608BD7A
:107BB0009816002014EE010010B51C4C94F82C30DF
:107BC00073B9012384F82C3003F0B8F948B1184B8D
:107BD000A362D823236284F824300823A361237787
:107BE00010BD03F0C1F90028F1D103F0C7F9002856
:107BF000EDD103F085F938B10E4BA362D82323628F
:107C000084F824300423E9E703F084F90028F3D151
:107C100003F08AF90028EFD103F09AF90028EBD19C
:107C20004FF4DF71742002F03BFF00BF9816002074
:107C30004FEE010022EE01004FF08042012353601D
:107C40000023C2F80031014A13707047C5160020A6
:107C5000014B01221A707047C51600204FF0804377
:107C6000D3F8003123B9034B187800F001007047B6
:107C70000120FAE7C516002070B50A4D012604461A
:107C80002E70FFF7EBFF30B94FF080436E706C60E1
:107C9000C3F8046370BD002CFCD0A04700236B60C8
:107CA000F8E700BFC8160020024B00221A705A7075
:107CB0005A607047C816002010B5034C208100F0B0
:107CC00039FB608110BD00BFC8160020014B9889A8
:107CD000704700BFC8160020014B5889704700BF8D
:107CE000C816002010B5EFF3108472B6064A937BD5
:107CF0000133DBB29373937B012B01D106F04FFC70
:107D000004B962B610BD00BFC816002038B5FFF731
:107D1000E9FFFFF7A3FF094C4FF0804540B106F0A3
:107D200068FC01232B610423E3730023237438BD13
:107D30000323E3730123C5F80433F6E7C8160020D4
:107D400010B5EFF3108472B6094A937B23B940F261
:107D5000F1116D2002F0A4FE937B013BDBB2937323
:107D6000937B0BB9FFF768FF04B962B610BD00BF83
:107D7000C816002073B51B4D6B7C63B9E86900F031
:107D8000030006F026FC30B1EFF3108372B6EA7BF5
:107D90001AB103B962B602B070BD0122EA7303B929
:107DA00062B64FF080430822C3F808234FF42073D3
:107DB000ADF80630BDF80640A4B2631E9BB2ADF824
:107DC0000630002CF6D14FF080460748C6F80C412B
:107DD00006F05DFC85F82140FFF798FF0823C6F800
:107DE0000433D8E7C8160020E81600202DE9F0413A
:107DF000384C94F82230002B69D04FF08043D3F8F0
:107E00000071D3F8046157B10122C3F808236378E5
:107E10002BB16368002565700BB1984765604EB162
:107E20004FF080430022C3F804210222C3F8082344
:107E3000FFF7A0FF4FF080462748D6F80C8194F852
:107E40002150EDB206F027FC20B140F28D216D20CB
:107E500002F026FE47B1E37B032B05D10423E37335
:107E600006F0C7FB01233361B8F1000F16D04FF0C5
:107E700080430022C3F80C21E37B042B02D040F2A4
:107E8000AB21E4E703F084F8C0B14FF08043002257
:107E9000C3F8342C0223E373FFF752FF4DB10023E4
:107EA00084F82130E37B022B01D1FFF72FFFFFF78E
:107EB00047FFBDE8F041084806F0FCBB03F048F876
:107EC0000028E2D103F05AF80028DED1E2E7BDE84D
:107ED000F08100BFC8160020E816002010B5044C41
:107EE000E06900F0030006F074FB0028F8D010BD34
:107EF000C8160020F8B5054650B10278042A07D804
:107F0000437842B9013B1F2B02D88378212B07D934
:107F10006FF0150077E0002BFAD18378002BF7D1B2
:107F2000814B0127C3F88070BFF34F8FBFF36F8F72
:107F30004FF08046C3F880717C4C4FF0FF33C6F899
:107F400008330023C6F80031C6F80431C6F80C31F6
:107F5000A373AB88A38106F027FB08B12770A77332
:107F6000D6F80C24D6F80C34D20303D5DF0701D59C
:107F7000FFF76EFE4FF4AF60FFF79EFE2B78A978F7
:107F800063740022E261A1742274042B4ED8DFE8EE
:107F900003F005033B494B000123E36106F00BFBB3
:107FA00000284ED006F00EFBE36903F0030398426D
:107FB00047D1AB79002B3ED1FFF790FFA37C6BB18B
:107FC0002B785BB9FFF74AFE054602F0DFFE6FF043
:107FD0000043002D00F0A580C4E905034FF0804365
:107FE000D3F80C24D3F80C34D20303D5DB0701D526
:107FF000FFF72EFE4C4A01230020E07384F8223064
:10800000C2F880311360F8BDFFF76CFE4FF080437B
:10801000D3F80C14D3F80C24CE03F9D5D007F7D538
:108020000223BAE7424BB8E7424BB6E740F2FD31D4
:108030006D2002F035FD4FF080430222C3F8042387
:10804000BCE74FF080430122DA600022C3F804212C
:10805000E269C3F8182502F053FF10B34FF08053C4
:108060004FF08042D3F84432C3F34233C2F83C3578
:1080700002F046FF10B34FF080430122C3F84C25B5
:108080004FF0804301229A600222C3F80423AA79A8
:10809000002A93D1D3F8042391071CD44FF46D71B7
:1080A000C6E702F037FF0028D8D102F03DFF0028D4
:1080B000D4D102F04DFF0028D0D1D9E702F02AFF39
:1080C0000028D8D102F030FF0028D4D102F040FFC0
:1080D0000028D0D1D4E7184A1669116941F010017F
:1080E0001161D3F8043106F010060BB906F0EFFA6F
:1080F0004FF08047D7F8043183B1FFF7EFFE26B980
:108100000D4A136923F0100313614FF080430222DC
:10811000C3F808230022C3F804214FE706F0D5FA7C
:10812000E8E7C4E9053059E700E100E0C81600209F
:10813000010002000100030000ED00E0064B1A7888
:1081400010B5044632B901221A70FFF7CBFD204664
:10815000FFF792FD002010BDEB16002010B5054C76
:1081600023782BB1FFF7A0FD00232370FFF7E8FD74
:10817000002010BDEB160020014B1879704700BF9E
:10818000F0160020054B1A79824283BF1B6800EB72
:10819000400003EB00100020704700BFF0160020E5
:1081A00043F60952C0F3080302FB03F3400A03F548
:1081B000807302FB00F000EB5320704743F6095C2C
:1081C000C0F3080210B50CFB02F2C0F34E24030EFC
:1081D00043EA01230CFB04F0090E02F580724FEA1A
:1081E000411C00EB52205A01B2EB030E4CEAD36C57
:1081F0006CEB01044FEA841C4FEA8E12B2EB0E02C4
:108200004CEA9E6C6CEB040C4FEACC0C4CEA527CB2
:10821000D200D31841EB0C01DA03C903801841EAFC
:10822000534141F1000110BD430B48F2376C0CFB88
:1082300003F34FEA134C00B5104B43F6095E0EFBF7
:108240001C0000FB03F35B0D0EFB03FE03EB4C2352
:108250000EF5745C0CF1080CB0EB5C2F08D80EF531
:10826000807EA0EB5E20C0B20B6010705DF804FB56
:10827000013300200B6010705DF804FB6F0C0100EF
:10828000F8B5274DA94246D8264E274F450F45EA57
:10829000C105A6FB0514C0F34F31A40B01EB05414A
:1082A00007FB1411A6FB0151890B41EA04411F4C45
:1082B00004FB110448F2376C600B0CFB00F04FEA32
:1082C000104C43F6095E1A480EFB1C4505FB00F0F6
:1082D000400D0EFB00FE00EB4C200EF5745C0CF123
:1082E000080CB5EB5C2F12D80EF5807EA5EB5E2E48
:1082F0005FFA8EFE069D85F800E00D0628184FEA0D
:10830000112141F10001186059601460F8BD01307D
:108310004FF0000EEEE796219B2002F0C1FB00BF5C
:10832000FF7F841E83DE1B43000024F40080841E34
:108330006F0C0100420B48F2376303FB02F2120C90
:1083400043F6095C074B0CFB120101FB0333013BB5
:108350005B0D0CFB03FC5002B1EB5C2F88BF0130BE
:10836000184470476F0C010008B5064B93F80023C2
:10837000202A03D12D21022002F092FB83F828034A
:1083800008BD00BFF816002008B5064B93F800237F
:10839000202A03D13321022002F082FB93F8260326
:1083A00008BD00BFF816002010B5094A92F8003346
:1083B000202B03D13E21022002F072FB18214B43F7
:1083C000D018BDE81040D35840680321184700BFBB
:1083D000F8160020074B4FF0FF32C3F808230022A5
:1083E000C3F84025C3F84021C3F84425C3F844210D
:1083F000704700BF008000400C4B0D491B78012BDB
:1084000014BF4FF4E0224FF4C022C1F8482318BF34
:108410000023C1F80823074A99000A440021012BD0
:1084200042F8041B00D170470123F8E7301A0020FE
:1084300000B0004040B1004070B5EFF3108472B658
:10844000094A0A4B0025D2F80415D2F804612EB16E
:10845000596801315960C2F80451F4E75B6804B906
:1084600062B6C0E9001370BD00B00040301A0020B1
:10847000094BD3F80435C01A20F07F4323F00103E1
:108480003BB120F07F40B0F5000F8CBF02200020F0
:1084900070470120704700BF00B0004008B5124B84
:1084A000D3F8042522F00302C3F80425D3F80825E5
:1084B00042F00302C3F80825102292FAA2F2B2FA9F
:1084C00082F2092A04DD094840F2913102F0DEFA15
:1084D000C3F810250122DA60054B4FF48072C3F80F
:1084E00080211A6008BD00BF00800040F1FB010040
:1084F00000E100E0114B4FF40062C3F88020BFF3AD
:108500004F8FBFF36F8FC3F880210D4B01225A604C
:108510009A60D3F80425002AFBD10A49C3F808134E
:108520004FF4E021C3F84813C3F84021C3F84421B5
:10853000C3F84821C3F80421704700BF00E100E000
:1085400000B000400200070008B50A4B4FF48072EB
:10855000C3F88020BFF34F8FBFF36F8F0649C3F876
:10856000802101204860FFF735FF044B086100229D
:108570001A7208BD00E100E000800040301A0020BF
:1085800038B5244CFF234FF0FF32002563724FF0C3
:10859000FF33C4E9042325706560FFF7D5FFFFF7BB
:1085A000A9FF1D4A1D4BC2F800524FF4006119602B
:1085B000A0691B4930B901230B60194B0222C3F893
:1085C000042338BD174B184CC3F8A845C3F8AC05B5
:1085D000C3F85C194FF40021C3F804150521C2F853
:1085E000401501211160D2F840110029FBD04FF451
:1085F0000021C3F8081501215160D1600021C2F8A3
:108600004011C2F84015C3F8A815C3F8AC15C3F85B
:10861000AC15D2E7301A00200080004000E100E0F5
:1086200000B0004000F0014040810040014BD3E920
:1086300004017047301A0020014BD3F8040570473D
:1086400000B0004013B56846FFF7F6FEDDE9000410
:10865000FFF7A6FD024B0021E4FB030102B010BDB1
:108660000080841EB1F1FF3F08BFB0F1FF3F2DE94C
:10867000F041404C05460E4638D13F4DD5F800310B
:108680007BB33E4E3E4BC6F808354FF00008FFF76F
:10869000B3FE84F80980FFF757FFFFF7FFFE394B61
:1086A000C5F80081384FC6F8A8354FF40023C6F846
:1086B000AC75C6F8043505F0D5FFD5F800312BB1FF
:1086C0000123C5F800817B60FB60F4E7013041F1D4
:1086D00000010223C4E904012370FF236370BDE895
:1086E000F08105F0BFFFC51C41F10006D4E9047319
:1086F000B34208BFAF42F2D0204B214AC3F808254D
:10870000FFF77AFE1C4A4FF4803125F07F480023A2
:10871000C2F808134046C2F84813C2F84031FFF7C8
:10872000A7FE20B140F202316C2002F0B9F9C2F884
:108730004085C2F844132378012B06D127F07F47E8
:108740003846FFF795FE0128FAD000236372FFF741
:10875000FBFEFFF7A3FE094A01234FF000412370FF
:10876000C2F8041504226270034AC4E90456C2F830
:108770004833B4E7301A002000B0004000F0014058
:108780000000088000B1004000800040012837B59B
:1087900008D9041FE4B2022C19D940F29D316C2093
:1087A00002F07EF9234900F1100201239340C1F841
:1087B000083300F5A873002241F823201E4B8100E6
:1087C0005A5053F820300093009B03B030BD1B4D2E
:1087D0002B7893B16A7882420FD1194A1949C2F8AD
:1087E0000815012B01D1FFF7AFFE00232B704FF0CE
:1087F000FF324FF0FF33C5E90423134A4FF48033AF
:10880000A340C2F80833C2F8483304F5A87352F8FD
:108810002300FFF72DFE012818BF0C4B22B24FEAB0
:1088200084041CBF00211951084B53F822300193D6
:10883000019BCAE70080004040810040301A0020C0
:1088400000F001400000088000B0004040B100404E
:10885000012870B52D4B06D9041FE4B2022C2DD986
:1088600040F257310BE0D3E90441B1F1FF3F08BFBB
:10887000B4F1FF3F06D11B7A23B940F22F316C20AF
:1088800002F00EF912B940F23331F8E72049012322
:1088900000F1100403FA04F4C1F8044300F5A874CD
:1088A00041F824208B64D1F848550024AA42C1F82D
:1088B000484526D8FFF76AFF204670BD197829B1D0
:1088C0005B78834202D140F25331D8E7114B124E0C
:1088D00022F07F41A20013444FF48035A5400022CE
:1088E000C6F808530846C6F848531A60FFF7C0FD9B
:1088F00048B904F5A87446F82410C6F80453C6F81D
:1089000044530120D9E71046D7E700BF301A0020B2
:108910000080004040B1004000B0004010B50A4B5C
:108920000446012210B1C3F8442310BDC3F8482304
:10893000FFF70AFE054B4FF0FF304FF0FF31C3E960
:1089400004011C70F1E700BF00B00040301A0020A5
:10895000F8B5164D164E00244FF48037D5F8043381
:1089600007FA04F21A4212D056F824307BB10023E1
:1089700046F8243004F5A87355F82300FFF778FD76
:1089800028B1201DC5F80823C0B201F00DFC013448
:10899000032CE3D1054BD3F8042132B10022C3F8F4
:1089A0000421044A536801335360F8BD00B000400D
:1089B00040B10040301A002038B5224C637AFF2BBA
:1089C00039D0237883B10122022B22722DD11E4B84
:1089D0004FF40022C3F80825002323704FF0FF3224
:1089E0004FF0FF33C4E90423184DD5F804339A033C
:1089F00009D5D5F8443133B14FF40033C5F8083305
:108A0000012001F0D1FBD5F80433DB0319D5D5F8EB
:108A10004031B3B14FF48033C5F80833FF2363729C
:108A20000020BDE8384001F0BFBB0223607823700E
:108A3000FFF7ACFED8E7054BD3F804330BB10720A2
:108A4000EFE738BD301A002000F001400080004000
:108A50002DE9F04F93B01C460492CDE90201FFF7D7
:108A6000E5FD182301910646B849082004EB4402AD
:108A700013FB0404631801EBC202083265581F7B24
:108A8000D3F8048093F80D9005970FCA0CAC25F02D
:108A90007F4A84E80F005046FFF782FBAC4B7C1CFA
:108AA0009842044400F288819C4200F39380002C99
:108AB00055DBFFF7D3F8B9F1010F834608D0A54F76
:108AC000D7E90223B3F1FF3F08BFB2F1FF3F4BD01C
:108AD00005F0A8FD019B0690B3F1FF3F08BFB6F17A
:108AE000FF3F03D0B54278EB030378D2029B032209
:108AF000EB1A934269DBBBF1000F00F0E880002322
:108B00000793029BB5EB030B039B68EB030705F090
:108B100089FD0930C217834577EB020380F0DB80C3
:108B2000049B012B00F0E180079B002B5AD1019B95
:108B3000B3F1FF3F08BFB6F1FF3F53D0721B63EBA9
:108B40000803042A73F1000180F22881012A73F1DD
:108B500000033ADADDF81CB026F07F4A52E004F157
:108B6000F45404F59024A4E70028B1D105F05AFD8F
:108B7000019B0690B3F1FF3F08BFB6F1FF3F00F045
:108B8000A380B54278EB0303C0F09E803B7C002BB2
:108B9000069B14BF00221A463346EB1A9A4214DC95
:108BA00001230793D7E90232B2F1FF3F08BFB3F1C7
:108BB000FF3FA6D00699EB1A68EB02028B4272F1D6
:108BC00000039ED2B9F1010F9BD00024204613B0C0
:108BD000BDE8F08F04F1614404F5F70469E733461A
:108BE000002285E728464146FFF73CFD4FF0000B89
:108BF000B8F1FF3F08BFB5F1FF3F00F0E2802E461D
:108C0000CDF804805046FFF7CBFA534B221A9A4214
:108C10000DD3001B98427CD34D4B9A4200F2B38097
:108C2000984240F2D880C0F1614202F5F702D317B2
:108C30000020FFF70DFE04460028C6D0454FB9F1CD
:108C4000010FD7E9022366D0BBF1000F40F0888006
:108C5000B3F1FF3F08BFB2F1FF3F00F0A680012053
:108C6000FFF75CFE3B7C002B40F092806A1E68F1AF
:108C700000030620FFF7ECFD002842D0B9694FF051
:108C8000804200230B60C2F80835059B8DF83C300C
:108C900000238DF8403008934FF0FF324FF0FF3340
:108CA000CDE90C58CDE90A238DF83D9008AE0FCEE2
:108CB0002A4D0FC50FCE0FC596E8030085E80300C7
:108CC000204613B0BDE8F08F029BC21C65E7214F20
:108CD000CDF81CB066E7B9F1010B2846414618BF34
:108CE0004FF0010BFFF7BEFC82E7019BB3F1FF3FA2
:108CF00008BFB6F1FF3F73D026F07F4A4FF0000B5C
:108D000080E7BA694FF080410123C1F8083513604C
:108D1000BBE742428BE7B3F1FF3F08BFB2F1FF3F31
:108D200024D1BBF1000F9DD0069BF21A019B4FF09E
:108D3000050063F10003FFF78BFD002846D03B7C64
:108D4000002B93D101233B7490E700BFF81600205D
:108D5000FF7F841E501A00200040420F001A00209E
:108D6000B3F1FF3F08BFB2F1FF3FDDD005F056FC85
:108D70004FF0FF324FF0FF33C7E90223BBF1000F82
:108D80003FF470AFD0E702F1F45202F590224EE7C3
:108D90000520FFF7FBFC00233B7467E728464146AC
:108DA000DDF81CB0FFF75EFC22E705F035FC05F0AE
:108DB00059FCC7E9020152E740F20F41702001F06F
:108DC0006FFE40F21671702001F06AFE40F2212120
:108DD000702001F065FE40F2CF71702001F060FE5E
:108DE00040F27A61702001F05BFE00BF2DE9F04F88
:108DF0008D4F7C7C04EB44033B4483B05D78202D95
:108E000048D08A4BE6B26400002B00F08980884B82
:108E1000DFF82092002B5FD005EB461207EB420AE9
:108E20004FEA46189AF81C30013BDBB2052B34D8C8
:108E3000814A12F803B0BBF1080F2ED0AFF30080C7
:108E4000EFF3108372B634443C449AF81D206270EC
:108E5000A278AA4204BF2022A27013B9AFF3008007
:108E600062B6A84405EB450509EBC50207EB4808C7
:108E7000506859F835300122594688F81C20984727
:108E80007C7C04EB44033B44E6B25D78202D4FEA42
:108E90004404C1D103B0BDE8F08F40F245617020B9
:108EA00001F0FEFD62B6A84405EB450509EBC502DD
:108EB00007EB4808506859F835300122594688F8C0
:108EC0001C2098477C7C04EB44033B44E6B25D786D
:108ED000202D4FEA4404DDD005EB461207EB420A91
:108EE0004FEA46189AF81C30013BDBB2052BD4D868
:108EF000514A12F803B0BBF1080FCED0AFF3008097
:108F0000EFF3108372B634443C449AF81D2062702B
:108F1000A278954204BF2022A270002BC3D1C1E7E2
:108F2000434BDFF814B1DFF80CA14FF02009002B00
:108F30004FD005EB461207EB42024FEA4618137F6B
:108F4000013BDBB2052BA8D81BF803100829A4D0DD
:108F5000EFF3108372B634443C44527F6270A278BF
:108F6000954208BF84F80290002B52D0A84407EB2A
:108F7000480805EB45050AEBC5025AF8353050683C
:108F8000012288F81C2098477C7C04EB44033B4476
:108F9000E6B25D78202D4FEA4404CAD17AE762B682
:108FA000A84405EB45050AEBC50207EB48085068E5
:108FB0005AF83530012288F81C2098477C7C04EB55
:108FC00044033B44E6B25D78202D4FEA44043FF46D
:108FD00061AF05EB461207EB42024FEA4618137FDA
:108FE000013BDBB2052B3FF658AF1BF803100829F5
:108FF0003FF453AFEFF3108372B634443C44527FD6
:109000006270A278954208BF84F80290002BC7D105
:10901000C5E70191AFF3008062B6A844019905EB62
:10902000450507EB4808A6E7501A0020000000009D
:1090300000000000F816002080EE01002DE9F04F3E
:1090400085B0DFF80C81019301EB41034FF0200C58
:1090500018F8034003916445924682F800C073D02B
:109060004B01DFF8F09006469B4610E0727B012A28
:1090700002D0427D012A57D00BEB040308EB4303D7
:109080008AF800405B7F202BA4465DD01C4604EB91
:10909000440009EBC000D0E9032387683568716894
:1090A00013EB070E42F10002754571EB02024FEA25
:1090B0004403DBD21D46019B83F800C0039B4FEAAB
:1090C000431B281909EBC0003768B368D0F808A023
:1090D0007268C168DB1942F100029A4571EB020324
:1090E00010D3437D012B02D0737B012B03D00120D1
:1090F00005B0BDE8F08F05F095FAAAEB070701303F
:109100008742F4DA019A254409EBC5051470A97D5C
:10911000B27B0BEB0403914208EB430310D95C7F55
:10912000202CE4D06500CCE7029305F07BFAED1B20
:1091300001308542A0DA029B9AF800C01D46BAE7CA
:10914000002005B0BDE8F08F019B1C70CFE700BF89
:10915000501A0020F81600202DE9F04F83B00C467D
:1091600015461E469DF83070FFF7E4F822686368E4
:10917000451946F10006954276EB030342D3DFF82A
:109180008C8005E05D4576EB09033BD3C4E900B96B
:109190000DF107030DF1060239462046FFF74EFF99
:1091A00088BB9DF8073003EB430308EBC303D3E907
:1091B00002A01A691AF1030B40F1000012EB0B0B2D
:1091C000627B40F10009012ADCD05B7D012BD9D103
:1091D00005F028FAABEB0A0301308342D2DA9DF89E
:1091E000073003EB430308EBC303D3E902B905F0EF
:1091F00019FA013010EB0B0B49EBE0795D4576EB8A
:109200000903C3D2002003B0BDE8F08FF816002098
:109210002DE9F04715461C4612782F7A95F809C0BB
:1092200088B00023E360C4E90033A7739DF8408051
:1092300084F80DC00646A360E2730F46002A3AD1B7
:10924000FEF7BCFFD5E9042C3C4BC31841F1000EDE
:109250009A427CEB0E030AD3013E47F1FF37C4E983
:1092600000674FF47A73A36008B0BDE8F08726303A
:1092700041F1000182427CEB0103EDD3501E04F169
:109280000C036CF10001009304AA06ABFEF7F8FF93
:10929000049B686802330DF10F0205A91844FEF71C
:1092A000C3FFDDE9053207999B1A23F07F43C4E928
:1092B0000021A360D8E7224804F10C0206A9FEF7BA
:1092C000B3FF204B1B78202B24D01F490B69D1E919
:1092D0000521083342F1000A13EB01094AF1000AA3
:1092E0006B68207B1844023005AA04F10801C4E928
:1092F000009AFEF799FF2869CDF8008032463B4678
:109300002146FFF729FF0028AED1C4E9006708B065
:10931000BDE8F087637B16F1080947F1000A012BCD
:10932000DED0FEF79BFC0028DAD105F07BF910EBCC
:10933000090399464AF1000AD2E700BF0040420FF4
:10934000FF7F841EF8190020001A00202DE9F04745
:1093500000EB4003344DDFF8D480EC5C0646470058
:10936000FFF76AF94FF0200C4FEA461E04EB440168
:1093700008EBC1010EEB0403D1F808A00A69AAEBBF
:10938000000929F07F49B9F5000F05EB43030DD81B
:1093900012EB0A02121A22F07F42B2F5000F05D832
:1093A000BCF1200F0AD12046BDE8F0875B7F202B5F
:1093B000A4461C46DAD1BCF1200FF4D00CEB4613C6
:1093C000BA1905EB430315F802805B7FAB547101BA
:1093D00044464FF0040E0B1905EB43032246944517
:1093E000204683F81CE05C7FF5D1BB192B440A446E
:1093F00093F802E0BEF1200F5FFA8EFC18BF8C4498
:109400003E4418BF05EB4C0C05EB4202354408BF47
:1094100083F801804FF0200318BF8CF81D80A870DE
:1094200053772046BDE8F087501A0020F816002038
:109430002DE9F04101EB41034A4DEE5C202E82B054
:109440000C4680464FEA410740D1474B0BB1AFF382
:10945000008005F007F9AB7C0191202B0AD0434B2B
:10946000D3E904E210F1020C41F10003E64572EB8E
:10947000030330D3202E0AD042463346FFF7E8FAE2
:1094800000283DD00220AE7402B0BDE8F081D5E9DD
:109490000223B3F1FF3F08BFB2F1FF3F1FD12B7C86
:1094A00043BB0420FFF772F905F0EAF80020FFF74C
:1094B00035FAA9694FF080422020A87400230120CA
:1094C0000B60C2F8083502B0BDE8F0810846FFF72E
:1094D0003DFF8642B9D0002002B0BDE8F08105F022
:1094E0009DF84FF0FF334FF0FF32C5E902232B7C8C
:1094F000002BD6D00520FFF749F900232B74D0E7C5
:109500003A1906EB441305EB430315F802C05B7FE1
:10951000AB5461016246042013468A1805EB4202EF
:109520009E421077527FF7D13A192A443C449678EC
:10953000F0B2202E18BF4018194418BF05EB4000A8
:1095400005EB4101254418BF80F81DC0AB704FF0FA
:1095500000004FF0200308BF82F801C04B7702B033
:10956000BDE8F081501A002000000000001A002021
:1095700038B5164A164D4FF0FF304FF0FF3100233B
:10958000C2E90201C5E90201202142F22000A970CE
:10959000136082F82030A9741C4628806B742B74E9
:1095A00005F11C0202F814300134202CFAD10948CC
:1095B00001F02AFC084B094A1C70107001F014FDE0
:1095C000A861FEF7DDFF0123EB7438BD001A00200F
:1095D000501A0020ED8D0000F8190020281A0020F4
:1095E0002DE9F04F83B005F03DF8DFF868820646BC
:1095F0000C4605F045F84FF0FF334FF0FF32C8E955
:10960000022398F82030D3B9D8F81030D8F81820B1
:10961000D8F814109048033341F100019B1802F56B
:10962000DF62A0FB02024FEA922241F100019B1887
:1096300041F100019E4274EB010380F0FB804FF08A
:10964000FF304FF0FF31FFF70DF8844A92F800B079
:10965000BBF1200F00F0E980814D20231370AB7423
:109660006B7C0022C8F8002003EB43025FFA83F909
:10967000AF5C5B00202F00930AD0DFF8E8A107EB76
:1096800047030AEBC3037A00D97D012900F0A880C3
:10969000009BDFF8D4A103EB09062E444FEA4917DB
:1096A0003478202C04D04846FFF750FE8442F7D18E
:1096B000BAF1000F01D0AFF3008004F0D3FFAB7C10
:1096C000202B09D0D8E9042310F1020E41F1000C3F
:1096D000724573EB0C03E3D3202C34D023460122D4
:1096E000FFF7B6F9002852D0AC7407EB0B0305EB7B
:1096F00043031A7F022A1BD1009A4A442A440621B6
:1097000019779178CBB220291CBFDB1905EB4303F5
:109710005F4418BF83F81DB0009B08BF82F801B0FA
:109720004B442B4405EB470783F802B020237B779B
:10973000FF23AB71009B4B441D446B78202B60D101
:1097400003B0BDE8F08FD5E90223B3F1FF3F08BFB6
:10975000B2F1FF3F07D004F061FF4FF0FF324FF04E
:10976000FF33C5E902232B7CA3BB0420FFF70EF8CF
:1097700004F086FF0020FFF7D1F8A9694FF080427E
:1097800000232020A8740B60C2F80835ADE73B1910
:1097900005EB430330785B7F3370024604211346A8
:1097A000BA1805EB42029C421177527FF7D1B1788B
:1097B000B370CAB220291CBFD21905EB42023B4448
:1097C00005EB430318BF50774FF0200208BF7070BD
:1097D0005A7765E70520FEF7D9FF00232B74C4E70D
:1097E0005B7D012B14D1033644F1000417440AEBCE
:1097F000C70ADAE90223B242A34128BFCAE90264D8
:1098000046E71A4B187803B0BDE8F04F01F028BBCB
:109810000192FEF723FA019A0028E4D104F002FF36
:109820008619019A44F10004E0E740F2B12170206A
:1098300001F036F9094B0B4A1B78182101FB03F3A1
:10984000D01807214068D358984740F2A6217020CD
:1098500001F026F9001A00209300DC92F81900208C
:10986000501A0020F816002000000000281A0020DE
:1098700038B50C46054604F0DBFE11494B7C01F17E
:109880001C0C5FFA83FE0CEB831C002302E0013307
:10989000202B13D01CF81320D8B2002AF7D1094A84
:1098A00003EB4E1E03EB430301EB4E0142F8335032
:1098B00002EBC30301220A775C6038BD184638BD4D
:1098C000501A0020F81600201F2808D80A494B7C9F
:1098D00000EB431301EB43031A7F012A01D0002060
:1098E00070474B7C00EB431301EB43034FF0000C3C
:1098F000104683F81CC07047501A002010B5054C64
:10990000D4E90401FEF75AFC237F0133181841F112
:10991000000110BD001A00200378002B40F0D78012
:109920002DE9F04F6F4A5368C3F3080389B08146AD
:10993000002B40F0B8806C4E6C4FDFF8B4B106F1EC
:109940001C0A27B1002140F23740AFF30080757C3C
:10995000EDB24FF00003B37127B1002140F23C405B
:10996000AFF300800AEB851EBEE80F006C1C04F00C
:1099700001080AEB881CACE80F00BEE80F00ACE859
:109980000F00BEE80F00ACE80F009EE80F00444651
:109990008CE80F002DB227B100214FF47370AFF3A4
:1099A000008005EB450504EB44047319725B9B785A
:1099B00032533444A37057B100214FF47470AFF3A5
:1099C000008027B1002140F24140AFF3008004F055
:1099D00049FECDF8008004AB4A4604460D46FFF729
:1099E00017FC27B100214FF48960AFF30080414B91
:1099F0001B78202B3FD0DBF81030DBF81420DBF88D
:109A00001810083342F100025B1842F10002DDE950
:109A10000401984271EB020CCDF8008022D3364845
:109A200022462B4604A9FFF797FB98B1DDE9040114
:109A3000FEF7C4FB9DF81C3001331B1841F10001F7
:109A4000C9F81030C9F8141027B1002140F25B406A
:109A5000AFF30080B379002B7FF473AF012009B01E
:109A6000BDE8F08FCDE9043204A922462B462248F6
:109A7000FFF772FBDAE79DF81D1014F1080345F1BA
:109A800000020129C3D0CDE90232FEF7E7F8DDE993
:109A900002320028BBD104F0C5FD029B039AC31813
:109AA00042F10002B3E7103B59B2002911DB01F18A
:109AB000604101F5614191F8000340090028CED0D2
:109AC000094E0A4FDFF828B006F11C0A39E70020DA
:109AD000704703F00F03043B1344187E400900282D
:109AE000EED1BCE700ED00E0501A002000000000BD
:109AF000001A0020F81900200040420F2DE9F04F15
:109B0000AC4A53688FB0C3F3080383460491002B1B
:109B100040F0628108230393049B1B78012B00F221
:109B20003D82A54E26B1002140F22950AFF30080BE
:109B30000023A24C05934FF0010926B1002140F209
:109B40003650AFF30080B9F1000F04D19C4B0BB13C
:109B5000AFF3008062B6657CEDB24FF00003A371F5
:109B6000039B002B40F09880A84626B1002140F2CC
:109B70004A50AFF3008004F075FD049A00950AABDB
:109B80008246FFF745FB26B1002140F25250AFF369
:109B900000800BEB481904EB49094FEA481799F884
:109BA0001C30013B012B75D80A992AF07F4AA1EBA2
:109BB0000A0222F07F4323F00103002B40F0BD8016
:109BC00008EB4802224407EB0B03907804EB4303B5
:109BD0000421202819774FEA4803C1B200F096818A
:109BE000394404EB410181F81DB0434423445F44F0
:109BF00004EB470783F802B020237B77002305930B
:109C0000012726B1002140F25750AFF300806D4B81
:109C10000BB1AFF30080EFF31088C14672B6A379A1
:109C2000002B8AD1684B0BEB4B0C03EBCC0C0AAB33
:109C30000FCB0CF1080C8CE80F008FB1039B002BAD
:109C400000F0EA80059B23B1604B1B78202B00F0CD
:109C50006081637CDB4303F001036374FF23A37122
:109C6000B8F1000F04D1564B0BB1AFF3008062B6D0
:109C700026B1002140F28E50AFF30080002F4AD170
:109C800026B1002140F29A50AFF3008038460FB061
:109C9000BDE8F08F0027B4E74D4B05F1010A0AF04B
:109CA000010A03EB851E03EB8A1CBEE80F00ACE83B
:109CB0000F00BEE80F00ACE80F00BEE80F00ACE8F4
:109CC0000F009EE80F002DB28CE80F00D0460FFA6F
:109CD0008AF726B100214FF47370AFF3008005EBD3
:109CE000450507EB47076319625B9B78E2532744FE
:109CF000BB7056B100214FF47470AFF3008026B1F1
:109D000000214FF4A860AFF30080A379002B7FF40B
:109D100014AF554629E7637C03EB43031C44637887
:109D2000202BADD026B1002140F29550AFF300803A
:109D3000284B187801F094F8A2E722F07F42B2F5A0
:109D4000000F3FF63DAF0C9B5B18A3EB0A0323F01B
:109D50007F43B3F5000F3FF633AF0DF127030DF14D
:109D6000260229460AA8FFF769F9059000285AD16A
:109D700008EB480222440423907889F81C304FEA0B
:109D800048032028C1B2434418BFC91923445F4483
:109D900004EB470718BF04EB410183F802B04FF012
:109DA000200314BF81F81DB082F801B07B77012732
:109DB00027E700BF00ED00E000000000501A00207F
:109DC0000000000000000000F8160020F819002034
:109DD0006C1A0020281A0020103B59B20029C0F24A
:109DE0008D8001F1604101F5614191F800335B091B
:109DF0000393002B7FF490AE704B1B78202B00F068
:109E0000D280049B1B780393002B3FF48AAE40F270
:109E10002251702000F044FEFF23A371B8F1000F1F
:109E20007FF426AF1FE79DF826C09DF827E0F44594
:109E300018D1BCF1200F00F09E8007EB0C0304EB5F
:109E400043035B7F89F81D30BC4404EB4C0C0022BB
:109E50008CF81DB05F4404EB4703059F0592032275
:109E60001A77CEE6BEF1200F00F0A28007EB0E03BA
:109E700004EB4303BCF1200F597F00F0878007EB10
:109E80000C0204EB42024FEA4803507F06905177E0
:109E90004FF0050A3A1804EB420201468E4581460E
:109EA00082F81CA0507FF5D103EB080222440791F1
:109EB00092F802A0BAF1200F5FFA8AFE63D0BE4486
:109EC00004EB4E0E069A8EF81D2003EB0802224486
:109ED000079982F80290394407EB0B024FF0200EED
:109EE00004EB410104EB4202F44581F81DE0507798
:109EF000AAD14344059A04F803B0ABE703F00F037B
:109F0000043B13441B7E5B09039372E782F801B0A4
:109F10006BE629460220FFF78BFA00287FF499AE02
:109F2000637C03EB430020440BEB431204EB42023F
:109F300085780421DFB211775A015B00202DE9B248
:109F40003B4418BF891823445A4418BF04EB41010D
:109F500004EB420283F802B04FF0200318BF81F8EF
:109F60001DB0059F08BF80F801B05377B8F1000F0E
:109F70007FF47EAE77E608EB4803E35C89F81D309A
:109F80004FEA4803B5E7069951709EE708EB48028F
:109F90004FEA4803A05C0690A15479E740F22651AD
:109FA000702000F07DFD40F21F51702000F078FD20
:109FB00040F2CB11702000F073FD00BFF8190020B3
:109FC0002DE9F84F734CDFF8D08105464FF0010AB8
:109FD00004F11C0BB8F1000F04D0002140F2AC508A
:109FE000AFF30080BAF1000F04D16C4B0BB1AFF3AB
:109FF000008062B64FF00003A371B8F1000F04D0E7
:10A00000002140F2B150AFF30080667C0BEB861E5E
:10A01000BEE80F0006F1010909F001070BEB871CF0
:10A02000ACE80F00BEE80F00ACE80F00BEE80F0080
:10A03000ACE80F009EE80F00B9468CE80F00B8F1BD
:10A04000000F04D000214FF47370AFF3008006EBD3
:10A05000460607EB4707A319A25B9B78E253274408
:10A06000BB70B8F1000F04D000214FF47470AFF34F
:10A070000080A37903F0FF01002B7CD1B8F1000F21
:10A0800003D040F2BB50AFF3008005EB491304EB63
:10A0900043034FEA49161A7F032A6AD109EB4902A2
:10A0A000A75CBD4271D0202F63D03B4601E0202B3E
:10A0B0005FD0F21804EB42021946537F9D42F6D15D
:10A0C000202D56D07319314404EB430304EB4101B6
:10A0D0005B7F4B77B8F1000F0CD0002140F23E308F
:10A0E000AFF30080B8F1000F04D000214FF4B86046
:10A0F000AFF300802E4404EB460601233377B8F11A
:10A10000000F04D0002140F2C950AFF30080244B6F
:10A110000BB1AFF30080EFF3108A72B6A379002B76
:10A120007FF458AFBD4203D11E4B1B78202B1AD0B1
:10A13000637CDB4303F001036374FF23A3710124F9
:10A14000BAF1000F04D1154B0BB1AFF3008062B62A
:10A15000B8F1000F04D0002140F2EB50AFF30080C3
:10A160002046BDE8F88F49460220FFF761F9002834
:10A17000DED10024E4E7B8F1000F3FF433AF002153
:10A1800040F2B750AFF3008024E7202DF1D05B7F81
:10A19000A3549FE7501A00200000000000000000B8
:10A1A00000000000F819002070B586B007280DD80F
:10A1B000DFE800F0310C0C0C0C1D040E5F4B4FF06F
:10A1C00080419A690123C1F80835136006B070BD5B
:10A1D0005B4B5C4A1B7803EB430302EBC30052F872
:10A1E00033304068042106B0BDE870401847534C36
:10A1F000237C002B48D0D4E90223B3F1FF3F08BFF2
:10A20000B2F1FF3F00F084800120FEF787FB0023BE
:10A21000237406B070BD494CD4E90223B3F1FF3F6B
:10A2200008BFB2F1FF3F55D0454E0120FEF776FB47
:10A230003378202B55D0444D6A7F012A3BD0FDF75F
:10A240000DFD0346002835D194F89C200132D2B28E
:10A25000312A84F89C206CD84FF47A7230786946A1
:10A26000CDE90032CDE90233CDE90433FFF746FCF6
:10A27000002859D095F82040012385F82030FFF7B9
:10A28000AFF985F82040A1E72D4B2E4A1B782E49C7
:10A2900003EB43034FF0FF344FF0FF35C1E90245B4
:10A2A00002EBC30152F833304868052106B0BDE81F
:10A2B000704018473378234A03EB430302EBC30093
:10A2C00052F833304068002184F89C1006B0BDE895
:10A2D0007040184704F0A0F904F0C4F9C4E9020181
:10A2E000A2E7637C03EB4301DAB2635C202B16D058
:10A2F00003EB421204EB4202507F6054FF21A17134
:10A30000114D337002211177002285F8202093E748
:10A3100004F082F904F0A6F9C4E9020174E740F2FE
:10A320004221702000F0BCFB40F21461702000F06C
:10A33000B7FB4FF4C261702000F0B2FB501A00204E
:10A34000F8190020F8160020001A002070B5224BE2
:10A350001A78202A86B035D0204CD4E90213B3F104
:10A36000FF3F08BFB1F1FF3F31D11D4E02EB42026A
:10A3700006EBC2060546D6E90201FDF71FFF337D55
:10A3800000225B195241013342F10002181842EBDE
:10A3900001010DF10B0204AB009203AAFDF770FF5F
:10A3A0009DF80B20DDE904130F2A94BF002201223F
:10A3B000521843F100030520C4E90223FEF748FACE
:10A3C00006B070BD40F2AA71702000F069FB40F247
:10A3D000AB71702000F064FBF8190020001A002017
:10A3E000F8160020FEF728B938B5254B93F800E0A1
:10A3F000BEF1200F3FD0234D6B7C95F811C003EBCD
:10A4000043035FFA8CFCEB5C202B25D01E4C4FEAFB
:10A410004C1C05E0634405EB43035B7F202B1BD002
:10A4200003EB430204EBC202917D8142F2D80EEBB2
:10A430004E0E04EBCE04D4E9021320694018916853
:10A44000D26843F10003C41C43F10003A14272EB44
:10A45000030304D2002038BD4FF0FF3038BD0B4B52
:10A46000081A03381C68FDF79BFE04F1320383428F
:10A47000F0D8001B38BD40F2DF71702000F010FBF7
:10A48000F8190020501A0020F8160020001A0020A9
:10A490002DE9F04F8C4B1D7887B0202D019000F0F6
:10A4A0000D81DFF82892DFF8288299F8113003EB4C
:10A4B00043030646D8F8000019F80340D8F81030D6
:10A4C00003930DF11302D8F8183002938B463044F1
:10A4D00005A9FDF7A9FE7F4BA6F132029A426AD880
:10A4E000DFF8F4A1059BD8F8146005EB45050AEBED
:10A4F000C505A8681B182869D8F810501818401B03
:10A5000020F07F43B3F5000F55D899F81120C8F813
:10A510001800202C88F81EB0D2B200F0C280520180
:10A52000DC462021934604EB440240190AEBC202A8
:10A5300046F1000ED2E90263864273EB0E034FEA46
:10A54000440746D3537D012B03D098F81D30012BCF
:10A5500035D005200091FEF719F9009999F81100FE
:10A560004FF0FF324FF0FF332029C8E90223C0B279
:10A5700040F0958000EB4000202419F80030524A4A
:10A5800099F81110127802EB411209EB420253774D
:10A59000D8F80030019A1344C8F80030FF2389F836
:10A5A0000630202C35D04D4B187800F059FC002097
:10A5B00007B0BDE8F08F012007B0BDE8F08F009133
:10A5C00004F030F8751B013085420099C1DA98F823
:10A5D0001EC027440AEBC707BB7D63450DD90BEBB3
:10A5E000040309EB43035B7F202B16D02146D8E9F7
:10A5F0000456D8F818001C4695E7DDE90231D8F872
:10A6000010205B189B1A0220C8F8183007B0BDE86C
:10A61000F08F002007B0BDE8F08F0520FEF7B6F8F8
:10A620004FF0FF324FF0FF3399F81100C8E90223D1
:10A63000C0B204EB401309EB430346005A7F00EB22
:10A640004003410119F803A009F803204FF0050C5D
:10A650005346CF1809EB47071A4694421D4687F820
:10A660001CC07B7FF5D137184F440A4497F802E0AD
:10A67000BEF1200F5FFA8EFC18BF8C44304418BF27
:10A6800009EB4C0C09EB420248444FF0200114BF87
:10A690008CF81DA087F801A0857051776FE70C46F4
:10A6A000C7E70520FEF772F899F811004FF0FF3266
:10A6B0004FF0FF33C8E90223C0B25BE740F6080160
:10A6C000702000F0EDF900BFF8190020501A0020AA
:10A6D000001A0020CE3F420FF8160020281A002052
:10A6E0002DE9F84F9A4C637C00EB431304EB4303D2
:10A6F0001B7F002B00F02781677CDFF8588205461E
:10A70000FFB2B8F1000F04D0002140F64700AFF3CC
:10A7100000807E0105EB471704EB4707B8F1000FF7
:10A7200040F0D980771904EB47073B7F012B08D015
:10A73000043B022B40F2C58003F0C7FF3B7F012B97
:10A74000F6D1DFF814A24FF0010BB8F1000F04D0DE
:10A75000002140F65E00AFF30080BBF1000F04D192
:10A760007E4B0BB1AFF3008062B64FF00003A371D4
:10A77000B8F1000F04D0002140F66300AFF3008071
:10A78000667C0AEB861EBEE80F0006F1010909F09F
:10A7900001070AEB871CACE80F00BEE80F00ACE82D
:10A7A0000F00BEE80F00ACE80F009EE80F00B946AE
:10A7B0008CE80F00B8F1000F04D000214FF4737043
:10A7C000AFF3008006EB460607EB4707A319A25B31
:10A7D0009B78E2532744BB70B8F1000F04D00021EE
:10A7E0004FF47470AFF30080A37903F0FF01002BE6
:10A7F00040F08580B8F1000F03D040F66D00AFF354
:10A80000008009EB490323444FEA490B5E78B542C7
:10A8100000F08F80202E2CD04FEA491101E0202E2D
:10A8200027D08B1904EB4303324637465E7FB5428F
:10A83000F5D1202D1DD00A44294404EB410104EB3D
:10A8400042024B7F5377B8F1000F04D0002140F251
:10A850003630AFF300800BEB090323449B789E4214
:10A860005AD0B8F1000F0CD0002140F23E30AFF3C7
:10A870000080B8F1000F04D0002140F67100AFF362
:10A880000080374B0BB1AFF30080EFF310839B4692
:10A8900072B6A279002A7FF458AF84F81190FF2293
:10A8A000A27123B92D4B0BB1AFF3008062B6B8F1A2
:10A8B000000F04D0002140F68300AFF30080BDE814
:10A8C000F88F731904EB43030122DFF88CA01A7789
:10A8D0004FF0010B39E73B7F012B3FF432AF043BD4
:10A8E000022B16D9002140F65300AFF3008003F08D
:10A8F000ECFE002140F65700AFF300800EE7B8F100
:10A90000000F3FF42AAF002140F66900AFF300804A
:10A910001BE701233B77ECE7B8F1000F04D00021DF
:10A9200040F23930AFF300800BEB090323449F70F2
:10A9300097E7202D9DD005EB491204EB420220271A
:10A94000527F5A707FE740F63E01702000F0A8F871
:10A95000501A0020000000006C1A002000000000C7
:10A9600000000000BFF34F8F0549064BCA6802F490
:10A97000E0621343CB60BFF34F8F00BFFDE700BF22
:10A9800000ED00E00400FA05094B01225A604FF087
:10A99000FF32C3F80823074B4FF48042C3F88020EE
:10A9A000BFF34F8FBFF36F8FC3F88021704700BF95
:10A9B00000E0004000E100E0094B01225A604FF046
:10A9C000FF32C3F80823074B4FF48052C3F88020AE
:10A9D000BFF34F8FBFF36F8FC3F88021704700BF65
:10A9E00000C0004000E100E0084B0022C3F8FC2F4B
:10A9F0000122C3F8FC2F064B0222C3F88020BFF3CC
:10AA00004F8FBFF36F8FC3F8802170470010004055
:10AA100000E100E0F8B51B4E337805460C461746BA
:10AA20006BBB00F061FAFDF7C7F8174B7760002D9C
:10AA300008BF1D4628463472FFF7D6FFFFF7BCFF5C
:10AA4000FFF7A2FF03F0F0FD0546B0B9FEF790FD59
:10AA500003F0ECFD03F0F3FD002C0CDB04F01F020F
:10AA60006409A40004F1604404F5614401239340A7
:10AA7000C4F880312360012333702846F8BD4FF0BD
:10AA8000FF35FAE7F01A002086EE010008B572B62D
:10AA9000024B5B6803B19847FFF764FFF01A002090
:10AAA0001FB572B6134B5D688DB9FFF75BFFB2FB44
:10AAB000F6F2DCB20133002AF9D104F110036B4441
:10AAC00003F80C2C0A2234B901A8A847EDE7024686
:10AAD00000230A26EDE7631E04AEDCB256FA83F3C8
:10AAE000B0FBF2F602FB1600303003F80C0C3046D7
:10AAF000E9E700BFF01A0020074B93F90830002B5C
:10AB000009DB5A09012103F01F0301FA03F3403264
:10AB1000024941F822307047F01A002000E100E0BD
:10AB2000014B1878704700BFF01A00202DE9F84F4C
:10AB3000DFF8C4A0314C324DDFF8C890074601263B
:10AB40009AF800805FFA88F8FF238AF80030B8F19D
:10AB5000000F01D08AF80130EFF3108272B60023A3
:10AB60006660C4F80031C4F80431C4F80475266086
:10AB70003AB962B605E0D4F8043133B92B69DB0683
:10AB800020D4D4F80031002BF5D0D4F80431002BB8
:10AB9000E2D1B8F1000F13D19AF80130DBB28AF894
:10ABA000018003214FF48042C4F80813C4F80481E3
:10ABB000C4F80081C9F880218AF80080002BBFD139
:10ABC000BDE8F88F4FF48043C9F88031EFF3108B64
:10ABD00072B60323C4F80433D4F8003113B9D4F89F
:10ABE00004311BB1BBF1000FCBD1C2E703F06DFD07
:10ABF000BBF1000FC5D1BCE7FC1A002000E000400B
:10AC000000ED00E000E100E070B51646DA078CB018
:10AC10001D4686468C4640F1A280C37B8DF80030ED
:10AC2000837B8DF80130437B8DF80230037B8DF8F8
:10AC30000330C37A8DF80430837A8DF80530437A77
:10AC40008DF80630037A8DF80730C3798DF8083017
:10AC500083798DF8093043798DF80A3003798DF8BE
:10AC60000B30C3788DF80C30837842788DF80D3036
:10AC700003788DF80F308DF80E20CA7B8B7B8DF812
:10AC800010208DF811304A7B0B7B8DF812208DF847
:10AC90001330CA7A8B7A8DF814208DF815304A7AE1
:10ACA0000B7A8DF816208DF81730CA798B798DF8CC
:10ACB00018208DF819304A790B798DF81A208DF803
:10ACC0001B30CA788B788DF81C208DF81D304A789F
:10ACD0000B788DF81E208DF81F306C462046FFF74C
:10ACE00025FFAB0731D59DF82F009DF82E109DF85C
:10ACF0002D209DF82C30307071709DF82B009DF840
:10AD00002A10B270F3709DF829209DF82830307118
:10AD100071719DF827009DF82610B271F3719DF8AE
:10AD200025209DF82430307271729DF823009DF823
:10AD30002210B272F3729DF821209DF820303073FA
:10AD40007173B273F3730CB070BD0DF1200CBCE8DD
:10AD50000F0030607160B260F3600CB070BDDEF85F
:10AD60000410DEF80820DEF80C3000686C46A646B9
:10AD7000AEE80F00DCF80000DCF80410DCF8082076
:10AD8000DCF80C30AEE80F00A8E700BF1B4B4FF417
:10AD9000805270B5C3F88020BFF34F8FBFF36F8F21
:10ADA000174D184C0021C5F80011C3F88021266901
:10ADB000236943F0100323610123C5F8043306F02F
:10ADC00010062B60D5F80031A3B11EB9236923F01A
:10ADD000100323610A4B0122D3F808055A60C3F817
:10ADE00008230022C3F80021044B4FF48052C3F81B
:10ADF000802170BD03F069FCE4E700BF00E100E0E2
:10AE000000C0004000ED00E038B50C4902460520C6
:10AE10000138C0B2FF2803D148216920FFF740FE66
:10AE200001EBC0031D7905F0FF04002DF0D141F8BE
:10AE3000302001225C719C711A7138BD001B00200A
:10AE4000042808B503D94F216920FFF729FE034BD9
:10AE500003EBC0000023037108BD00BF001B0020EE
:10AE6000042808B503D958216920FFF719FE094BBA
:10AE700003EBC0000379012B01D05921F4E743799A
:10AE800082790133DBB29A4218BF4371BDE80840B2
:10AE9000FFF732BE001B002070B5124C06250026BD
:10AEA000013D15F0FF0500D170BD94F8281004EBAA
:10AEB000C1031A79012A09D158799A79904205D0AB
:10AEC0005A79D2B29A7154F83130984794F82830B0
:10AED0000133DBB2042B94BF84F8283084F8286057
:10AEE000DEE700BF001B00204FF08052034BD2F87A
:10AEF00030111960D2F834215A6070472C1B0020A1
:10AF0000034B1868A0F10F0358425841704700BF27
:10AF10002C1B0020034B1868A0F10A03584258412B
:10AF2000704700BF2C1B0020034B1868A0F10E03D4
:10AF300058425841704700BF2C1B0020034B186833
:10AF4000A0F1100358425841704700BF2C1B00204D
:10AF5000044B1868062803D0431C584258417047D8
:10AF6000012070472C1B0020034B1868A0F10D0333
:10AF700058425841704700BF2C1B0020034B1868F3
:10AF8000A0F1080358425841704700BF2C1B002015
:10AF900008B5FFF7BFFF20B1024B5868B0FA80F048
:10AFA000400908BD2C1B002008B5FFF7D1FF38B1C0
:10AFB000044B5868063810F1080F94BF0020012098
:10AFC00008BD00BF2C1B002008B5FFF7C1FF38B13A
:10AFD000044B5868063810F1080F8CBF0020012080
:10AFE00008BD00BF2C1B002008B5FFF789FF70B912
:10AFF000FFF790FF58B9FFF797FF40B9FFF7A8FF99
:10B00000044A054B002808BF1346184608BD024BEA
:10B01000FBE700BF00E701400C05004008B5FFF763
:10B0200097FF08B3EFF3108072B6104A13691169E5
:10B0300041F010011161A2F5406203F01003D2F853
:10B040000011D2F804210A4300D040BF20BF00BF46
:10B0500000BF00BF00BF23B9044A136923F01003E7
:10B06000136100B962B608BD20BFFCE700ED00E047
:10B07000914270B53BD2B2FA82F33BB1C3F12004E6
:10B0800020FA04F49940214398409A40160CB1FBF1
:10B09000F6FC06FB1C1424041FFA82FE030C85B286
:10B0A00004EB10400CFB0EF4844206D9201A9042A7
:10B0B0008CBF02200120ACEB000C03EB01410CFB28
:10B0C0001211B1FBF6F006FB101105EB014100FB7C
:10B0D0000EFE8E454FEA0C4C06D9AEEB010E96459E
:10B0E0008CBF02220122801A40EA0C0070BD73213D
:10B0F0009620FFF7D5FC00BF70B51D4604461646E6
:10B10000FFF7B6FF049B286000FB16441C6070BD6F
:10B1100092B1013A17D010B5034600EB020C01E0E2
:10B120009C450BD08E461C4611F8012B13F8010BE1
:10B130009042F5D0801A10BD1046704760789EF896
:10B140000120801A10BD00780A78801A704700BF6D
:10B1500010B5441A94422BD34AB34B1CC31A022B8A
:10B1600031D9531E072B2ED922F003048C46864674
:10B170000C445CF8043B4EF8043BA445F9D122F0A2
:10B1800003039A4202F0030400EB030C01EB030EED
:10B190000DD0CA5CC254012C09D09EF801308CF845
:10B1A0000130022C03D09EF802308CF8023010BD22
:10B1B000002AFCD08B18024413F801CD02F801CD0F
:10B1C0008B42F9D110BD4B1E0244014613F8014FCA
:10B1D00001F8014B9142F9D110BD00BF81EA000393
:10B1E0009B072DE9F0415DD187075FD0002A57D03A
:10B1F000034601E0002A53D011F801CB03F801CB3C
:10B200009E0702F1FF32F5D1032A28D941EA03054E
:10B21000141F6D074FEA940E4AD12B2C48D90EF11A
:10B2200001084FEA580C03EBCC0CA1F108051C46B1
:10B23000F5E90267E4E802676445F9D118F0010F07
:10B2400028F0010403D051F8245043F824500EF1A3
:10B25000010402F0030203EB840301EB8401FAB161
:10B26000541E022C20D922F003058C460D449E4624
:10B270005CF8044B4EF8044BAC45F9D122F00304C2
:10B28000A2422344214402F0030509D00A781A702F
:10B29000012D05D04A785A70022D1CBF8A789A7009
:10B2A000BDE8F0810346DAE71546EFE70346ABE772
:10B2B0000EF1010701EB87071D1F0C4654F8046BC4
:10B2C00045F8046FBC42F9D1C1E700BF2DE9F04158
:10B2D00084075FFA81FE5FD0002A59D0034601E05F
:10B2E000002A55D003F801EB990702F1FF32F7D19C
:10B2F0004EEA0E24032A44EA04443ED9151FAE0840
:10B30000172D06F10106C3F3800147D9984600299D
:10B3100040D048F8044B771A03EB810C79080CEB0A
:10B32000C101CCE900440CF1080C6145F9D127F0CA
:10B33000010C08EB8C016745CCEB8C7805EB88059C
:10B3400017D02F1F032F0C6013D9A5F10807032F67
:10B350004C600ED9A5F10C07032F8C6009D9A5F11B
:10B360001007032FCC6004D9143D032D0C6188BF56
:10B370004C6102F0030203EB86034AB1013A83F801
:10B3800000E005D0012A83F801E018BF83F802E04D
:10B39000BDE8F0811546BEE70346A9E71946154604
:10B3A000CFE700BF2DE9F04786468C460846089E49
:10B3B000154674461946002B40F0C2808542B2FA09
:10B3C00082F245D94AB1C2F1200300FA02FC2EFAFA
:10B3D00003F3954043EA0C0C94404FEA154EA8B293
:10B3E000BCFBFEF8230C0EFB18CC08FB00F943EA6B
:10B3F0000C43994528D9EB1808F1FF3704D2994539
:10B4000002D9A8F102072B44A3EB0903A4B2B3FBB2
:10B41000FEFC0EFB1C330CFB00F044EA0344A0428C
:10B4200014D92C190CF1FF3304D2A04202D9ACF18B
:10B4300002032C44241A43EA07401EB1D4400023DF
:10B4400034607360BDE8F0874746DDE76346F1E7A7
:10B4500092BB431B01214FEA154EAFB2B3FBFEFC7A
:10B46000200C0EFB1C330CFB07F840EA0343984505
:10B4700062D9EB180CF1FF3004D2984502D9ACF137
:10B4800002002B44A3EB0803A4B2B3FBFEFC0EFBAB
:10B490001C330CFB07F744EA0344A7424ED92C198E
:10B4A0000CF1FF3304D2A74202D9ACF102032C44C1
:10B4B000E41B43EA0040C0E7C2F1200320FA03F195
:10B4C000954090402EFA03F303434FEA154EAFB276
:10B4D000B1FBFEFC0EFB1C10190C0CFB07F841EA3B
:10B4E0000041884504FA02F422D969180CF1FF30B2
:10B4F00004D2884502D9ACF102002944A1EB08012D
:10B500009BB2B1FBFEFC0EFB1C110CFB07F743EAE0
:10B5100001439F420ED9EB180CF1FF3104D29F4238
:10B5200002D9ACF102012B44DB1B41EA004192E756
:10B530006046E3E76146F7E76046A3E76346B7E79F
:10B54000834206D916B9002108467BE7C6E900E028
:10B55000F9E7B3FA83F78FB9834201D3724508D86C
:10B56000BEEB020460EB030301209C461EB90021E0
:10B5700068E73846FAE7C6E9004CF8E7C7F1200C5F
:10B58000BB4022FA0CF41C432EFA0CF120FA0CF307
:10B59000B84001434FEA14490EFA07F5B3FBF9F836
:10B5A0001FFA84FE09FB18300B0C08FB0EFA43EA65
:10B5B00000439A4502FA07F240D9E31808F1FF3038
:10B5C00004D29A4502D9A8F102002344A3EB0A034E
:10B5D00089B2B3FBF9F809FB183308FB0EFE41EA08
:10B5E00003418E452CD9611808F1FF3304D28E45F2
:10B5F00002D9A8F10203214443EA0040A0FB0298CB
:10B60000A1EB0E014145CE46434602D306D14D453E
:10B6100004D2B9EB020E68EB04030138002EA6D069
:10B62000B5EB0E0261EB030101FA0CFC22FA07F301
:10B630004CEA0303F940C6E9003198E74046C5E704
:10B640004346D9E71FB5014601A800F006F801A856
:10B6500002F01EFB05B05DF804FB0B88C3F30B037F
:10B6600083804B88C380002242724B78C3F301135E
:10B67000012B02D0022B18BF134604310372016064
:10B68000704710B58B880370437803F0F003437064
:10B690008A88C2F3032213434370CA888270CA881F
:10B6A00003F0CF03120A4370C2700A7A120102F04B
:10B6B0003002134303F03F0343704A7A43EA821394
:10B6C00043700C4609680430814205D0E288FB2AA9
:10B6D00028BFFB22FFF782FDE0880430C0B210BD16
:10B6E00010B48B880370437803F0F00343700A466C
:10B6F0008988C1F303210B434370D1888170C178DD
:10B7000001F0C001C170D488C4F30524214303F0C3
:10B71000CF034370C170147A240104F03004234332
:10B7200003F0BF034370547A43EA841301F03F01EE
:10B7300003F07F034370C17011680430814203D06D
:10B74000D28810BCFFF74ABD10BC704770B50B78AB
:10B750001E2B05460C4623D853B3013B1D2B27D87F
:10B76000DFE813F03F0043004700F6002600BE006C
:10B77000C400CA00D000D600DA00DC00EC00F20001
:10B78000290026004C0026005000E000E6000001E1
:10B790000601FA000C01120118011E0131012401F9
:10B7A000822B4FF0FF0200F00781832B00F008810D
:10B7B00040F2322112E00E23B1F803200B7042F266
:10B7C00083039A4209D1062363706278961C32463D
:10B7D00021462846FFF702FD59E03121C720F5F741
:10B7E0000FF80C230B700823EEE71A230B700123CC
:10B7F000EAE73E230B700223A370E6E73E230B70BB
:10B800000B23F9E72920F5F7D1FA28B13E2323705D
:10B81000222363702923EFE70A20F5F7C7FA3E23B6
:10B8200005F1080204F108012B7090B30A23AB70F4
:10B83000E378EB70A3882B71A3881B0A6B71A37943
:10B84000AB71E379EB71A368AB608B889380D4F81C
:10B850000E30C5F80E30638A6B8263696B61238B8F
:10B860002B83638BAB76638B1B0AEB76A38B2B77D7
:10B87000A38B1B0A6B77E38BAB77E38B1B0AEB770E
:10B8800094F8203085F820301F226A70961C3046CC
:10B8900070BD0123AB70E378EB70A3882B71A38894
:10B8A0001B0A6B71A379AB71E37903F00103EB71B0
:10B8B000A368AB608B889380638BAB73638B1B0A2D
:10B8C000EB73A38B2B74A38B1B0A6B74E38BAB748E
:10B8D000E38B1B0AEB7494F820302B751322D4E70A
:10B8E0003E230B7004234B70142385E73E230B701B
:10B8F0000C234B7004237FE73E230B700A234B700D
:10B90000032379E73E230B700D234B70052373E768
:10B9100005232370042357E70823FAE730230B702D
:10B92000032351E73E230B700B234B70072363E780
:10B930003E230B7006234B700C235DE713230B7023
:10B940008B789B0001333FE757230B7002233BE7C3
:10B950003E230B700D234FE73E230B7001234B70EA
:10B96000112349E73E230B7006234B70122343E754
:10B970003E230B7009234B7013233DE73E230B70CE
:10B9800005234B70202337E73E230B7009234B70B0
:10B99000212331E7FF230B700B234B70A2232BE7EE
:10B9A000FF230B7005234B70A32325E7FF230B70A8
:10B9B0000D234B7080231FE70A700D2262701BE776
:10B9C0000A700222FAE7FF23037081238370D1F803
:10B9D0000330C21C03F1280153F8040B42F8040B96
:10B9E0008B42F9D1292250E708B510B1FFF72AFEA2
:10B9F00010B96FF0150008BD0020FCE710B50C462B
:10BA000030B129B1F5F740F928B12070002010BD00
:10BA10006FF01500FBE76FF02200F8E708B5F5F7C7
:10BA2000A3F9002008BD01F0EEBA08B5F5F7AEF9AC
:10BA3000002008BD01F0B9BC01F0C7BC03460222DA
:10BA40001A709A70FE225A712C229A716FF00602B7
:10BA5000DA716A221A727F225A72362200209A7292
:10BA600022225870D8701871DA72704701F010BB3A
:10BA700038B54FF080530446D3F8A020D3F8A41073
:10BA8000013106D1D3F8A8304FF6FF719BB28B423B
:10BA90003ED0D3073CD54FF08055D5F8A420D5F83B
:10BAA000A830A4F80530C3F3072363F03F03C4F8BC
:10BAB0000120A371D5F89030013323D0D5F894300C
:10BAC00001331FD0D5F8983001331BD0D5F89C3006
:10BAD000013317D00020F8F7E7FE98B9D5F89000A9
:10BAE000D5F89410D5F89820D5F89C30C4F81330C8
:10BAF000C4F80700C4F80B10C4F80F20012323700A
:10BB0000002038BD10220021E01DFFF7DFFBF5E724
:10BB10000023F4E770B54FF0805510220021044651
:10BB2000D5F8A060FFF7D2FB10220021A018FFF784
:10BB3000CDFBD5F8803001330BD1D5F884300133FB
:10BB400007D1D5F88830013303D1D5F88C300133D3
:10BB50000BD0D5F88000D5F88410D5F88820D5F81A
:10BB60008C30E36120616161A2610020F8F79CFEE6
:10BB700008B9F3071DD44FF08053D3F89020013259
:10BB80000BD1D3F89420013207D1D3F89820013299
:10BB900003D1D3F89C2001320BD0D3F89000D3F816
:10BBA0009410D3F89820D3F89C30E3602060616053
:10BBB000A260002070BD10B50446FFF7E7F8B0F5AD
:10BBC000007F09DA10F5007F08DD031EB8BF0333DC
:10BBD0009B102370002010BD7F23FAE76FF07E03D7
:10BBE000F7E7012070471FB50023CDF80A30D0F8E1
:10BBF0000230417841F64B5293428BBF40F2E24211
:10BC00004FF47A72B3FBF2F3B3FBF2F3027898BF0E
:10BC100003F5506342EA01229BB2ADF80020ADF873
:10BC20000230ADF80430C279837943EA0223ADF8DB
:10BC30000630427A037A684643EA0223ADF80830B8
:10BC400001F000FB05B05DF804FB01F0F8BB0078E3
:10BC5000003818BF012001F0E4BAF8F72BBCF8F760
:10BC600031BC37B505460C4600880DF1060101F0E0
:10BC7000DDFA2B882380BDF80630638003B030BD29
:10BC8000F8F728BCF8F732BC0120704701F0E5BB9B
:10BC900001F0A3B901F0F1B908B5F5F77FF800207C
:10BCA00008BDF7F7AFBF01F004BAF8F7DFB801F04D
:10BCB0009EBAF8F737BBF8F799BB01F052B901F01B
:10BCC00057B901F063B901F075B901F0BBBA01F0E1
:10BCD000F8BA01F0FBB901F00DBB01F0C5B901F0F4
:10BCE0008CB901F026BB01F016BAF7F7C5BF01F019
:10BCF00053BA01F0A8B9F7F78FBFF7F7EBBF01F020
:10BD00008FBBF8B5941C0C446343B3F5004FA8BF38
:10BD10004FF0FF330E4610F00301054617469CB264
:10BD200003D0AD211420F4F76BFDB4F5004F01D919
:10BD3000AE21F7E710220430FFF7C8FAEF746C80E9
:10BD40002E80F8BD70B50688C58803898E42C5F37C
:10BD50000E02C3F30E0403D2CF211420F4F750FDDA
:10BD60005D40C5F30E030BB92D0409D4A24209D2DC
:10BD7000C37CA41A0233E41AA14203DD00238374B6
:10BD8000184604E01432012381528374104470BDBC
:10BD9000023101444A43B2F5004FA8BF4FF0FF32D1
:10BDA00090B2173020F00300B0F5004F34BF00B25E
:10BDB0004FF0FF3070474088173020F00300B0F597
:10BDC000004F34BF00B24FF0FF3080B2704738B53B
:10BDD00003888B4204D240F207111420F4F710FDBF
:10BDE000857C65B1C388C3F30E031433C25A8A42FB
:10BDF00007D3C152811DF4F7FDFF00238374284649
:10BE000038BD0025FBE70346F0B59C88A5B2C4F316
:10BE10000E06DC88AC4200F1140002D10020D8816B
:10BE2000F0BD5F89DC7C855B3C4402343444ED1B0F
:10BE300020440C88ADB2AC4288BF0D805C89B4FA56
:10BE400084F4640914700A88DA81E9E7F8B5828815
:10BE5000C389002604460D4692B20E60CBB1C2F3F0
:10BE60000E024189143287180B44825A9BB29342C6
:10BE7000438104D94FF4AA711420F4F7C1FC04D112
:10BE8000011DF4F7B7FF46812F600023E3810120F5
:10BE9000F8BD1846FCE770B5044604F11406A38803
:10BEA00022899BB29A420846C2F30E050DD021B1F9
:10BEB000A91CE27C3144FFF791F904F10801204606
:10BEC000755BF4F797FF284670BD0025FBE7838874
:10BED000C0889BB2C31A584258417047828873B5D4
:10BEE000C48895B2AC42C2F30E0202F1140212D021
:10BEF0004189C689835A314499420EDB0DF106010E
:10BF0000ADF80650F4F776FFBDF80600001B18BF29
:10BF1000012002B070BD0020FBE70120F9E770B5F9
:10BF20000589C488C4F30E066C40C5F30E02C4F341
:10BF30000E050346143025B9240402D500201882CA
:10BF400070BDB2421C8806D9DD7C921B0235521BA3
:10BF50009442A8BF14469D890DB1825BA41AA142E8
:10BF6000ECDCDA7C1982023235442A441044E7E7DB
:10BF700038B5038ACBB18B4217D3C3888489C3F306
:10BF80000E031433C5180CB9C4546C700C4484816E
:10BF9000C45A2144C15222B1811DF4F72BFF002362
:10BFA000838100230382012038BD0020FCE78388C1
:10BFB000C2889BB29A4206D0428922B9C3F30E03CB
:10BFC00014331844704700207047C37C088802333C
:10BFD0000B44136070470230704738B58388C288BD
:10BFE0009BB29A4209D043893BB9C5893DB9011D2D
:10BFF000F4F700FFC581012038BD0020FCE718469A
:10C00000FAE703881380C388C3F30E031433034491
:10C010000B60808970470368002223B9C0E90132B0
:10C02000031D0360704759681B680A44F5E7072938
:10C0300038B5034604D84FF4EC711520F4F7E0FB53
:10C040000068A8B1D0E900248C4212D02AB901F1CD
:10C050000805AC4204D210460AE003461046F1E758
:10C0600042501A6845181268641A6C6042501D608C
:10C0700038BD1A60FCE70023C1E9003203680B6099
:10C080000160704730B590B18478B1FBF4F304FBE4
:10C09000131300EB430252898A4201D1D8B230BD5A
:10C0A000C27822B900F10A03D0B2844201D8FF203D
:10C0B000F5E733F8025BA94202F10102F4D1EEE7A1
:10C0C0008278038805324B4303EB420318447047E0
:10C0D00013B50023CDE9003304468DF80600684609
:10C0E000F5F788F808B102B010BDBDF8040021468C
:10C0F000F5F75CF80028F2D040F21D211720F4F784
:10C100007FFB70B50D4609211E46FFF741FE324602
:10C11000044609212846FFF73BFE002C03DB0028DC
:10C1200001DB204470BD4FF0FF30FBE7D31D23F04F
:10C13000070370B5083390B110F0070403D05821FD
:10C140002220F4F75DFB0460C280818000F10804C6
:10C150000A464FF6FF75013A92B2AA4203D103FB99
:10C1600001F0083070BD0668266004601C44F2E7E8
:10C1700018B1C2888188FFF7D9BF70470346EFF333
:10C18000108272B6006830B1016819600023037034
:10C1900043708370C37002B962B67047EFF31083C7
:10C1A00072B602680A60016003B962B67047F5F7BB
:10C1B000B1B8012808B506D0022806D040F21F41C8
:10C1C0000620F4F71DFB002008BD0120FCE7F5F771
:10C1D000EDB80B46062203F8032BB0F80920A1F8AE
:10C1E0000320C27A9A70704718230B70704708B505
:10C1F00040F2A9213220F4F703FB70B50E46044645
:10C2000020B940F2F2213220F4F7FAFA437A0BBB5C
:10C21000036DD0F80E20C3F80320428AA3F807204C
:10C22000427B036D12F0FD0F14BF012200229A70B1
:10C230003346132203F8032B04F10902293452F880
:10C24000041B43F8041BA242F9D112781A70002390
:10C25000B37170BD40890021F4F792FF054610B913
:10C2600040F2FE21CFE70088F8F77AFA288800210B
:10C27000F4F79CFF0028DBD040F20231C3E790F8CE
:10C28000803010B5044633B1FBF7B4F9FAF79EFBE2
:10C29000002384F8803010BD08B5F5F79BFDFBF74F
:10C2A000CDF8BDE80840F5F7C3BEF5F7A9BD08B560
:10C2B000F5F790FDFBF7C2F8032008BD90F83E00AB
:10C2C000003818BF01207047007A003818BF0120DD
:10C2D00070472DE9F74F012180460020F4F750FF09
:10C2E000012105460846F4F74BFF0446284600F0B6
:10C2F00004FC95F87030012B03D095F87030002BBA
:10C30000F7D154B1204600F0F8FB94F87030012BBF
:10C3100003D094F87030002BF7D1F6F737FDCDE954
:10C320000054002C4FF000060CBF4FF0010B4FF0F3
:10C33000020BE946374640F2071A59F8044B3F22F0
:10C3400000212046FEF7C2FF0136012384F8547015
:10C3500084F87E7084F85880A4F84AA084F84C30A1
:10C3600004F16000F6B201F02EFAB345A766E4D1FD
:10C3700085F8A17003B0BDE8F08FF5F741BD80F8F6
:10C380004A10704710B504460846194694F84030E4
:10C39000023B012B0AD994F8403013F0FD0FBDE8A1
:10C3A000104014BF01200020F8F77EBA0028F2D117
:10C3B00012F0FD0F14BF0120002001F040FA082800
:10C3C000E9D0012010BD90F8403013F0FD0F14BFEC
:10C3D00001200020F8F768BA08B590F8A12002F013
:10C3E000FF03D2B990F85420013A012A15D8042944
:10C3F00015D1D0F8143123B140F69B113220F4F757
:10C40000FFF9036D13B940F69C11F7E780F8A2100D
:10C41000FF2380F8A130012008BD0020FCE718466A
:10C42000FAE780F84010704711F0FD0F0CBF0123B0
:10C43000002380F84B3080F85510704710B5044643
:10C440000846002819460CBF0123002384F84C300D
:10C450004FF0080384F8560084F87F3008D112F0BA
:10C46000FD0F14BF0120002001F0E9F984F87F00DE
:10C4700010BD08B522B940F6D4113220F4F7C0F946
:10C4800080F859101368C0F85A309388A0F85E30CD
:10C49000036D90F841205A72D0F84220C3F80A2068
:10C4A000B0F84620DA8108BD80F84910704710B511
:10C4B000D0F8D04094420BD190F840208A4207D166
:10C4C000D0F8D4001B686730C31A5842584110BDD9
:10C4D0000020FCE790F854305907024605D590F843
:10C4E0005600431E58425841704713F00300FBD0DA
:10C4F00092F8550000F0FD00F3E7012910B504465D
:10C5000001D1FFF7BCFE002384F8703010BD10B5D8
:10C51000012104460020F4F733FE20B940F66B21D8
:10C520003220F4F76DF9637880F85430A37880F8FE
:10C530004030E178FFF778FF237980F84A3010BD6A
:10C5400008B500231A4619466030F8F7D9F80028D4
:10C550000CBF0C20002008BD2DE9F04105468CB031
:10C560000C4600200121F4F70BFE064620B94FF4DB
:10C57000E1713320F4F744F9B03000F0C6FAA5F1C8
:10C58000080718B196F85430042B18D13046FFF73D
:10C5900095FE064698B93846F6F732FB8DF80460EA
:10C5A00002238DF805309DF80430002063F3070066
:10C5B0009DF8053063F30F200CB0BDE8F08102A9AF
:10C5C00005F1230000F0C0F8EE7A16F0100604F131
:10C5D0000D0806D09DF81860059932464046FEF7D2
:10C5E000FDFDEB7AD80601D45621C2E75907AA7A95
:10C5F00095F80DE004F1060005F10E0C27D5E97E53
:10C60000FE2924D111232370130102336370012307
:10C61000E270237184F805E0D5F80E30C4F80630D6
:10C62000BCF8043083802173EB69C4F80D302B8C87
:10C63000A8F804302B7EE3743846F6F7E1FA237944
:10C640006FF34613237104238DF80430A8E706F135
:10C650000A0313FB02F30233032121706370E270BB
:10C6600084F805E0D5F80E30C4F80630BCF8043084
:10C670008380267326442B7E7373EA7A12F00800B7
:10C6800002D004232371D7E702F00303032B01D167
:10C690002071D1E7520701D50123F3E7022BF1D036
:10C6A0000BB92171C8E79D2163E71FB500240394EE
:10C6B0009DF9204002949DF81C4001949DF818407B
:10C6C0000094F6F7AFFA04B010BD1FB503939DF9BF
:10C6D0001830CDE90123FF23009304220023F6F74D
:10C6E000A1FA05B05DF804FB70B50C460546164688
:10C6F00001F02DFA6074284601F034FAA074062E79
:10C700001DD8DFE806F00412041C041C04000123F9
:10C710006370EB1C63600023A3606B78063BDBB2A5
:10C72000237453B10935E56070BD03236370EB18C2
:10C7300009356360A56000232374E360F4E70023F8
:10C74000C4E901336370F7E7027802F00F02FFF7E4
:10C75000CBBF10B590F8183100F1E8043BB1D0F828
:10C760000831204673B1BDE81040F7F75BB8D0F848
:10C77000143133B1D0F808211AB903F5D870F6F79F
:10C78000E7FF2046BDE81040F6F7E2BF10B50446CB
:10C79000FFF7D6FE002384F81831C4F8143184F86A
:10C7A000103194F8A800FDF78FF820B940F2F52178
:10C7B0002120F4F725F8202384F8A83010BD08B50F
:10C7C000D0F8E830D21A04D540F29B312120F4F79A
:10C7D00017F8D0F8D000B2FBF0F008BD10B5044651
:10C7E00090F8103123B94FF4AB712120F4F708F819
:10C7F000FFF7AFFF2046BDE81040FFF7C7BF38B5D1
:10C80000D0F81431044623B940F291712120F3F796
:10C81000F7FF002540F2011283F8D851A3F86820F1
:10C82000FF2283F86A20D0F8140129463030F8F747
:10C8300033FDD4F8140100F02AFAC4F8145138BDBD
:10C84000D0F8D430D0F8D00067331B1A5842584182
:10C850007047014638B51C46FFF7F2FFD1F8143196
:10C86000DBB9D1F8D0300725A3FB053550B1D1E9AC
:10C870002E01121A64EB01049A4274EB050311D2E3
:10C88000032038BDD1E93201121A64EB01049A4247
:10C8900074EB050306D30120F3E700280CBF012049
:10C8A0000220EEE70220ECE72DE9F041044601F01A
:10C8B000D7FED4E92E23074620468846FFF7C9FF56
:10C8C0000646FDF791FD312842D9431CD4E93625AF
:10C8D00014D08318AB42D4E92C3128BFA81ADB1B33
:10C8E00061EB0801012B71F100054FF000052DDB14
:10C8F000984275EB010100DB18461518AD1A41F29C
:10C900008830854228BF054601F0AAFEC7F17403AE
:10C9100003449D421CD331462846FDF7B9FDB8B902
:10C92000D4F8D830D4F8E000D4F8DC202B442844E4
:10C930009342C4F8D830C4F8E00003D1D4E93A23D4
:10C94000C4E93223BDE8F041FDF700BD2846D4E735
:10C950000020BDE8F08170B5044688B007296FD883
:10C96000DFE801F00441413C6E59666B90F81131EB
:10C970004BB10121FFF7C1FDFAF7AEFD08B0BDE8EC
:10C980007040FCF72DBEFCF7B9FFC4E92E010B4641
:10C990000246064620460D46FFF711FFB0FA80F02A
:10C9A00040098DF8100032462B4620460294FFF7CE
:10C9B00006FF003818BF01208DF8110002A8F6F715
:10C9C000D3F8D4F8D800DD38C4F8E000FDF7BEFC99
:10C9D000F8B940F2A5112120F3F712FF08B0BDE825
:10C9E0007040FAF749BE00220092012302A9F6F72F
:10C9F0002DFA40B194F8A80002A9FDF77FF840B9DC
:10CA000040F22571E7E72046F6F7F4F82046FFF7F5
:10CA1000E5FE08B070BD90F8113123B108B0BDE853
:10CA20007040FFF7AABCFFF73FFF0028F1D1F5E700
:10CA300008B0BDE87040FFF7D1BE40F2D911CAE797
:10CA400040F2DD11C7E710B5044688B090F8103108
:10CA500003F0FF0223B140F276212120F3F7D0FE4C
:10CA6000FF2380F8103180F81121FFF7E9FE78B933
:10CA7000D4F8D4306733C4F8F03000910023012299
:10CA800002A92046F6F7E2F928B940F28B21E4E743
:10CA900041F28833EFE794F8A80002A9FDF72EF8D9
:10CAA00010B94FF42371D8E708B010BD38B504466B
:10CAB00090F8103103F0FF05EBB1FF2380F811313E
:10CAC00090F8A800FDF77CFA94F8A800FDF708FE9E
:10CAD00000212046FFF711FD2046FFF73AFE002314
:10CAE00084F8113194F81851204615F0FF0518BF4D
:10CAF0000C25FFF74BFE284638BD90F810310BB1DE
:10CB0000FFF7D4BF7047FFF7F8BF90F86000003818
:10CB100018BF0120704708B50B7813F0060F04D03A
:10CB200040F2AB212120F3F76BFE5B0702D540F208
:10CB3000AE21F7E790F8102102F0FF0312B140F2A6
:10CB4000B121EFE70A7812F0010218BF8B6849683B
:10CB5000C0F8D010C0F8F81040F27121A0F8FC1015
:10CB600012B1673BC0F8D43008BD08B5D0F8143115
:10CB700023B940F2E6212120F3F742FEBDE8084048
:10CB8000FFF794BF70B506460C4690F8113183BB91
:10CB900001F066FD0546062C20D8DFE804F0241FCE
:10CBA0001F04271F2C004FF45772D6F8B800D6F890
:10CBB000D8302D1AED3B1544AB428CBF0124002424
:10CBC0000AD83046FFF770FE30B1D6F8D840ED3CB9
:10CBD000A5422CBF00240124204670BD40F23D3107
:10CBE0002120F3F70DFE4FF40472DEE74FF40272DA
:10CBF000DBE70024F0E70124EEE710B5044688B037
:10CC000090F8112102F0FF039AB900931A4602A985
:10CC1000F6F71CF950B194F8A80002A9FCF76EFFD2
:10CC200038B940F20C712120F3F7EAFD2046F5F700
:10CC3000E1FFFAF751FC08B0BDE81040FCF7D0BCAA
:10CC400010B5044686B013460A4601466846F6F714
:10CC5000C3FB94F8D9016946FCF750FF20B940F2B4
:10CC6000E2213520F3F7CCFD06B010BDF6F758BB36
:10CC7000C0F8B811704708B540F2192101F0B7F8B3
:10CC800040F64803984228BF184680B208BD10B548
:10CC9000044686B020B94FF4D0713520F3F7B0FDCB
:10CCA00090F8D82102F0FF0312B140F2A111F4E78D
:10CCB00090F8D921202A02D14FF4D171EDE7014635
:10CCC00001226846F6F788FB94F8D9016946FCF71B
:10CCD00015FF10B94FF4D371DFE706B010BD30B5C2
:10CCE00085B01546089B099CC01A61EB0404002C12
:10CCF000214602DA404264EB440103AB00932A462A
:10CD000002ABFEF7F9F9002C039801DA00B1281AFA
:10CD100005B030BD00EA400303EA430303EA4303DE
:10CD200003EA430303EA430313EA43030CBF01206E
:10CD300000207047F7B5002723253E46F8F710FB83
:10CD40000446F6F7DFFD70B1CDE900666846F4F7FA
:10CD500051FA20B12046F6F7FFFD274603E0009B7D
:10CD6000DB699C42F2D1013D01D00028E6D027B911
:10CD700040F215210F20F3F743FD384603B0F0BD14
:10CD800090F8D831DBB290F8B0202AB913F0FB0F3D
:10CD900014BF0120002070470020704710B501210A
:10CDA0000020F4F7EDF9044638B901210846F4F7FC
:10CDB000E7F9044660B9002009E0B030FFF7A5FEAE
:10CDC0000028F2D02046FFF785FB0028EDD010BDEB
:10CDD000B030FFF79AFE0028EDD02046BDE81040A5
:10CDE000FFF778BB07B5002340F6881201A9FAF7D0
:10CDF00057FE03B05DF804FB10B5044638B1F7F7F1
:10CE000019FC34EA00030CBF0120002010BD0120F2
:10CE1000FCE730B5841FA4B240F67A45AC4222D874
:10CE20008C1FA4B2AC421ED888421CD80132B2F585
:10CE3000FA7F18DCA3F10A0080B240F67644A042E3
:10CE400011D84A4342F2107040F6C41143434A439A
:10CE5000934208D9BDF80C00BDF8103098428CBF41
:10CE60000020012030BD0020FCE708B50121002092
:10CE7000F4F786F930B901210846F4F781F940B991
:10CE8000012008BDB030FFF740FE0028F3D000209D
:10CE9000F7E7B030FFF739FE80F00100C0B2F0E7ED
:10CEA0002DE9FF4107468846008802A900F0DBFC17
:10CEB000054618BB039C94F8693103F0FF051BB1CC
:10CEC000B8F1020518BF012594F88F30222B94F891
:10CED000E33043EAD3030CBFC5F10102002203F0A3
:10CEE0000103134333D0BE7816B9F7F7A3FB064608
:10CEF000F87870BBF7F79EFB26B90925284604B0E1
:10CF0000BDE8F0810028F8D0FF2384F83531E5B979
:10CF100094F8343103F0FF05BBB984F8370184F885
:10CF2000348184F836613B797A798DF8050043EADB
:10CF3000022301A920468DF80460ADF8063000F008
:10CF400009FD002384F83531D8E73A25F9E71A2599
:10CF5000D4E7002ED8D1D0E708B5F7F745FB00207D
:10CF600008BD10B50446F8F763FD2070002010BD21
:10CF700010B5FFF713FF044630B9F8F753FD20460C
:10CF8000F7F7A4FD204610BD0C20FCE710B50446C1
:10CF9000FFF704FF50B92078012809D8611CF8F781
:10CFA0004DFD002814BF0020072010BD0C20FCE719
:10CFB0001220FAE738B50546FFF7F0FE044640B9FF
:10CFC0002878012803D8691CF8F768FD18B91220E1
:10CFD00038BD0C20FCE72046FAE710B503460E24C6
:10CFE00004704E2110220020DC70592459709A7070
:10CFF0001C7158719971DA7110BD08B50821F3F7E9
:10D0000035FE002008BD73B506460C46008869460B
:10D0100000F029FC0546A0B9B3786BB9019B93F8E1
:10D020006C30A370338894F902002380F7F7A0FED8
:10D03000A070284602B070BD7F20FFF7D3FEA0701D
:10D04000F0E70225F5E710B504466FF07F00FFF723
:10D05000C9FEF7F78DFE20707F20FFF7C3FEF7F7BC
:10D0600087FE6070002010BD08B50A46072300F156
:10D070001001FDF7C9FD002008BD10B501460446AA
:10D080000020F7F7F9FB08B92060A080002010BD50
:10D0900010B50446F7F7A2FA28B900202146F7F7A1
:10D0A000D3FB002010BDFFF7E0FE0028F5D10C20D7
:10D0B000F8E710B50446FFF7D8FE28B10120214655
:10D0C000F7F7C2FB002010BD0C20FCE7F7B50C46BB
:10D0D00005466946008800F0C6FBA21C034690B9CD
:10D0E000019901F1970781F8EA30386810603879C2
:10D0F00010712888208091F8EA6006F0FF00002E69
:10D10000F1D103B0F0BD0023C4F802300220137146
:10D1100023706370F5E737B505460C46008869460D
:10D1200000F0A1FBF0B9019B014683F86A1093F867
:10D130006820012A06D0022A04D040F20B310620D2
:10D14000F3F75EFBA27093F86920012A01D0022A4E
:10D15000F3D1E27093F86A2002F0FF00002AE4D1D4
:10D160002B88238003B030BD10B58388022B044682
:10D1700010D8C078FFF740FE08B9112010BDA07884
:10D18000FFF73AFE0028F8D020460121BDE8104004
:10D19000FFF786BE1220F1E713B58378C1780279D4
:10D1A00003F0010451EA040C03F002031DD052EA1B
:10D1B000030C1AD0002C18BF0021002B18BF00222E
:10D1C0008DF80320037842788DF8021043EA022399
:10D1D000ADF8003043798279684643EA0223ADF81E
:10D1E0000430FFF7C1FF02B010BD1120FBE707B507
:10D1F000037842788DF800300021012B8DF8012052
:10D20000ADF80210ADF8041007D1012A07D868461E
:10D21000F6F7EAFB03B05DF804FB002BF7D0122011
:10D22000F8E708B5F4F7DCFB002008BD13B50C46A1
:10D23000694600F018FB18B9019BB3F888302380C9
:10D2400002B010BD73B5044600210088F3F798FFC3
:10D25000054610B9022002B070BDFFF791FD00280D
:10D26000F8D0A389A688019363890093E288238973
:10D2700060883146FFF7CDFDE8B195F8F43103F051
:10D28000FF00D3B940F2E2435E439E4217D9C5E99D
:10D290007F06A5F8F831E279A37943EA0223A5F8DD
:10D2A0000432237A627A43EA0223A5F80632FF2386
:10D2B00085F8F431CFE73020CDE73A20CBE71220D4
:10D2C000C9E713B5044600F0DAFA88B12046F7F74B
:10D2D0009BFD0023CDE90033FF246846F3F78AFF66
:10D2E00010B1002002B010BD009B83F8EC41F4E7C0
:10D2F0001220F7E713B50088694600F0B4FA01463A
:10D3000040B99DF80030019C3BB194F83B3103F0EB
:10D31000FF024BB1084602B010BD2046FFF730FDBA
:10D320000028F2D10221F5E7FF2384F83B311146B2
:10D33000F0E770B5002105460088F3F721FF0446A9
:10D3400058B3FFF71DFD50B394F8363203F0FF06D3
:10D350003BBB94F8E230DB0725D5D5F80230C4F8A2
:10D360002C32D5F80630C4F830326B89A4F8343248
:10D3700004F5077205F10C031C3553F8041B42F841
:10D38000041BAB42F9D10C2104F50270F3F76EFCDB
:10D39000FF2384F83632304670BD0226FBE70C26A8
:10D3A000F9E73A26F7E71A26F5E737B505460C46BA
:10D3B0000088694600F057FA28B92B882380019B22
:10D3C000B3F8BC30638003B030BD37B503880B8041
:10D3D000044698B2638813B9122003B030BD694681
:10D3E00000F041FA0028F8D16488019A42F21071E5
:10D3F000A3B24B43158C916905FB01118B42EBD312
:10D4000095699169A942FBD10025013B0B44C2F803
:10D41000B450B3FBF1F3A2F8BC40C2F8B830DCE77B
:10D4200013B5008808800C4680B2694600F01BFAEC
:10D4300018B9019B93F88D30A37002B010BD08B5E8
:10D440000078003818BF0120F6F7E6F8002008BD84
:10D450000820F7F7DBB801F000B81220704710B5CC
:10D46000044604B910BD236898476468F9E7036867
:10D470000BB9016070471A465B6813B18A42FAD152
:10D4800070478A4218BF5160704708B5FFF7EEFB3E
:10D49000F6F7B2FBFEF71DFFBDE80840F6F73EB910
:10D4A00008B50020FEF714FEF3F72EFFF7F74CF94E
:10D4B000F4F754F920B14FF485710120F3F7A0F986
:10D4C00008BD08B5FFF7E1FF00F0C3FF20B140F24F
:10D4D00097110120F3F794F908BD0B46152203F8C4
:10D4E000032BD0F80920C1F80320427B1A71704742
:10D4F00030B585B004460D46F7F70EFD80B36FF4E6
:10D50000B0731C4402A92088ADF8000000F0ABF90C
:10D5100018B12E217E20F3F773F9039B93F8642052
:10D520008DF80220022193F86520B3F866308DF85B
:10D5300003206846ADF80430FFF7B2FC08B144217F
:10D54000E8E78DF808009DF808308DF80900002004
:10D5500063F307009DF8093063F30F2005B030BD79
:10D560001C232B70D4F80930C5F8033004238DF840
:10D570000830E8E708B5436893F88E201AB1852192
:10D580007E20F3F73DF9202283F88E2008BD1FB5D9
:10D59000CAB2012AC4B2C1F30723C0F3072015D1D0
:10D5A000012B1BD0012C15D1012817D0234010408E
:10D5B000990754BF03F001030223820754BF00F010
:10D5C0000100022043EA002004B010BD022AE9D184
:10D5D000022BE6E7022CE9D10228E6E720401040C2
:10D5E00003401846E4E7012802D0022818BF0020B3
:10D5F00070477FB5CDE900214468019894F86860D0
:10D6000094F869501146FFF7C2FFC3B2C0F3072078
:10D61000B34208BF0023854208BF002084F8F231DE
:10D6200084F8F30104B070BDF7B5446894F88F50E6
:10D6300006460F46002D5DD194F88E30243B022B18
:10D640002DD901A8F7F7CCF8E8B1019BDB788DF86C
:10D6500003300DF1030194F88E000DF10203162240
:10D6600000F01EFC88B19DF802201621304600F023
:10D6700002FC312384F88F30012384F8D03000235A
:10D68000A4F8CE300CE02946E5E7384600F0D9FA98
:10D6900048B93946304600F01DFC054600E020251B
:10D6A000284603B0F0BD3B7903F0070384F86030EF
:10D6B0007B7903F0070384F8613094F835319BB926
:10D6C00094F83431012B0FD094F8602094F869302D
:10D6D0009A420BD194F8612094F868309A4205D1AF
:10D6E0007368022283F834212223C3E73046F6F719
:10D6F000F3FFF9E70125D3E737B5436893F88E3098
:10D70000202B04460D4626D1084600F0A5FA616894
:10D7100068B9A1F8F2016368012283F8CC200020E7
:10D720002422A3F8C80083F88E2003B030BD2A79E4
:10D730006B79D1F8361102F0070203F007030020DD
:10D74000ADF806008DF804208DF80530019A2046CA
:10D75000FFF74FFFDFE70120E7E710B5436893F8D5
:10D760008F20B3F8F211222A044615D181B983F82B
:10D770008F1093F83431012B01D1F6F785FF6368E0
:10D78000002283F834216368002283F8D02010BD82
:10D79000252283F88F20F6E793F88E20242A0DD1D6
:10D7A00041B983F88E10F6F76FFF6368002283F8A3
:10D7B000CC20ECE7252283F88E20F6E740F27D317D
:10D7C0007E20F3F71DF8FF234371002303710360EC
:10D7D0004371704743791BB903680BB101221A608A
:10D7E0007047F6F7B1BF704730B542400C781878F3
:10D7F0005D7844404878684004449D788878684063
:10D800000444DD78C878684004441D7908795B7960
:10D810004979684004444B402344D3420CBF012063
:10D82000002030BD034600200139C9B2FF2900D1D4
:10D8300070475A5C82F001021044C0B2F4E708B5A8
:10D84000F7F740F8082803D0BDE80840F7F75EB8BE
:10D8500008BD08B500F039FE18B1BDE80840F9F779
:10D86000F1B8082008BD10B50C460021F3F788FC7C
:10D87000606010B10020207010BD0220FCE770B580
:10D88000047934F01F040ED1461E051D16F8010F51
:10D8900000F0D3FAAE420444E4B2F7D1012C94BFB5
:10D8A0000020012070BD0020FCE7F8B5D0E9047627
:10D8B00005460C46FCF730F820B94FF48171292059
:10D8C000F2F79EFFF4B1D5E90431DA1B61EB0603F0
:10D8D000012A73F100014FF0000115DB6FF0010028
:10D8E000904271EB030302DA4FF48671E7E7631E9F
:10D8F0001344B3FBF4F35C43E41946F10006C5E9B5
:10D9000004461C462046F8BD0C46FBE7CB1E012B07
:10D9100010D8032914BF4FF41673962303F5BC7374
:10D9200014BF40221022984212D9C01A90FBF2F084
:10D9300080B27047022905D13C2809D93C38C0F390
:10D940008F007047702803D97038C0F3CF0070473C
:10D95000002070470346086858667047C3B293FAC0
:10D96000A3F3000A90FAA0F01B0E000E43EA002079
:10D9700070470131F8B5C9B2821D0023012512F8A4
:10D98000010B884216D312F8066C002405FA04F73E
:10D9900037421CBF01F1FF31C9B2E0B269B10134B5
:10D9A000082CF3D10133DBB2052BE8D199214620B5
:10D9B000F2F726FF091AC9B2F4E700EBC300C0B2C0
:10D9C000F8BD0B6870B5C0F801300B7903F01F0388
:10D9D000437100230446C372451C861D15F8010BD4
:10D9E00000F02BFA2871E37AB5421844E072F5D1C1
:10D9F00070BD70B581EA114189B2C57A044603262B
:10DA000082EA0100FFF7AAFF013E00EB00100A18AE
:10DA100016F0FF0690B2F5D141402522B1FBF2F39A
:10DA200002FB1313C3F3C4022244D8B2567803F0A6
:10DA30000703012202FA03F31E4207D1694320467D
:10DA4000C1F30741BDE87040FFF793BF70BDF8B563
:10DA500090F821506B1E242B044656D8002A56D02D
:10DA6000807D18B1012846D01F2019E094F82310BA
:10DA700094F8223002FB03132522B3FBF2F102FBE0
:10DA80001133DBB204EBD30284F82330D17D0126BD
:10DA900003F0070206FA02F2114202D084F82430A1
:10DAA000F8BDB3FBF5F205FB12330133024604F176
:10DAB0001C01D8B211F8013B834219D311F8067C3E
:10DAC000002306FA03FC1CEA070F1CBF00F1FF301D
:10DAD000C0B2DDB220B905EBC20284F82420DFE732
:10DAE0000133082BEDD10132D2B2052AE2D1BBE7D6
:10DAF000C01AC0B2F7E72289C96904F11600FFF71E
:10DB000078FF84F824000020CAE71220C8E71046F6
:10DB1000C6E70B68C0F803308B88A0F80730704761
:10DB2000D0F803300B60B0F807308B8070470B687B
:10DB3000C0F809308B88A0F80D3070470378890150
:10DB400023F0400301F040010B430370704700785D
:10DB5000C0F380107047037803F07F0343EAC113DA
:10DB6000037070470078C00970470278437802F06C
:10DB70000F02062A0FD8DFE802F00804080E0E0E86
:10DB800008000C3B584258417047981F1F288CBF13
:10DB900000200120704700207047037803F00F0336
:10DBA000042B06D1407806381F288CBF00200120A6
:10DBB000704700207047037801F0030123F003034E
:10DBC0000B4303707047007800F003007047C17288
:10DBD000090A017370470B6843600B790372704741
:10DBE000007970470B6843604B68836070474368F7
:10DBF0000B6083684B6070470B88838170470B68AC
:10DC0000C0F80E304B68C0F8123070470B68C0F88F
:10DC100016307047FFF7EBBFC3680B6070470079A1
:10DC200070470171090A417170478171090AC17118
:10DC300070470172090A417270478172090AC17204
:10DC400070470379024613F0070004D0507910F0B2
:10DC5000070018BF01207047FFF7F3BF017170473D
:10DC6000417170478171090AC17170470171704734
:10DC7000007970474171704740797047FB2908B5BA
:10DC800004D940F2E6712A20F2F7BAFD417008BDCE
:10DC900008B5017A19B101290DD0002008BD03682B
:10DCA000C28802218088F7F7F3F80028F6D1F7F749
:10DCB000C7FA0120F2E70368C288F3E702230B707A
:10DCC00001238B707047F7F753BA0222F7F7A6BA11
:10DCD0000322F7F7A3BA0422F7F7A0BA0222F7F754
:10DCE000CFBA14230B706FF4A27318440388A1F801
:10DCF0000330838FA1F80530B0F84030A1F8073029
:10DD0000C38FA1F80930B0F84230A1F80B3070474A
:10DD1000012908B503D10E30C00080B208BD022928
:10DD200002D10F308000F8E740F259210620F2F7C7
:10DD300067FD40687047C08A704710B58A880B89B4
:10DD4000CC884988A0F85010A0F85440A0F8522080
:10DD5000A0F8563010BD38B5C38B458C04469D42A3
:10DD6000007A28BF1D46FFF7D3FF6389AB4228BF67
:10DD70002B46984238BF184680B238BDF8B50546E4
:10DD8000808F16460F46FFF7C3FF3946044605F15C
:10DD90003000FFF7E0FF844228BF04463146B5F863
:10DDA0004400FFF7B5FFB5F846308342A4B228BF60
:10DDB000034614FA83F09C30F8BD90F8692090F87F
:10DDC0006810FFF7DBBF38B50D461446FFF7F5FFC7
:10DDD00096342044A84294BF281A002038BD38B594
:10DDE00004460D46FFF7E9FF2844606338BD00682C
:10DDF00001F19C03984283BF401A9C3840080020E0
:10DE0000704700F05533400800F05530034403F0EC
:10DE100033329B0803F033331A4402F00F331209F4
:10DE200002F00F32134403F0FF101B0A03F0FF133C
:10DE3000034403EB1343D8B2704700F05503400886
:10DE400000F05500184400F03303800800F0330060
:10DE5000184400F00F0303EB1010704780EA6000D5
:10DE6000FFF7CFBF4368002283F88E2083F8CC20D1
:10DE7000A3F8C8207047436883F81B1183F81A2160
:10DE80007047A0F10A03042B08D9A0F12003062B48
:10DE900004D9A0F12E035842584170470120704721
:10DEA000162A10B50446084612D1A4F10B02032A23
:10DEB00003D82A221A70012010BD202C01D1232260
:10DEC000F8E70029F8D00A78012AF2D9162AF6D004
:10DED0000020F1E7436893F88F0058B9CA7883F8B7
:10DEE0001821032283F88F200122A3F8CE0083F8A3
:10DEF000D02070470120704738B50C460546B1F870
:10DF00005410FFF78EFEB4F822112846FFF78DFE5D
:10DF1000B4F850102846FFF78CFEB4F820112846BC
:10DF2000BDE83840FFF789BE37B530F8024C7CB108
:10DF300000238DF804308DF805309DF80430002062
:10DF400063F307009DF8053063F30F2003B030BD85
:10DF500030F8A85CA1F803500A220A708C70427A4B
:10DF60004A7150F8940CFDF7B2FF18B9B221632042
:10DF7000F2F746FC2846F6F7F3FB21462846F3F76E
:10DF800015F904238DF804308DF80540D5E710B558
:10DF9000446894F89030063B012B07D90846FFF7F8
:10DFA0001FFE062384F8910084F89030002010BDF5
:10DFB000426892F89030063B012B84BF072382F819
:10DFC0009030704708B5436893F88E201AB12A2123
:10DFD0005520F2F715FC0B2283F88E2008BD0B4666
:10DFE000082203F8032BD0F80920C1F80320D0F849
:10DFF0000D205A60427C1A720023CB70704708B51E
:10E00000436893F88E201AB15C215620F2F7F8FB92
:10E010000D2283F88E2008BD0B230B70D0F8093039
:10E02000C1F8023070470B460C2203F8022BB0F8FF
:10E0300009204A80C27A9A70704710B50446406839
:10E0400090F88E30172B14D100F5807200F5037113
:10E05000052300F50770FCF7D7FD63680020002159
:10E060000122C3E93C0183F89320192283F88E2012
:10E0700010BD0220FCE738B50D46416891F88E309E
:10E08000142B044610D101F505712846FFF7C2FD97
:10E090006168284601F58A71FFF7BEFD63681722A3
:10E0A00083F88E20002038BD0220FCE7436893F8F7
:10E0B0008E20102A01BF0020132283F8930083F8DA
:10E0C0008E2018BF0220704708B5436893F88E2051
:10E0D000132A04D040F20B111F20F2F791FB01220A
:10E0E00083F8D220122283F88E2008BD08B5436839
:10E0F00093F88E20192A04D04FF4ED711F20F2F707
:10E100007FFB1B2283F88E2008BD08B5436893F877
:10E110008E2022B14FF4F0711F20F2F771FB012223
:10E1200083F8D120102283F88E2008BD08B54368FB
:10E1300093F88E203AB193F8D22022B940F2E71139
:10E140001F20F2F75DFB012283F8D120142283F80F
:10E150008E2008BD0B46072203F8032BD0F80920B8
:10E16000C1F80320D0F80D205A60B0F811201A81B0
:10E17000C27C9A72704708B5436893F88E201AB132
:10E18000BC211C20F2F73CFB042283F88E2008BD42
:10E1900008B5436893F88F201AB1C4211C20F2F708
:10E1A0002FFB83F8D02008BD0E23A0F59E700B70C6
:10E1B00003884B807047436893F88E20052A01BF7F
:10E1C000002283F8C02083F8CC2083F88E20002022
:10E1D0007047436893F88F00012238B983F8D02044
:10E1E0000222A3F8CE0083F88F20704710467047B4
:10E1F0004368002283F8D020704708B5436893F83D
:10E200008E201AB171214B20F2F7FAFA052283F819
:10E210008E2008BD10B5D0E90D43A34204D30A8C6B
:10E220001B1B05329A4202D3012380F8403010BDF7
:10E2300001230B7000238B7030F8D43CA1F803301D
:10E24000437A4B714389CB8083890B81704708B532
:10E25000436893F8D32092070ED493F88E201AB116
:10E2600074214020F2F7CCFA012183F88E1083F854
:10E27000CC10A3F8C82008BD93F88F200AB983F802
:10E28000D020002283F83A21F5E710B50B794C79BC
:10E290000A68012843EA042108BF41F4803110468E
:10E2A00010BD07B5FFF7F1FF0DF10702F7F764FBAB
:10E2B00003B05DF804FB436893F88E20032A4FF007
:10E2C000000206BF83F8CC2083F88E2083F8D0208C
:10E2D0007047436893F820212AB1002283F88E20EA
:10E2E00083F8CC20704783F88F2083F8D0207047C4
:10E2F000037D63B9837B90F85200A3F11002032AD7
:10E3000005D928B11C2B8CBF0020012070470120AB
:10E310007047A1F11203012B0AD910B9162902D8AE
:10E320007047122906D91B298CBF00200120704795
:10E33000012070470020704738B55368142893F8BF
:10E340008E300D4614460BD0162819D0122830D125
:10E35000052B13D1BDE8384000211046FFF72BBF35
:10E360001D3B022B0AD81046FFF77CFD35B16268D1
:10E3700092F8E23023F0200382F8E230002038BD2A
:10E38000202BFBD11046FFF76DFD6DB1626892F84E
:10E39000E33023F0010382F8E330626892F8E3305F
:10E3A00023F0080382F8E3301A212046F6F76CF9CF
:10E3B000E4E740F2FA313620F2F722FA70B542680B
:10E3C00092F8E23043F00403044682F8E230084653
:10E3D0000D46FFF751FC06462846FFF749FC22464A
:10E3E0003146BDE87040F7F757BD08B5F7F7C4FBF5
:10E3F00018B9BDE80840F3F7DDBA0021BDE80840D0
:10E400000846F7F7C7BD38B50C460546D1E9040103
:10E41000F2F766FF94F8D90120280BD0FCF760F9D9
:10E4200094F8D901FBF750FA20B940F66A0136207A
:10E43000F2F7E6F904F5D8742046F5F77BF910B148
:10E440002046F5F785F928460221BDE83840F2F765
:10E45000ADBE00207047F6F7B5BFF7F713B810B59B
:10E4600090F89230B0F8C2400146D3B9C4F102042A
:10E4700091F8C0301BB191F88E30052B16D101F107
:10E480008000FFF735FF98B1D1F8B830D1F8B4006B
:10E49000043B181AA042A8BF204620EAE07080B2D0
:10E4A00010BDB0F8C400001B041FE1E70020F1E735
:10E4B0002046EFE708B5F8F75FFDF8F7D9FBF8F766
:10E4C00049FABDE80840F8F7D1BA08B5C821F8F70D
:10E4D0009FFA022807D1013911F0FF01F7D1F52188
:10E4E0003B20F2F78DF9431E5842584108BD10B544
:10E4F00004460846F9F7FAF94FF47A73B0FBF3F0E3
:10E50000201A10BD10B504460846F9F7EFF9023C91
:10E510004FF47A7300F2E730B0FBF3F0201A10BD2D
:10E5200008B5FCF7E1FCBDE80840F9F745BB801AE7
:10E5300000F3070038B540B20D4659B21446F9F75A
:10E540002BFB0023287020446B7040B238BD0023A1
:10E55000036070477047002070474FF0FF307047EE
:10E560004FF0FF3070477047002070474FF0FF308A
:10E5700070470020704700207047002303707047E9
:10E580000022FFF7D4BF002070474FF0FF307047E4
:10E590004FF0FF3070474FF0FF30704770474FF03B
:10E5A000804301221A6070474FF08043D3F808047B
:10E5B00000F0010070474FF08043D3F8140400F0DE
:10E5C000010070474FF08043D3F81C0400F00300B3
:10E5D00070474FF080410246D1F81804D1F8181462
:10E5E00010F4803004D001F00300831A58425841DF
:10E5F000704708B5FCF7CCFC28B14FF080430222ED
:10E60000C3F8342C08BDFCF7A3FC0028F5D1FCF7B7
:10E61000B5FC0028F1D1F5E7F9F764BBF9F790BB39
:10E62000F9F754BBF9F758BBF9F764BCF9F7A2BB8B
:10E63000F9F754BC08B5F9F73FFB002008BD70B5E9
:10E64000F9F79AFD002405462646E0B2854200D837
:10E6500070BDF9F797FD0134868480F82660F4E7F1
:10E66000F9F7F0BF07B56846F9F7E6FEDDE9000205
:10E670004FF080730021E2FB030103B05DF804FB5F
:10E6800008B5F9F7B9FEBDE80840F9F7A3BE03469F
:10E69000002018707047EFF3108272B603780121E2
:10E6A000DBB2017002B962B6012B0CBF6FF0220021
:10E6B00000207047EFF3108372B60022027003B996
:10E6C00062B600207047FCF7E7BBFCF7A7BCFCF77D
:10E6D000A5BC00280CBF6FF015000020704700207B
:10E6E0007047072303700020704700207047002008
:10E6F0007047034611F8012B03F8012B002AF9D1CA
:10E700007047034613F8012B002AFBD1181A013871
:10E710007047000030B50B4D0FCD87B001AC0FC472
:10E720002B680949236001A802F0A2FD014620B12F
:10E7300006480CF051FD07B030BD05480CF04CFD0B
:10E74000F9E700BF80EC01007DE80000E0F5010082
:10E7500003F6010070B503788AB004460E4607AD93
:10E76000032B20D8DFE803F002191B1D11492846AE
:10E77000FFF7BFFF059563780493A3780393E378CD
:10E7800002932379019363790093A3790A4A1E21A6
:10E7900030460BF0E9FF0AB070BD0849E7E70849C9
:10E7A000E5E70849E3E7084A0A2128460BF0DCFFC1
:10E7B000E0E700BF22F601004BF6010029F6010058
:10E7C00030F601003AF6010044F6010030B5114C74
:10E7D0002368834289B00D4619D10DF0BAFD694610
:10E7E000FFF7B8FF0C4B0D482A4669460CF0F4FCC5
:10E7F0000021012006F080F90021084606F07CF98E
:10E80000206802F079FF00232360FFF783FF09B03F
:10E8100030BD00BF58290020DBF601006EF6010074
:10E8200070B588B00C4605460DF093FD6946FFF7BC
:10E8300091FF0E4E74B10E4B0E48224669460CF005
:10E84000CBFC306802F058FF00233360FFF762FF13
:10E8500008B070BD3368AB42FAD1694606480CF087
:10E86000BBFC0121084606F047F9F1E758290020D2
:10E87000DBF6010092F60100B1F60100F0B51B4F86
:10E880003B688FB005460C4616466BBB18490722FD
:10E890000FF07DFF40BB012E26D806A92846FFF7C2
:10E8A00059FF2246134806A90CF096FC32341BDBB4
:10E8B00002F034FDC0B9104E06F114030FCB02ACC8
:10E8C00084E80F00706AB16A6B4603C36A463B4630
:10E8D0002146284603F05CF9024628B1074806A9FC
:10E8E0000CF07AFCFFF716FF0FB0F0BD582900209E
:10E8F00085F70100C0F6010080EC0100DCF60100A4
:10E900002DE9F34130480CF067FC06F0DFF80446CF
:10E9100048B101462D480CF05FFC4FF0FF34204613
:10E9200002B0BDE8F08101F0B1FE014618B12848FF
:10E930000CF052FCF3E72748274D284E284F0CF0E7
:10E940004BFCFFF7E7FE2B68A3B1022141F2054023
:10E9500001F0E4FA022104460C300DF01CF80DF130
:10E960000201804628680DF065FA014640B138463C
:10E970000CF032FC00214FF4004008F0C3FCE2E749
:10E98000BDF80230A8F80030214601AA41F2054046
:10E9900001F01EFC04460028ECD1019BD3F80C804A
:10E9A000304698F903100CF017FC98F90330323315
:10E9B000ADBF214601212046084606F09DF801988A
:10E9C00001F07AF8D6E700BFFBF6010009F7010075
:10E9D00024F7010044F701005829002076F70100D0
:10E9E0005BF70100014B1B68184700BF6809002056
:10E9F000014B1860704700BF6809002030B585B032
:10EA000004460D461022002168460FF06BFF0223DA
:10EA10008DF802302A46044B0193214668460BF0DC
:10EA2000CFFE05B030BD00BFE5E9000080B505466A
:10EA30000E461746984608F083FC03460FF062FF27
:10EA4000DFF81890044649F800304246304639460F
:10EA5000A84754F8090000F075FC00BF080000004A
:10EA60002DE9F047058B04462807904611D402296A
:10EA700005F0070540F0CC8020460CF0C7FB78B1CC
:10EA80000138218B042811D8DFE800F0C2106D8511
:10EA9000950001290CBF45F0100545F020052583A0
:10EAA00088F31188BFF36F8FBDE8F08701F0070A84
:10EAB000AA4500F0A5800027B9463E46A368002B72
:10EAC00000F0BC8041F00801218388F31188BFF376
:10EAD0006F8FA168002900F0BA800D68002900F04E
:10EAE000B680D1F80480334652462046C047002DF8
:10EAF00076D02B6829461D46F0E701F007035A1F20
:10EB0000012A1BD8002221F00701062B276889B2B1
:10EB1000C4E9002209D13B4603E0628B01326283E3
:10EB20001B68002BF9D141F00201218320460CF033
:10EB30006DFB00287AD041F0200176E0042B0AD149
:10EB400021F0070189B2218320460CF05FFB10B150
:10EB500041F020012183218B01F0070AAA454FD003
:10EB60000027B946AAE7236921F0070141F0060111
:10EB7000062DD3F8009021832DD1B9F1000F3FD09D
:10EB800041F00801218388F31188BFF36F8F3A4960
:10EB90002046C84729E021F00701236941F004011C
:10EBA00089B2042DD3F804902183E6D000273E4695
:10EBB0004FF0040A82E721F00701236941F00501C3
:10EBC00089B2052DD3F808902183D6D000273E4680
:10EBD0004FF0050A72E700273E464FF0060A6DE740
:10EBE0002B4687E7B9F1000FD1D1EFF3118840230D
:10EBF00083F31288BFF36F8F238B23F008032383E3
:10EC0000258BEA062ED525F01003238305F0070592
:10EC10006669218B002EBFF670AF00232768C4E918
:10EC2000003321F0070141F001012183218B01F024
:10EC3000070AAA454FF000097FF440AF002F9CD08F
:10EC400041F00801218388F31188BFF36F8F002FF3
:10EC5000C8D03D6839463346524620460CF002FB88
:10EC60002F46F4E7AB067FF51BAF25F02003238387
:10EC700005F0070500E700BF91B20100014B0360FA
:10EC800000207047B8EE010008B504480CF0A4FA63
:10EC9000BDE8084002480CF09FBA00BF8CF70100A5
:10ECA000C1F701000449431E0F3013F8012F8A5C9D
:10ECB0001A708342F9D17047EFF70100F0B5264E84
:10ECC00007460C460FCE8DB001AD0FC50FCE0FC558
:10ECD00096E8070085E807003846002F38D0002C5A
:10ECE00038D0381F2146024610344B780D781B046B
:10ECF00043EA0563CD782B438D78043143EA05233D
:10ED00008C4242F8043FF0D1144C04218A07036975
:10ED100016D1C3F30742A55C1A0EA25C42EA056253
:10ED2000C3F30725DBB2655DE35C42EA054242EAD4
:10ED3000032221F0030330336B4453F82C3C53403F
:10ED400050F8042F013153402C290361DED10120FA
:10ED50000DB0F0BD2046FBE7ACEC0100EFF7010081
:10ED6000014809F0FFB800BFB8EE010038B504460D
:10ED700018B90F4B0F485B6898476168B1F5683F59
:10ED800010D0B1F5680F0DD00B4DA9420AD011F487
:10ED90006861206807D0014608480FF00FF900238A
:10EDA0002360656038BD14220FF09CFDF9E700BFB9
:10EDB000E40A0020EFF801002C5F5CA95C2E002023
:10EDC00008B520B34368B3F5683F10D1012203684A
:10EDD000BFF35B8F53E8001F002903D143E80020F5
:10EDE0000028F7D1BFF35B8F0DD1002008BD094A81
:10EDF00093420AD000684FF0FF324FF0FF3307F024
:10EE0000EDFB0028F1D00448F0E70448EEE76FF48A
:10EE1000E040EBE72C5F5CA9E98FFFFFEA8FFFFF83
:10EE200008B5D8B14368B3F5683F10D10022036834
:10EE3000BFF35B8F53E8001F012903D143E8002093
:10EE40000028F7D1BFF35B8F0BD1002008BD074A24
:10EE5000934208D0006807F039FCF6E76FF4E04011
:10EE6000F4E70348F2E70348F0E700BF2C5F5CA932
:10EE7000E98FFFFFEA8FFFFF10B5044618B91D4B5D
:10EE80001D485B6898476368B3F5683F2FD0B3F5BA
:10EE9000680F2CD0194A934219D1236803BB184834
:10EEA0004FF0FF324FF0FF33214607F069FB08B9FE
:10EEB00023681BB90F4B13485B68984720681422DE
:10EEC00000210FF00FFD4FF46863636008E0B3F5B5
:10EED000683F0DD83A2B03D040F6BA629342DED198
:10EEE00020680FF0A4F8636843F03A03636010BD34
:10EEF000054AF3E7E40A0020EFF801002C5F5CA963
:10EF00005C2E002015F901003A00003A08B50649C8
:10EF10000648402314220FF043F8BDE80840044996
:10EF2000044809F0E3B800BF5C2900205C2E0020F3
:10EF3000C0EE0100D4EE010030BFFFF7FDBF00BFFF
:10EF40002DE9F0410B4EDFF8308006EB0807CC1BB3
:10EF500005463246094920460FF09CFCA01942465E
:10EF60000021083C0FF0BEFCC5F8A84007F10800DE
:10EF7000BDE8F081000000000400000080EC01000A
:10EF8000074A936893F90E10002907DB52699342F0
:10EF90001FBF044A536843F080535360704700BF5B
:10EFA000B431002000ED00E070B5264B15469A6A9A
:10EFB00012F0100F9A6A14BF1124102412F0080FD7
:10EFC0009A6A18BF1224920706460AD5586B9A6AA5
:10EFD000140634D519B19A6A22F080029A62132479
:10EFE00001E06FF01500174B9A6A12F0010F9A6A50
:10EFF00018BF142412F0200F9A6A18BF1524D206E5
:10F0000002D49B6A9B070AD50E4B5B68190506D58F
:10F01000314600F09BFA10B180F309880224094BB5
:10F020009A6A920642BF5A6A22F400525A629A6A57
:10F0300042F0FF029A6200232B70204670BD6FF0F1
:10F040001500CCE700ED00E0134B9A6A12F0007F48
:10F050009A6A14BF1E201D2012F0807F9A6A18BF82
:10F060001F2012F4002F9A6A18BF212012F4802F5B
:10F070009A6A18BF222012F4003F9A6A18BF232010
:10F0800012F4803F9A6A6FEA02426FEA12429A6271
:10F0900018BF2420704700BF00ED00E010B5194BE9
:10F0A0000246986A9C6A10F4805F14BF17201620ED
:10F0B00014F4006F9C6A18BF1820A40509D5986B3A
:10F0C000986A000404D51AB19A6A22F400429A623E
:10F0D00019200C4B9A6A12F4806F9A6A18BF1A2092
:10F0E000D2050CD49B6A13F4005F18BF1C20054A9C
:10F0F000936A43F47F43936200230B7010BD1B207F
:10F10000F5E700BF00ED00E0F0B5484B5B688BB061
:10F110000446C3F30803002585F31188BFF36F8FFE
:10F1200002F07F40B0F17F4F11D102F00C000828AF
:10F130000DD010074CBF0C4601250022033B8DF873
:10F140000720032B05D8DFE803F0246367602C4613
:10F15000F3E700239DF80720CAB902AE04F12007A7
:10F1600020686168324603C20834BC421646F7D1B3
:10F17000099A002D54D0C2F3080121B96FEA522236
:10F180006FEA4222099202A918460CF051FB0BB01B
:10F19000F0BD264BDA6A9107DBD4DA6A002AD8DBA5
:10F1A000DA6A5200D5D55A69A16942F480725A616F
:10F1B000BFF34F8FBFF36F8F5A6931F8021C22F4EF
:10F1C00080725A61BFF34F8FBFF36F8F4DF602729B
:10F1D00091420AD09A6AD2B24AB10DF107020121D6
:10F1E0002046FFF7E1FE0346B4E72368B2E79A6AD8
:10F1F00012F47F4F05D00DF107010120FFF74EFFFC
:10F20000F1E79B6AB3F5803FA3D3FFF71DFFEAE761
:10F210000DF107020021E3E70DF107010020EDE702
:10F2200022F4FF7222F00102ACE700BF00ED00E023
:10F23000044B5A6942F010025A615A6922F00802DE
:10F240005A61704700ED00E0EFF30880EFF30981A9
:10F2500001B57246FFF758FF01BD00BF00201349FA
:10F260000870002080F31488BFF36F8F06F0CAFA8D
:10F2700000200F490860BFF34F8F0E4880F30888C5
:10F2800000F02EF8402080F311880B484FF4046101
:10F29000401880F30988EFF314800221084380F3BB
:10F2A0001488BFF36F8F00F019F90000C03D0020F3
:10F2B00094ED00E0C05D0020004C00200749D1F82B
:10F2C00090200023C2F307221846934200DB7047C8
:10F2D000C1F89830C1F8A0000133F6E700ED00E076
:10F2E00008B572B6002383F31388FFF7E7FF144BCA
:10F2F0004FF0FF32C3F88020C3F88420C3F8882081
:10F30000C3F88C20C3F89020C3F89420C3F8982049
:10F31000C3F89C20C3F88021C3F88421C3F8882156
:10F32000C3F88C21C3F89021C3F89421C3F8982125
:10F33000C3F89C2162B6BFF34F8FBFF36F8F08BD38
:10F3400000E100E0084B9B6883420BD1EFF305839B
:10F3500043B1064B5A6842F080525A605A6A22F40E
:10F3600000425A620FF009B9B431002000ED00E00C
:10F370000A4A93686FF00A01C3F8B0100849C3F84D
:10F38000AC004B6843F080534B60002383F311883B
:10F39000BFF36F8F9368D3F8B0007047B43100208B
:10F3A00000ED00E010B50446EFF31183402383F332
:10F3B0001288BFF36F8F0C4B586998600B4B4FF05E
:10F3C00000625A600A4BD0F8A8201A600022D0F8D8
:10F3D000AC30C0F8AC2083F31188BFF36F8F00F01E
:10F3E00021F9204610BD00BFB431002000ED00E03F
:10F3F000782E00200B498A684FF030001044EFF35C
:10F40000098C80E8F01F74467046FFF7CBFFA646D4
:10F4100004498A6802F1300090E8F01F8CF30988F3
:10F4200070470000B43100201EF0040F0CBFEFF352
:10F430000880EFF30980816911F8021C0229FFD0CE
:10F4400001B50CF0FBF901BD40B2002807DB044A0E
:10F450004109012300F01F00834042F8213070472A
:10F4600000E100E040B200280CDB4309064900F04F
:10F470001F0020330122824041F82320BFF34F8F29
:10F48000BFF36F8F704700BF00E100E0054B4209FA
:10F4900000F01F0053F82220012303FA00F010406F
:10F4A000704700BF00E100E040B2D30754BF023113
:10F4B00000210028ACBF00F16040074A4FEA411329
:10F4C000ACBF00F5614000F00F00DBB2B4BF1354D5
:10F4D00080F80033704700BF14ED00E00B4A08B518
:10F4E0000B4B22F07F029A60BFF34F8FBFF36F8FF9
:10F4F000D3F8882022F47002C3F8882006F064FF55
:10F5000007F0DAFF00F064F806F0A6FF0000000044
:10F5100000ED00E042F8203C009B42F81C3C0A4908
:10F52000019B42F8183C029B42F8143C21F0010177
:10F530004FF0807342F8043C42F8081C0023203A44
:10F540000265C0F8AC3070472DEA00000A4A034655
:10F55000906878B113F1160FD0F8980005D0A0F19B
:10F5600040029A4205D8834203D2814228BF00203C
:10F5700070470020704700BFB431002008B5154621
:10F580000C4A0D4B9060D0F8A8201A600E4600F08F
:10F5900049F82C4686F309884FF00000074B98473E
:10F5A00020464FF000014FF000024FF00003044CE2
:10F5B000204700BFB4310020782E00205BB8010046
:10F5C0002DEA0000014B10221A61704700ED00E0A7
:10F5D000044800234021C2180133302B82F8001365
:10F5E000F9D1704700E100E008B5EFF30583064A62
:10F5F000103B02EBC30152F8330049688847BDE86D
:10F600000840FFF7BDBC00BF70EA0100024B034A8F
:10F610000348012100F078B8000004200000002019
:10F62000E4EE0100D0F89820054B403A1A60054AF4
:10F630004021C3E901121846012100F06FB800BF54
:10F640007C2E002000000B15084AC2F898000B68B9
:10F6500023F01F03034343F01003C2F89C308B6870
:10F6600043F00103C2F8A030704700BF00ED00E096
:10F670002DE9F043DFF8608085B00E461F46044652
:10F680004FF00009B14523DA6068D8B13FB1411E9F
:10F6900008421BD11F2819D92368194216D12368A3
:10F6A00001930CF0FDF8A36803430393D8F890503E
:10F6B000C5F30725D0B2013DA84207D801A9FFF73D
:10F6C000C3FF421C09F101090C34DBE76FF015029E
:10F6D000104605B0BDE8F08300ED00E0044B0522C4
:10F6E000C3F89420BFF34F8FBFF36F8F704700BFF5
:10F6F00000ED00E0BFF35F8F024B0022C3F89420BF
:10F70000704700BF00ED00E010B5034C01232278E4
:10F71000FFF7AEFF207010BDCC3C002008B50B4AAF
:10F7200000231278FFF7A4FF10F1160F07D0084A44
:10F730000021D2F89030C3F30723984200DB08BDC4
:10F74000C2F89800C2F8A0100130F2E7CC3C0020CB
:10F7500000ED00E02DE9F043534B544CD3F89030CA
:10F760002568C3F307239D4285B000F29A80FFF716
:10F77000C1FF00200C2685421AD14D4C4D4F2570FB
:10F780006846FFF77BFADFF82081DFF82C91064608
:10F790000025AE4213D1237843490020D1F89020B0
:10F7A000C2F30722934276DBFFF798FF002042E086
:10F7B000616806FB0011FFF747FF0130DBE70098A7
:10F7C00000EB05114FEA051CCB683B40B3F5000F79
:10F7D00048D00AD8B3F5001F30D0B3F5800F36D02B
:10F7E000B3F5801F10D00135D3E7B3F1807F42D04D
:10F7F000B3F1007FF7D150F80C3088684A680CF0FC
:10F800004FF840F4802009E050F80C3088684A68CE
:10F810000CF046F840F0885040F43020CDE9012348
:10F820000390D8F890302078C3F30723013B984227
:10F830002AD96FF0150005B0BDE8F08350F80C3000
:10F8400088684A680CF02CF840EA0900E6E750F8AE
:10F850000C3088684A680CF023F840F0E06040F40F
:10F860000030DBE750F80C3088684A680CF018F874
:10F8700040F08270D2E750F80C3088684A680CF08B
:10F880000FF840F08870C9E701A9FFF7DDFE237883
:10F8900001332370A7E7C1F89830C1F8A000013305
:10F8A0007CE74FF0FF30C6E700ED00E0F0EE01002E
:10F8B000CC3C00200000F0FF0000081108B5024B0E
:10F8C0001B689847002008BD882E0020034B044A7F
:10F8D0001860937843F0020393707047882E0020DD
:10F8E0008C09002008B50649064821F00701C1F13E
:10F8F000005202F580220BF015FC002008BD00BF6D
:10F90000037000208C2E002070B54169867A0B4D63
:10F91000044659B1437ADB0706D42C2303FB065374
:10F920005B6A1B689B689847002363612C20214613
:10F9300006FB0050BDE870400EF009BC4C0C0020E6
:10F94000024B2C2202FB0030704700BF4C0C002001
:10F95000827A064B2C2101FB02339A6A1B7F1B33F0
:10F96000801A23F00303B0FBF3F070474C0C002027
:10F9700038B5074B827A2C2404FB02335B6AD3E947
:10F9800001240C601568FFF7E3FF04FB005038BD4D
:10F990004C0C00202DE9F04F85B0054668460391D8
:10F9A00091461C4690469A460EF045FEDDE90067FA
:10F9B000EFF3118B402383F31288BFF36F8F698BB2
:10F9C000002942D02B8B8B4226D9002200232846C7
:10F9D00006F0B8FE0446F8B18BF31188BFF36F8FC1
:10F9E000039B002B4FD032463B4668460EF047FE45
:10F9F000A27A2D4B2C2101FB023320465B6A1B6847
:10FA000003A91D68DDE90023A847606100283BD1F8
:10FA10002046FFF779FF31E0698B4B1E6B838BF338
:10FA20001188BFF36F8F2B7F2A8BAC6A1B3323F0B7
:10FA30000303521A02FB03441B4B1C4AEB1A9B1094
:10FA40005343A3722B7FE372CAE78BF31188BFF392
:10FA50006F8F54EA090409D00EF054FF144A154B75
:10FA600012589A420ABF8846C846C2464246534682
:10FA7000284606F067FE04460028B1D1002420463F
:10FA800005B0BDE8F08F6361012300252381039B4E
:10FA90006382E27A6560294604F118000EF022FFC5
:10FAA00063692582E360EAE74C0C0020A38B2EBA41
:10FAB00008000000A827002070B50C4C2C2500B9C8
:10FAC00070BD037A4668013BDBB20372002BF7D1AD
:10FAD000C3604360837A05FB03431B6A13B19847F5
:10FAE0003046ECE7FFF710FFFAE700BF4C0C0020B0
:10FAF0000E4A0123C2F840354FF080424FF080514A
:10FB0000C2F87835D1F83001082808D1D1F834117D
:10FB1000052904D80648415C09B1C2F838364FF0CF
:10FB200080430122C3F880250020704700E0014097
:10FB300051F9010020B1034B800143F00103184744
:10FB4000704700BFB0EE010008B504480EF076F92A
:10FB500000280CBF6FF01200002008BD34EA01003D
:10FB600030B50A4D0A4B85B0002428460293039411
:10FB70000EF0D4FB02AB0093284606490A234FF44B
:10FB8000A86206F0DDFF204605B030BD881B0020CE
:10FB90006AF90100003E00200146014807F00EB856
:10FBA000881B00200378012B30B513D0022B27D0FF
:10FBB0007BB9194B0A4603F1100453F8045B42F871
:10FBC000045BA342F9D11B78137043884B731B0A63
:10FBD0008B7330BD104B0A4603F1100453F8045BDD
:10FBE00042F8045BA342F9D11B78137043684B734E
:10FBF000C3F307221B0CCB731B0A8A730B74E8E751
:10FC000000F1100350F8042B41F8042B9842F9D16D
:10FC100003780B70DDE700BF73F9010038B50546C6
:10FC200005480BF058FE044620B101210C300BF0C2
:10FC3000A7FE2576204638BD280D00200F2810B5D8
:10FC40000ED80D280ED90B480BF045FE044628B1FE
:10FC500001210C300BF094FE01232376204610BDC9
:10FC60001328F0D009B10448EEE7BDE810400120A8
:10FC7000FFF7D4BF540D0020A40C002070B5C66857
:10FC80003378B6F8014083B90F21204601F0F4FD26
:10FC9000F378054650B90A4A118831B96FEA045021
:10FCA0006FEA10501080074A137070BD4372012133
:10FCB00001F042FD2846BDE8704001F01DBD00BFC7
:10FCC000B83C0020CD3C002010B5012104460C308A
:10FCD0000BF080FE2146034A0078BDE81040002367
:10FCE0000CF014B8CCEF010010B5012104460C3023
:10FCF0000BF070FE2146034A0078BDE81040072350
:10FD00000CF004B894EF010070B530480BF0FCFD26
:10FD10000446002858D0037E012B32D0032B02D199
:10FD2000038A032B02D8FFF7C7FE20E004210C3022
:10FD30000BF050FEFF22438806886276228AC6F3C3
:10FD40000B009A42A08301D02046ECE70F2101F07E
:10FD500093FD05460028F7D001F0C2FD320B607616
:10FD6000214628460CF008FA284601F0C5FC184B3D
:10FD7000D3F8443143B3BDE87040164916480EF03D
:10FD8000A2BA038A012BCED902210C300BF022FE3D
:10FD9000054600780BF003FF10F002060DD10F4A64
:10FDA0000F49104840F6A8330BF023FA86F3118868
:10FDB000BFF36F8F0323184602DF0B4A2878042312
:10FDC00021460BF0A3FFBFE770BD00BF4409002030
:10FDD00000080020AC090020601C002084F901000C
:10FDE000B8F90100E6F9010074EF01002DE9F047D0
:10FDF000884616468246002878D0BFF35B8FDFF82E
:10FE0000F090002359E8004F49E80032002AF9D168
:10FE1000BFF35B8F002C69D02046FFF799FD354D6D
:10FE20000C2303FB005027464388534511D0BFF3F2
:10FE30005B8F59E8003F49E80072002AF9D1BFF30F
:10FE40005B8F002B52D01F463846BDE8F047FFF7C6
:10FE500033BEA6420ED020460BF038FD04F10C094B
:10FE60000121217648460BF08BFD328AF168484625
:10FE70000BF097FD2046FFF76BFD0C2606FB0050AC
:10FE80004368ABB1B8F1000F12D12046FFF760FD17
:10FE900006FB005001214268D2E90003127A03F008
:10FEA0001F06B1405B09DAB100EB83000BF089FE5D
:10FEB0002046FFF74DFD0C2606FB00508368002B03
:10FEC000C2D02046FFF744FD704305F8008020466D
:10FED000FFF73EFD06FB0055A86806F065FCB3E79A
:10FEE000C94300EB83000BF028FFE1E7BDE8F08792
:10FEF00040090020982E002010B5C1E900239DF88C
:10FF000008300B720C46FFF723FD034B0C2202FB5B
:10FF100000335C6010BD00BF982E00202DE9F04733
:10FF20004FF0FF3206464FF0FF33184888460BF07B
:10FF3000D2FC044638B300F10C0701214FF0000950
:10FF400038460BF01DFD84F818902046FFF700FDA1
:10FF50000F4D4FF00C0A0AFB005046802046FFF779
:10FF6000F7FC0AFB0050C0F808902046FFF7F0FCB1
:10FF70000AFB005503213846C5F804900BF00BFD31
:10FF8000068080F802802046BDE8F087FC0C002047
:10FF9000982E0020034B0146D3F8640182689268D2
:10FFA000104700BF000800202DE9F843044600F187
:10FFB0000C0630460BF026FDB4F81080B8F1010FA6
:10FFC000054604D82046BDE8F843FFF775BD304626
:10FFD00002210BF0FFFC074600780BF0E0FD10F06B
:10FFE000010906460DD10F4A0F49104840F6E47347
:10FFF0000BF0FFF889F31188BFF36F8F03231846C6
:020000040001F9
:1000000002DF05230A4A387821460BF07FFEB3074A
:10001000D8D56369A4F8108013FA85F5E560BDE8CA
:10002000F88300BF84F9010003FA0100E6F901003A
:100030004CEF010038B50C4607F0A6F8237E012BE3
:100040000AD0032B19D121460F480BF048FC0F4969
:100050000F480EF038F90BE0E36818780BF09FFDBD
:10006000C207054602D52046FFF79EFFAB07EAD43C
:10007000002407F09DF8204638BD2046FFF71CFD00
:100080006FF01504F5E700BF44090020AC0900201B
:10009000601C002008B5044804210BF092FDBDE867
:1000A000084000F0A9BF00BFD4080020044BBFF3F4
:1000B0005B8F1868BFF35B8FC0F38000704700BF91
:1000C000D4080020004870471CFA0100014806F0DF
:1000D00031BD00BF9C09002038B505460C4619B952
:1000E000FFF71CFF0446A8B140F635439D4209D1F5
:1000F0002046FFF74FFF054650B12046FFF7DCFCD6
:10010000284638BD054821460EF016F8FFF7DEFFF9
:100110000025F5E76FF06805F2E700BF4C09002005
:1001200038B502460B46244DD5F84C1109B90020CC
:1001300038BD05F5947006F05DFB0028F7D100226C
:10014000002305F5A67006F0FDFA044668B91B4ABF
:100150001B491C4840F6B7330BF04BF884F3118869
:10016000BFF36F8F0323184602DFD5F8400120B19B
:10017000FFF7A2FC0023C5F8403120460BF0DAFB64
:10018000C5F840012046FFF705FF98B10E4806F07C
:100190000BFB2046FFF7DCFB0C4B0C2202FB003074
:1001A0001F2140882246FFF721FE2046FFF784FCEE
:1001B000FFF78CFF0120BBE70008002084F9010055
:1001C00023FA0100E6F9010028090020982E0020FA
:1001D0002DE9F04F064687B015460C4631B9FFF7BA
:1001E0009DFE044648B96FF068007BE0887AFFF70F
:1001F000A7FB484B834240F08680012200216846DD
:100200000DF0B3FF2046FFF7A3FBDFF80C910C23A2
:1002100003FB0090C0F808D020460BF08BFB014692
:100220003E480DF089FFFFF751FF0EF06BFB3C4B92
:100230001A583C4B9A4222D1DFF8ECA0DFF8ECB020
:1002400036480DF08EFF002180464FF4A020FFF7C6
:1002500067FF074688B94FF4D4735246594634486D
:100260000AF0C7FF334831460AF0C3FF87F311880D
:10027000BFF36F8F0323184602DF4445E0D14FF4EC
:10028000A0220023684606F0B5FA074698B14FF45D
:10029000D773254A284926480AF0ABFF27483A4633
:1002A00031460AF0A6FF002383F31188BFF36F8F56
:1002B0000323184602DF2046FFF74AFB0C2358436E
:1002C00019F80060BEB12046093EFFF7F5FB092E84
:1002D0000ED8DFE806F01B0D0D0A050D0D0D0D18EB
:1002E0006FF00B0007B0BDE8F08F6FF00C00F9E77E
:1002F0006FF00400F6E715B12C600020F2E720460D
:10030000FFF7DAFBF9E76FF01500EBE76FF06E002F
:10031000E8E700BFFC0C0020982E00204C090020CC
:1003200008000000A827002084F9010027FA010036
:10033000E6F901002FFA01004FFA010058FA010016
:10034000F7B5002101AA40F60340FFF741FF04463C
:1003500000286CD1019CE3681B789BB900F04CFE2F
:10036000BFF35B8FBF4B1A68BFF35B8F02F00902CC
:10037000BFF35B8F53E8001F43E800200028F9D14A
:10038000BFF35B8F2046FFF797FB01AA002141F2E4
:100390000300FFF71DFF0446002848D1019AB24D23
:1003A000D168D1F80100D1F8051005F1780303C335
:1003B0001046FFF781FB214601AA41F20100FFF739
:1003C00007FF044698BB0198C3685A7885F87020E7
:1003D0005A88A5F872201A7985F87120B3F8072099
:1003E000A5F87420B3F80530A5F87630FFF764FB64
:1003F000214601AA41F20200FFF7EAFE0446B0B925
:10040000019FFA6805F18006531C4132186859684B
:10041000344603C4083393422646F7D13846FFF7E3
:100420004BFB95F87C30580604D46FF0120420463C
:1004300003B0F0BD01AA002142F20300FFF7C8FE9D
:1004400004460028F3D1019B884EDA68D2F80100F7
:10045000D2F8051003C61846FFF72EFB214601AA65
:1004600042F20200FFF7B4FE04460028DFD1019CEF
:10047000E368B3F8012091B249B1D97839B1A5F850
:100480000421DA78114606F128000DF06EFE2046B0
:10049000FFF712FB95F87C6016F0200617D10221B9
:1004A00040F66D40FFF73AFD044600287BD002215C
:1004B0000C300BF070FA012303704670214632466F
:1004C00040F66D40FFF784FE04460028AFD195F852
:1004D0009C30190712D501AA002142F21C00FFF737
:1004E00077FE04460028A2D10198C368D3F8012002
:1004F000D3F80530C5E93823FFF7DEFA082142F2C8
:100500000100FFF70BFD044600284CD008210C30F9
:100510000BF041FA95F8D83095F8D92013F0020F76
:1005200014BF2F230F2312F0090F18BF43F40063E9
:10053000002203701B0A43708270C2700271427104
:100540008271C271214642F20100FFF741FE04466A
:1005500000287FF46CAF95F87C30B5F804119A064A
:1005600024D4C9B901AA41F20500FFF731FE0446BF
:1005700000287FF45CAFB5F80431019C4BB9E36807
:10058000B3F80120A5F804219A88394811460DF0E6
:10059000ECFD2046FFF790FA082140F60140FFF7F6
:1005A000BDFC044638B96FF0680440E70029F3D178
:1005B0006FF004043BE708210C300BF0ECF910233A
:1005C00003708823437002230022C37020238270AB
:1005D000027142718271C371214640F60140FFF7FA
:1005E000F7FD044600287FF422AF014601AA4FF62A
:1005F0000140FFF7EDFD044620BB0198FFF75CFAD0
:10060000214601AA4FF60240FFF7E2FD0446C8B9B1
:100610000198C368B3F80130A5F8C130FFF74CFA70
:1006200095F8C1305B070DD501AA21464FF603406E
:10063000FFF7CEFD30B90198C3685B7885F8C0300C
:10064000FFF73AFA00F0A0FB044600287FF4EFAE73
:1006500001F0E0FC044600287FF4E9AEFFF71AFD44
:10066000E5E600BFD408002000080020D8080020DC
:100670000809002010B5FFF763FE034B1B6813B198
:10068000BDE81040184710BDB02E002073B5254DB1
:100690000646D5F864010DF0D1FB00283BD06FF081
:1006A000020105F1D4000BF048FB01210BF089FA9F
:1006B00010EA010432D11C4B1E600A4605F5947005
:1006C0000DF053FD05F5A6700DF02AFD17480DF04D
:1006D00025FE1749154800946FF007034FF4806218
:1006E00006F02EFA1349114806F0CCFAD5F8640149
:1006F000114983681B689847044648B926B902B077
:10070000BDE87040FFF71CBE05F1C40006F012FA08
:10071000204602B070BD6FF01204F9E76FF0770465
:10072000F6E700BF00080020B02E0020601C00206B
:10073000804300209DFA010035000100F7B5144BFD
:1007400093F99B30002B05460C461DDA14B9204660
:1007500003B0F0BD082C01AA4FF0000142F21800CE
:10076000264628BF0826FFF733FD0028F0D1019F59
:10077000F9683246013128460EF08CF83846FFF70A
:100780009BF93544A41BE1E76FF08500E0E700BF6B
:1007900000080020F0B587B006460DF10B010020DF
:1007A00000F0CAFA044600283BD1192142F20D009C
:1007B000FFF7B4FB0746B8B319210C300BF0EBF888
:1007C0002146054619220EF08DF89DF80B30184A87
:1007D0002B7306F17001681D0BF002FA93892B80D0
:1007E000D3896B80B6F88830A5F80D30B6F88A301A
:1007F000A5F80F30B6F88C30A5F81130B6F88E3069
:10080000A5F8133001230093D432082303A93846F6
:10081000FFF772FB2246394642F20D00FFF7D8FC83
:100820000446204607B0F0BD6FF06804F9E700BF4A
:100830000008002030B5002187B042F20E00FFF71B
:100840006DFB00250446082303A9064A0095FFF71F
:1008500053FB2A46214642F20E00FFF7B9FC07B0CF
:1008600030BD00BFD40800202DE9FF41464BB0F851
:100870000170198847F4704291424FF0000602BFA0
:100880001E80424B1E78C378012B08BF404B00F1FD
:100890000404054620460CBF93F86F804FF0000813
:1008A0000BF023F92146B0B102A80BF013F9D5F8EB
:1008B0001130CDF80130B5F81530ADF80530012311
:1008C0008DF80030E87890B1132138460BF057FBD3
:1008D00004B0BDE8F08140460BF0CEFB014602A813
:1008E0000BF07EF9214668460BF07AF9EAE702221E
:1008F00002A901F02BF9EB78044623B925486FF4DF
:1009000080710BF01AFA002CDED02046B5F80130C9
:1009100020F8703B02A90BF063F9B5F81730A4F882
:100920008630B5F81930A4F88C30B5F81B30A4F82F
:100930008E30EB78E370002262726BB9694604F185
:100940007E000BF04DF9217A114BC1EBC101194426
:1009500004F177000BF044F90721204600F0ECFE8B
:1009600026B166720121204600F0E6FE204600F026
:10097000E7FF204600F0C0FEE378002BA8D103205B
:100980000BF09DFBA4E700BFB83C0020CD3C00204D
:1009900000080020D408002000B5C1680B7889B099
:1009A00033B1022B2ED109B05DF804EB0BF0BFBAC6
:1009B0008DF80030B1F80130ADF80130CB788DF80A
:1009C0000330B1F80B30ADF81730B1F80D30ADF899
:1009D0001930B1F80F30ADF81B304B7C8DF81D305D
:1009E00001A804310BF0FCF8084B68461A689B8894
:1009F000CDF80B20ADF80F30CDF81120ADF8153043
:100A0000FFF732FF09B05DF804FB00BF64F9010095
:100A100038B5032104460C300AF0DCFFE3680578A2
:100A2000B0F80100197840F6354398420AD02246C2
:100A3000FFF7DCF935B1044805F0B6FEBDE83840F3
:100A4000FFF744BB38BD00BF2809002038B504219A
:100A500004460C300AF0BEFF4578017840882246F3
:100A6000FFF7C4F935B1044805F09EFEBDE83840F3
:100A7000FFF72CBB38BD00BF28090020F8B50A4D90
:100A8000EF7906460024E3B29F4202D86FF00100DE
:100A900007E0294630460BF0E7FA0735631C08B13A
:100AA0002046F8BD1C46EEE70008002070B5144E45
:100AB0000622314604460DF06AFED8B1062142F204
:100AC0000500FFF72BFA0546B0B1062221460C308F
:100AD0000AF067FF0022294642F20500FFF778FB83
:100AE00048B93346226843F86929A288B2800122B6
:100AF00083F86820002070BD6FF06800FBE700BF3E
:100B00006908002037B504460D4689B118492846C2
:100B10000BF0AAFA60B9174A2968C4EBC404A318F9
:100B20001151AA889A80AA799A71002003B030BD29
:100B300068460AF0C1FF0028F8D16846FFF79EFF1B
:100B40000028F5DA0B4A00989DF80610C4EBC4049F
:100B5000A3181051BDF8040098809971002DE4D0BD
:100B600012592A609A88AA809B79AB71DDE700BF91
:100B700057F901000008002070B5044611B16FF06C
:100B8000150070BD80B11C490BF06EFA60B92046AB
:100B9000FFF774FF002829DA2378012BEFD1A3791E
:100BA00003F0C003C02BEAD1144DEB79012B20D008
:100BB000BFF35B8FD5F8D430BFF35B8FDB0707D46F
:100BC000002CDCD00C4920460BF04EFA0028D6D180
:100BD000EE792146731C3046EB71FFF793FF08B99D
:100BE0003046CEE7EB79013BEB71CAE76FF0770057
:100BF000C7E76FF00B00C4E757F9010000080020B9
:100C00002DE9F3410446D8B101AA002141F20900BF
:100C1000FFF7DEFA054698B9019E1249D6F80C8016
:100C200008F10107062238460DF0B1FD28B10E4942
:100C3000062238460DF0ABFD30B93046FEF73CFFDA
:100C4000002002B0BDE8F081D8F80130C4F80130CE
:100C5000BB88A4F8053030462570FEF72DFF012033
:100C6000EFE700BF64F901005EF9010007B56846CF
:100C7000FFF7C6FF044BD87118B169460020FFF793
:100C800041FF03B05DF804FB00080020F0B5294DDA
:100C9000EE7989B0002E46D195F8C230DB0722D517
:100CA0006A4631464FF60940FFF792FAD8B9DDF8A7
:100CB00000C0DCF80C406378012B1E4628BF0126DB
:100CC00073B1A31C02AA123418685968174603C7E7
:100CD0000833A3423A46F7D1186838609B88BB8036
:100CE0006046FEF7E9FEEE71002416260127EB7937
:100CF000E0B2834202D8B3B1002012E008AB06FB99
:100D00000033694653F8182C33F8143CCDF8012011
:100D1000ADF805308DF80070FFF7F4FE01340028BF
:100D2000E5D009B0F0BD0021084609B0BDE8F040AB
:100D3000FFF722BF0008002038B50C4669B1084D06
:100D40002B78012B03D02B782370002038BD681C32
:100D5000FFF7ACFE0028F6D0F8E76FF01500F5E7D6
:100D60000008002010B50C4649B1064B1B780B70EB
:100D700000200BF086F908B90123237010BD6FF035
:100D80001500FBE70008002010B50A4CE3790BB111
:100D9000002010BDFFF76AFF0028FAD1E379002B8D
:100DA000F6D1FFF773FF0028F3D1601CBDE81040B7
:100DB000FFF77CBE0008002070B5054686B00E46E1
:100DC00042F20C000221FFF7A9F80446A0B102216B
:100DD0000C300AF0E0FD0A4A4670057003A920466F
:100DE00000950623FFF788F80022214642F20C0006
:100DF000FFF7EEF906B070BD6FF06800FAE700BFCC
:100E0000D408002008B50C4B0246400903EB8000D3
:100E10000BF04FF902F01F0340FA03F313F0010047
:100E200006D122B905480BF044F940F3002008BD73
:100E30006FF07700FBE700BFB42E0020D40800203D
:100E40000A4ABFF35B8F430902EB830200F01F00E5
:100E500001238340DB4352E8000F184042E80001C1
:100E60000029F8D1BFF35B8F704700BFB42E00207C
:100E700070B588B058480022002305F0AFFB002869
:100E800040F08A8055480BF014F910F0010343D06C
:100E9000534D0FCD03AC0FC42B68236051480BF0AA
:100EA00008F9C0F380134D480BF003F90146002800
:100EB00063D06BB14C49142203A80DF068FC0028E4
:100EC00065D000210846FFF777FF044600285FD170
:100ED00000239DF80C00ADF80930BDF81430ADF8D2
:100EE0000530BDF81630ADF80730431E8DF804000C
:100EF00058420DF109015841FFF734FF044600281C
:100F000046D1072142F20B00FFF708F805460028FA
:100F100044D16FF068043BE03248344E0BF0C9F81E
:100F200010F4807F0ED0F068318A728A8DF80C3010
:100F30000124CDE90440ADF81830ADF81A10ADF831
:100F40001C20ABE72A4D0FCD03AC0FC42B682360E8
:100F500096F8D930180748BF0523204848BF0493A6
:100F60000BF0A7F8810702D5224B059396E71B48A3
:100F70000BF09FF84207F7D490E743B1FFF71CFF4F
:100F8000044628B90146142217480DF0ABFC002492
:100F9000114805F09BFB204608B070BD072201A94F
:100FA0000C300AF0FEFC2246294642F20B00FFF705
:100FB0000FF904460028EBD10499012001F001014A
:100FC000FFF7FAFE04460028E2D103AD0FCD064C30
:100FD0000FC42B682360DAE7E02E0020B42E002037
:100FE000B82E0020D4080020CC2E002000080020BD
:100FF000D8EC01006000300010B5094C54220021EB
:1010000020460DF06FFC04F12C000DF010F804F1F7
:1010100040000DF00CF8034B00221A6010BD00BF19
:10102000B42E0020102F0020032838B5054603D128
:10103000BDE83840FFF71CBFFFF7E4FE0446C8B91F
:10104000BFF35B8F0C4B6A0903EB820305F01F01B2
:1010500001228A4053E8000F104343E800010029B1
:10106000F8D1BFF35B8FFFF703FF044610B12846AA
:10107000FFF7E6FE204638BDB42E00202DE9F04FE4
:1010800000F10C088BB0044640460AF0ABFCDFF8D8
:10109000CCA1064616B90BB0BDE8F08F70480BF036
:1010A00008F8C007F7D5238A082BF4D90921404650
:1010B0000AF090FC037A228A01339A420546EAD369
:1010C0000123ADF824307F238DF81E30037A0344CA
:1010D00000F101095B7A8DF81D30FF238DF81C307B
:1010E0000023ADF8223002788DF81F20042A9CBF1F
:1010F0005C4B9B5CADF82030037A594801930AF0B1
:10110000D8FFC1070BD5BDF820305A0707D5297A7B
:1011100040460131013E0AF055FCF6B2BAE74846B6
:101120000AF0E3FC002848D0494604A80AF0D2FCA3
:10113000DAF80030A3B140460AF064FC019B278A2C
:101140009DF81F202382834643469DF91D10DAF83F
:1011500000C004A8E0476369278213FA8BF3E360B9
:1011600004AB0693404B1B68002B3AD01A6802B1BF
:10117000083A53F8081CB9B11746A3F108024046D3
:1011800003920AF03FFC238A039A0293019B238275
:1011900012688346414606A890476269029B2382F3
:1011A00012FA8BF2E2603A46DAB197681368B7B187
:1011B000083F002BE3D13A46F7E76B78FF2B09D1C4
:1011C0002A4B186804909A889B798DF81630ADF8F0
:1011D0001420ADE749460AF04FFF0346F1E7002B24
:1011E000CDD100231E480693BDF820300AF061FFE0
:1011F00010F001078BD1DB0789D5032204A93846FB
:1012000000F0A4FC8346002881D002200AF057FF9A
:10121000D5F80130CBF87E30B9F80430ABF8823025
:1012200099F806308BF8843058460AF07EFE60B19B
:101230001F238BF809303946584600F07DFA58468E
:1012400000F05AFAFFF714FE61E75846022100F059
:1012500073FA584600F050FA59E700BF102F0020EB
:10126000B42E0020A6FA0100082F002057F9010033
:1012700070B5054625480AF01CFF43070E4641D5C8
:101280002A78012A03D96FF01504204670BD6B68D7
:101290000F2BF8D82889031F9BB243F6FC74A34296
:1012A000F1D869890B1F9BB2A342ECD88842EAD3DC
:1012B0007AB917480022002305F090F90446002867
:1012C000E3D1FFF79FFD044640B1114805F0FEF958
:1012D000DBE70AF0ECFE0028EBD1D4E70D4A2B4601
:1012E000103518685968144603C40833AB422246C7
:1012F000F7D11868084B206000201E60FFF794FEAD
:101300000446E2E76FF00A04BFE700BFD4080020FC
:10131000F42E0020B82E0020102F0020024B0020B9
:1013200018600AF0CCBE00BF102F002008B503489B
:101330000AF0BFFE00F0010008BD00BFB42E00207F
:1013400070B50C4B1C68054644B154F8143C143C71
:1013500013B1697A284698476469F5E7064C074E49
:10136000B44200D370BD236813B1697A2846984708
:101370001834F5E7482F002014EC01002CEC010094
:1013800010B50446FEF7E4FA044901EB00112046CB
:101390000AF0D4FBBDE81040FEF798BE142F0020E1
:1013A00070B5D1E9015600220446C1E90122064880
:1013B0000CF0C2FE3DB1314620462B466FF06D0267
:1013C000BDE87040184770BD340C002070B5002295
:1013D00005460E46094800230021FEF7DBFA0446C5
:1013E00058B1FEF7B5FA064B324603EB0013294617
:1013F0002046BDE870400AF07CBB70BDD00C0020D8
:10140000142F002070B505460F480022002305F078
:10141000F1F9B8B90D4B1C6834B154F80C3C143CCC
:1014200003B198476469F7E7094C0A4EB44204D304
:101430002846BDE8704005F07DBBA36803B198471E
:101440001834F3E770BD00BF1C0C0020482F0020AB
:1014500014EC01002CEC010013B5837A072B044631
:101460002CD1BFF35B8F043050E8003F43F0800283
:1014700040E800210029F7D1BFF35B8F1B061DD484
:101480000AF051FE81040CD50D4B93F8D930DA07E0
:1014900014D50021022300911A4620460AF0AEFD21
:1014A0000CE0E37823B1064B93F8D8301B07EBD55B
:1014B00020460AF089FDA37A072BE5D002B010BDC3
:1014C000000800202DE9F843DFF854800446402747
:1014D0000025EFF3118387F31288BFF36F8FE16963
:1014E00029B983F31188BFF36F8FBDE8F883206AB1
:1014F0000A68E261814208BF226283F31188BFF368
:101500006F8FD1E901694046C1E901550CF014FE25
:101510001EB1002249462046B047FEF7D7FDD8E766
:10152000340C00200448B0F80431002B00F584701E
:1015300008BF0020704700BF0008002030B50446F7
:101540000DF0E0F90D460C490C4A095891428BB058
:1015500005D120460BB0BDE83040FFF7B3BF2434BF
:10156000214610460CF0AFFE1DB1694620460CF036
:10157000BAFE0BB030BD00BF08000000A827002055
:1015800038B5002204468A4202D10024204638BDE4
:1015900004F1C4030120BFF35B8F53E8005F002D0B
:1015A00004D143E8000CBCF1000FF6D1BFF35B8F10
:1015B00002D0C8340244E6E7002CE6D0C422002161
:1015C00020460DF08FF904F1400004490CF0ACFE08
:1015D000034904F124000CF04BFED7E7391F01004A
:1015E00061C1010038B50122044600F1B803BFF320
:1015F0005B8F53E8005F43E800210029F9D1BFF376
:101600005B8F5DB90AF017FE084BC4F8B450D3F8ED
:10161000241104F1B40229B9C3E94822BDE83840D5
:10162000FEF754BD0A60C3F82421F7E70008002044
:1016300070B52E4DD5F8204114B90026304670BD46
:101640002B4B5A8B22B1B5F804312BB99B68FFDEC6
:101650001B68002BF1D0F6E7D5F81031002BECD049
:10166000244B1B68002BE8D054F8143C002BE4D02A
:1016700054F8103C002BE0D054F80C3C002BDCD08C
:1016800014F8AA2C072AA4F1B4060DD130469847C5
:1016900050B104F108000AF046FD022804DC30468F
:1016A000BDE870400AF0C7BDD5F8203143B1D5F888
:1016B00024111A68C5F820218B4208BFC5F82421DF
:1016C000231D0022BFF35B8F53E8001F43E8002077
:1016D0000028F9D1BFF35B8F304654F80C3C984793
:1016E0000028ABD03046FFF77DFFA7E700080020B9
:1016F000D00C0020340C002007B5C430BFF35B8F42
:1017000050E8003F5A1E40E800210029F8D1BFF3FD
:101710005B8F01A801930AF006FD012805D104485A
:1017200005F042F8034805F005FA03B05DF804FB44
:101730001C0C0020CC09002070B5857A8D4204462F
:101740002DD0817255B1022D0ED0A37A072B26D849
:10175000DFE803F026115F252525251B8378082B5C
:10176000F3D00AF068FDF0E78378012BEDD140302B
:101770000CF0E8FDE9E73E4D05F584766169002946
:1017800064D1BDE87040FEF7A1BCA378042B06D05D
:101790003848002105F0EAFF0023C4E90D3370BD8D
:1017A000A378042B04D12046BDE87040FFF7A4BF06
:1017B000082DF4D801A353F825F000BF9F170100AE
:1017C000E117010005180100FF170100A71701002C
:1017D000A7170100051801009F1701009F170100BE
:1017E00020460121FFF7AAFE20460AF0BCFC04F1C6
:1017F00040000022BDE87040002305F03DBA022001
:101800000AF05DFC637A002BCDD02046FFF798FDEF
:10181000C9E7A378012BC2D1154B9D8A002DBED0FC
:101820000A235D434FF4004640F2E73000214FF4B5
:101830007A720023C5FB0601EEF762FC02460B46F6
:1018400004F14000BDE8704005F0E2B9A2690B6800
:101850006361914208BFA3612046FFF7A1FDB5F87F
:101860000431002B14BF3046002004F09DFF85E7B3
:1018700000080020DC09002010B502460C4607488D
:1018800001210AF0F3FC034610B90023184610BDED
:1018900082781442FAD1FFF72FFFF6E7381D0020B7
:1018A000F8B5074609480D4616460AF0C4FC04463A
:1018B00050B183781F4203D1BDE8F840FFF71CBF49
:1018C0003146A8472046F7E7F8BD00BF381D002085
:1018D000024900220120FFF7E3BF00BF59140100B5
:1018E000034BC01A034BC0105843C0B2704700BF2F
:1018F000381D0020295C8FC270B51C461443054674
:101900000E4608D00CF0FEFF0A4908580A498842E2
:1019100004BF002213460949002D14BF284608467B
:1019200009F0D9FF044618B1711D0C300AF028F8EF
:10193000204670BD08000000A82700204C0C0020A5
:1019400010B50446054805F0F5F8204600F0A6FB62
:101950002046BDE81040FFF7F3BC00BFBC090020E3
:10196000F8B5031D044618460AF0DDFB420519D5FB
:10197000B4F88620B4F88810914213D8B4F88A10CD
:1019800091420FD3D4E9231291420BD1BFF35B8F65
:1019900053E8001F21F4806143E80012002AF7D1C8
:1019A000BFF35B8F104B1D686DB155F8046C143D8F
:1019B0003EB1B4F88E30B4F88C20B4F886102046CE
:1019C000B0476D69F0E7094D094FBD4200D3F8BD3E
:1019D0002E693EB1B4F88E30B4F88C20B4F886107D
:1019E0002046B0471835F0E7482F002014EC0100DE
:1019F0002CEC01002DE9F041074608460D460AF09F
:101A0000F8F9064618B900263046BDE8F081144BB7
:101A10001C6884B154F8083C143C0BB96469F8E7BD
:101A20002946384698470028EDD028460AF0E1F9C3
:101A30000028F3D1E7E70B4CDFF82C804445E3D2D4
:101A4000E3680BB91834F9E7294638469847002867
:101A5000D9D028460AF0CDF90028F3D1D3E700BF4A
:101A6000482F002014EC01002CEC010038B505468D
:101A70000C460E480121FFF783FDB0B105722368C3
:101A80000367A388A0F87430A37980F87630012327
:101A90008370074BC0F8A030064BC0F8A430064B4B
:101AA000C0F8A830054BC0F8883038BD381D00207C
:101AB0004521010013C1010007C1010018002800E1
:101AC00070B505460A480E460AF0B5FB044620B13B
:101AD0008378012B04D0FFF70FFE0024204670BD51
:101AE000324629460AF00DFC0028F7D12046F2E7DD
:101AF000381D002038B5044613480AF014FB42078D
:101B000002D46FF00A0038BD08460AF072F910B925
:101B10006FF01500F7E7FFF709FC0028F1D10A483C
:101B20000AF001FBC305C0F300250AD40AF0BFFA8E
:101B30000028EDD0214628460AF003FC0028E2D018
:101B4000E6E76FF07700DEE7D4080020F8B5054639
:101B50000E480E4617460AF06EFB044620B1837805
:101B6000012B03D0FFF7C8FD00240DE036B132464B
:101B700029460AF0C6FB08B92046F3E7A37ABB4220
:101B8000FAD1237AAB42F7D12046F8BD381D0020A8
:101B90002DE9F0410E461146804615461F46FFF7D7
:101BA000A9FF044670BB294640460AF081FB054662
:101BB00068B396E80F00174C04F1080C8CE80F008E
:101BC000A28A238A002A08BF4FF49672A28203B920
:101BD000A3892382638A03B9E389638202212846A9
:101BE000FFF7AAFD28460AF0A0F9044668B10021D3
:101BF00069722846FFF7A0FD2846FFF77DFD032008
:101C0000FFF712FA2046BDE8F0813D60FAE76FF079
:101C10000B04F7E70008002070B506463A480AF0C2
:101C200082FA40070D4668D531B90AF040FA48B942
:101C30006FF01505284670BD08460AF0DAF800284E
:101C4000F3D1F5E731460020FFF73AFF044628B903
:101C50003146FFF70BFF0446002851D0231D1DB36A
:101C60002A88A4F888206A88A4F88A20AA88A4F878
:101C70008C20EA88A4F88E20BFF35B8F53E8002FF6
:101C800042F0010143E800100028F7D1BFF35B8F59
:101C9000D10702D420460AF0CEFAA37AEBB1002590
:101CA0002046FFF729FDC5E7BFF35B8F53E8002F00
:101CB00022F0010143E800100028F7D1BFF35B8F49
:101CC000D207EAD52046FFF717FDA37A032BE4D10C
:101CD00029462046FFF730FDDFE70B480AF023FADC
:101CE0004307DCD5002DDAD003212046FFF724FD81
:101CF0000220FFF799F90546D2E76FF00A0599E748
:101D00006FF00B0596E700BFD40800202DE9F04FD7
:101D100085B0002301930393FFF78AFC044668B162
:101D2000827AD0F8A030072A17D002AA4FF0FF31EC
:101D30009847014628B92046FFF7DEFC05B0BDE80C
:101D4000F08F039B019A20460AF0F3F9D4F8A030F3
:101D500002AA4FF0FF312046EAE7DFF8689102AAB5
:101D6000B9F80411984706460028E4D0B9F80421D0
:101D7000029B9A4206D30146D4F8A45003AB01AAB1
:101D80002046A847338A039FDDE9018B002B00F032
:101D90008E80304609F0F9FE8246002840F08780A8
:101DA000B9F804314848002B08BF00200022002366
:101DB00004F020FD00287AD144480022002304F0DA
:101DC000C1FC0546002872D0C0E90187B9F804714A
:101DD000338ABB4598BF1FFA8BF7BB4242D93046C6
:101DE00009F0A8FD3946FFF7F1FAB9F8043194F883
:101DF000C0809B458CBF4FF0010A08F1020884F8AF
:101E0000C0A0074698BF5FFA88F804F1BC0ABFF388
:101E10005B8F5AE8003F01334AE80032002AF8D1CC
:101E2000BFF35B8F00232B60A369F3B9C4E90555A9
:101E3000A378012B1CD1042107F10C0009F0BAFD95
:101E4000238808F0FD0843EA083303803B8A043BFB
:101E5000438002233B763846FEF79CF840B9FEF7F4
:101E600035F968E739463046BDE71D60A561DFE713
:101E7000BFF35B8F5AE8003F013B4AE80032002A7B
:101E8000F8D1BFF35B8F294604F114000AF020F962
:101E90003846FDF711FE20462946FFF781FAB9F8CA
:101EA00004310948002B08BF002004F07DFC3146B6
:101EB0002046039B019A0AF03CF9132120460AF0C0
:101EC0004AFA38E70008002008090020340C0020F6
:101ED00038B5044608460D4609F08BFF38B3154B5C
:101EE00093F8D830990707D4E37873B12946204690
:101EF000BDE8384000F08CB994F894309A07F3D5D7
:101F0000201D0AF010F90305EED4294620460AF0F8
:101F10005CFA58B92B88A4F888306B88A4F88A300A
:101F2000AB88A4F89030EB88A4F8923038BD6FF0FD
:101F30001500FBE700080020F7B510F8363C044612
:101F4000A0F140060BBB30460AF007FB2E4B1D6884
:101F50004DB155F8103C143D1BB114F8371C3046F8
:101F600098476D69F4E7294D294FBD4205D33046A6
:101F700003B0BDE8F040FFF7BFBB6B681BB114F8BE
:101F8000371C304698471835EFE710F83E3C012BD8
:101F900038D110F83D3C23B903B0BDE8F040FEF75E
:101FA00049BCA0F13C05BFF35B8F55E8003F23F42B
:101FB000806245E800210029F7D1BFF35B8F5B0504
:101FC00014D5A36C00936946236D01933046FFF747
:101FD0007FFF58B9BFF35B8F55E8003F23F40073D0
:101FE00045E80032002AF7D1BFF35B8FBFF35B8F68
:101FF00055E8003F43F4807345E80032002AF7D1EA
:10200000BFF35B8F03B0F0BD482F002014EC01003C
:102010002CEC010038B515480CF082F8144913482F
:102020000CF08AF8134911480CF086F812490F4851
:102030000CF082F80AF0F3FF0BF0D9FB054698B9D3
:102040000AF083FB0D480AF0F6F8044660B104304C
:102050000AF069F8C30704D5257203212046FFF76B
:102060006BFB2046FFF748FB284638BD340C0020A8
:10207000242F0020302F00203C2F0020381D00206E
:10208000044B186818B9044A5A600B6070476FF027
:102090000B007047502F0020FCEF0100F7B5274DD3
:1020A000274F04460026BD4201D303B0F0BD6B6844
:1020B00001A92046984700283BDB019B2A889A8289
:1020C0009A8403F11002A868BFF35B8F52E8001FE7
:1020D00042E8006CBCF1000FF8D1BFF35B8FC3E99D
:1020E00013669E649E60A16B03F1080219BBC4E9EC
:1020F0000D221C60D86003F130000CF011F801983B
:1021000043681B6803B19847019BBFF35B8F103393
:1021100053E8001F41F0010143E80012002AF7D103
:10212000BFF35B8F01984368DB6913B100F11001C5
:1021300098470C35B7E70A60A263DAE7F0EB0100D5
:1021400014EC01002DE9F843D0F8AC400E4690465F
:102150004CB1483C236B63B104F1300948460CF0A4
:1021600000F8054650B9FDF7B1FF00252846BDE847
:10217000F88320460AF089F9A46CE9E709F005FD27
:102180000028F2D1236D9BB9A38C2F8A403B9BB2D0
:102190003F2B03D8238D9F4228BF1F46042105F102
:1021A0000C0009F007FC0780A38C438004372765E7
:1021B000236D2A8A9E420ED3934215D0A38C403BB6
:1021C0009BB23F2B1ED920460AF05FF9236B13B157
:1021D00020460AF03AF9236DC8F800309E4234BF19
:1021E0009E1B00262665C1E700220023484604F016
:1021F000A9FAA38CA3F140023F2AE4D8034AAA61BA
:10220000EB61E0E700221346F9E700BFD9C5010002
:1022100070B5124B0C4619780131C9B2012938BF8B
:10222000012105460822122019700AF0F7F8064627
:1022300088B108210C3009F0AEFB22880280628848
:102240004280A2888280E288C28031462846BDE86A
:1022500070400AF0CEB96FF00B0070BDCE3C00208C
:1022600023281FD81A2804D8431E182B0ED906205D
:102270007047A0F11B03082B1ED8DFE803F0051DF3
:102280001B231D19251D0500032070470F4A01233C
:1022900083401A40C2B90E4A1A40002A14BF0120D6
:1022A0000620704700F07F03522B05D100207047B5
:1022B000012070470520704710F0400F0CBF06202A
:1022C000002070470420704702207047AAAA8A02A3
:1022D0005455450170B50E46438D418B8B4202F13A
:1022E000010228BF0B469A42054610D83046FFF738
:1022F000B7FF02280ED004280CD04FF0FF324FF069
:10230000FF330D4800210AF040F9044630B900249B
:10231000204670BD4FF470220023F2E7FDF718FB52
:10232000064B182202FB0033012104F10C009D60D2
:1023300009F031FB0670EBE7780C0020A42F002099
:10234000011F01480BF03ABE800B002010B500F1D0
:1023500054030446BFF35B8F53E8001F41F00101B3
:1023600043E80012002AF7D1BFF35B8F201F0AF069
:102370004CFB04F1740004490BF0D6FF2068BDE863
:10238000104001F0C3BA00BF592F01002DE9FF41F1
:1023900005460E464FF000084FF4205300681768BA
:1023A0008DF8088002A91446ADF80A3009F036FB12
:1023B000A0B142F6010328688DF80C8003A9ADF89E
:1023C0000E3009F02BFB48B123691BB15A88B24289
:1023D00000D25E80012004B0BDE8F0816168286809
:1023E00009F01CFB10B100232361F3E7E368A06848
:1023F0001A786AB1B7F82AC0798B038A8C4594BFE2
:10240000C3EB0C03C3EB0103934201DA0020E2E7C4
:1024100004210C3009F0BFFA2061068023695E8038
:10242000074B00930194A2680023294638460AF01E
:102430002FFB0028EADB2069003818BF0120CAE71B
:1024400071CA0100F7B5002304460E462B4800224E
:10245000694604F095F80546D0B90CF053FA284BBC
:10246000009F1A58274B29461A60381D28220CF065
:1024700039FA3C60009C24480195C4E90155C4E93F
:1024800009550022002301A904F07AF8054620B17D
:102490006FF00B05284603B0F0BD019B0146B0224A
:1024A00018460CF01FFA194A826060300BF038FEB3
:1024B000019BBFF35B8F583353E8002F43E8005173
:1024C0000029F9D1BFF35B8F019B1C60636A019FF8
:1024D0001BB904F10C000BF023FE626AC7F8A820B8
:1024E000A26A07F1A803636202B9A362019B1722E3
:1024F0005A855A8304333360CCE700BF640B002055
:1025000008000000EC2F0020800B0020EC090020C8
:102510002DE9F743176805468846006851687E68CC
:10252000144609F07BFA8146002842D130469522B4
:1025300029460BF011F80646207540B1E3681B7878
:102540000BB184F81490002003B0BDE8F083A068BC
:1025500009F0F4F902210C3009F01DFA164B206144
:10256000A0F8008000930194A268334629463846BB
:102570000AF08EFA002807DA10F1FF0F26BF40425A
:10258000C0B20E202075DEE72369002BDBD0A068E7
:102590000AF0E6F87B8D7A8B9A4294BFC0EB02007A
:1025A000C0EB0300E3681B78984294BF0020012031
:1025B000CAE70120C8E700BF71C701002DE9F74F46
:1025C000064608460C46FDF7C3F9DFF89880182345
:1025D000434308EB03020546D2F808A0E068BFF3C6
:1025E0005B8FB16DBFF35B8FC90738D5E1680978A0
:1025F0001171002248F803200378D22B0ED13368E2
:10260000214618680BF0F0F840B101902046FDF724
:1026100053FA019B184603B0BDE8F08F04F10C009B
:1026200009F0F0F918235D4308EB050900231A4669
:1026300007462146301DB4F810B0C9F8086009F00B
:10264000A7FF03460028E5D06269A4F810B012FA8B
:1026500087F7E76048F80500C9F808A0DAE76FF0E7
:102660001503D7E7A42F00202DE9F14F0546FDF70C
:102670006FF93349182202FB00F3C81851F803A080
:102680000779B0F80680D0F810900021D0E9024612
:102690000CF028F9A87AFDF753F96969834651B11E
:1026A0006B7AD80705D4DBF824301B6828469B6872
:1026B000984700236B61294658460BF048FD002FD0
:1026C00031D084B3236873B31B6863B3BAF1000FCE
:1026D00029D1201D0AF0A2FB3846FFF7C1FD0528CD
:1026E00021D8DFE800F0160320162003BFF35B8F2C
:1026F000A36DBFF35B8FDA0715D5E36D9BB14FF484
:102700007022002304F1780001B0BDE8F04F04F01E
:10271000B3BA23681D68BFF35B8FA36DBFF35B8FF4
:10272000DB0700D556B901B0BDE8F08F4946284611
:10273000B0470134A3B29845F8D8F4E70024F9E78C
:10274000A42F0020F8B50B8A076804460D46002B1D
:1027500039D0012105F10C0009F03CF9BB7A072BB7
:10276000064630D154F8043C6BB301781748043C5A
:10277000002310F833708F4200EBC30208D1298A7E
:1027800053789778994213D2012F1CD1042317E074
:1027900001330E2BEDD10846FFF762FD98B10528F5
:1027A00011D081B10623002220460AF07BFB0AE00B
:1027B0005368294620469847012F034603D110B19C
:1027C00031780029EFD10020F8BD00BF24F00100CE
:1027D000F0B51E4603680D46003987B0044618BFA1
:1027E0000121186817460AF095FF40B904F1580016
:1027F0000AF010FA002844D0002007B0F0BD002EE7
:1028000041D01822002168460CF06CF847BB2368C1
:102810001E4A1B6800930023ADF812300C9B0393F3
:10282000BDF83430ADF8103001238DF81430314646
:102830006B4630468DF8085009F0DDFF9DF81430E6
:10284000C3B1002FD8D00198FDF736F99DF81430A8
:10285000002DD1D03246294620460AF023FBCBE793
:10286000002239462046FFF735FD01900028CED1E1
:102870001120C2E701990029BED020460AF004FBCE
:10288000BAE71220B9E70120B7E700BF95C70100FA
:10289000F8B54FF47022074600230D480E4609F0A4
:1028A0001AF8044690B100F10C050921284609F0F8
:1028B00067F82046FDF74CF8064B182202FB003360
:1028C000012128469F6009F066F806702046F8BD91
:1028D000780C0020A42F00202DE9F0410E8A043E40
:1028E000F6B2022E04468CB0084601D0102E64D1F8
:1028F00004210C3009F06EF80DF1080805884788AE
:10290000011D3246404609F0B7F8002857D09DB364
:10291000002687B3BD422FD84FF4205301A940466B
:102920008DF80460ADF8063009F078F840BB142249
:10293000002107A80BF0D6FF11212046FFF7A8FFC2
:102940000990002837D001210C30CDE9074809F063
:1029500022F800230A901B4A037039460B9328463D
:1029600007AB09F048FF0A9B1B78FBB90998FDF7F4
:10297000A3F80A2301E03D4601232A4610210EE078
:1029800042F6010307A940468DF81C60ADF81E30E1
:1029900009F044F80028CAD010232A4619462046D8
:1029A0000AF080FA00200CB0BDE8F08109992046B9
:1029B0000AF06AFAF6E71120F5E70420F3E70E20A3
:1029C000F1E700BF8D2301002DE9F043036885B0D6
:1029D00004460D46186801210AF09CFE40B904F136
:1029E00058000AF017F9B0BB122005B0BDE8F0831B
:1029F0001022002168460BF075FF21212046FFF7C9
:102A000047FF029048B3DFF85890009405F10C0797
:102A10004FF001082B8A012B04D8029920460AF0B6
:102A200033FA18E0384608F0E5FF6B464A4601469F
:102A300006468DF80C8009F0DEFE9DF80C30002B68
:102A4000E8D00298FDF738F89DF80C303246202186
:102A500020460AF027FA0020C7E71120C5E700BF8B
:102A600079CC01002DE9F043036885B004460D469A
:102A7000186801210AF04EFE40B904F158000AF02E
:102A8000C9F8B0BB122005B0BDE8F08310220021C8
:102A900068460BF027FF0F212046FFF7F9FE029052
:102AA00048B3DFF85890009405F10C074FF0010887
:102AB0002B8A012B04D8029920460AF0E5F918E088
:102AC000384608F097FF6B464A46014606468DF8A1
:102AD0000C8009F090FE9DF80C30002BE8D0029895
:102AE000FCF7EAFF9DF80C3032460E2120460AF032
:102AF000D9F90020C7E71120C5E700BF33CC01009A
:102B0000F0B51D46036885B004460E4618680121DD
:102B100017460AF0FFFD38B904F158000AF07AF8B8
:102B200048BB122005B0F0BD65B3102200216846F5
:102B30000BF0D8FE39462046FFF7AAFE029018B3E4
:102B4000BDF82830ADF8043001238DF80C300F4A61
:102B500000946B462946284609F04DFE9DF80C303E
:102B60005BB10298FCF7A8FF9DF80C302A4631466D
:102B700020460AF097F90020D4E7029920460AF08F
:102B800083F9F8E70120CDE71120CBE733CC010032
:102B90002DE9F0410D8A043DEDB2022D04468CB0C2
:102BA000084601D0102D68D104210C3008F012FF26
:102BB0000DF1040806884788011D2A46404608F0A2
:102BC0005BFF00285BD0BEB3AFB3BE4234D8002356
:102BD0008DF8183006A942F62A334046ADF81A306F
:102BE00008F01CFF80BB182200210DEB02000BF047
:102BF00079FE09212046FFF74BFE089000283AD0C5
:102C000001210C30CDE9064808F0C5FE00230990EB
:102C100003700A238DF82C301A4A06AB3946304629
:102C200009F0E9FD9DF82C3003B30898FCF744FF48
:102C30009DF82C3001E03E46012332460821204613
:102C40000AF030F900200EE02368012118680AF02C
:102C500061FD0028C7D104F1580009F0DBFF00280E
:102C600014BF002012200CB0BDE8F0810899204666
:102C70000AF00AF9E6E71120F5E70420F3E70E2051
:102C8000F1E700BF112501002DE9F0430F4687B0A1
:102C90000446062107F10C0008F09CFE0588B0F8F8
:102CA00002808288D7F80C90C5B10023B8F1000FDC
:102CB00013D0A84512D38DF800308DF8043001A947
:102CC0004FF420536846ADF80220ADF8063008F006
:102CD000A5FE064660B10A2301E0454601232A46C7
:102CE000062120460AF0DEF8002007B0BDE8F08398
:102CF0000146142201A83F7C0BF0F4FD0721204679
:102D0000FFF7C6FD0290D8B10A238DF815300D4AA1
:102D1000019401AB41462846CDE903698DF8147052
:102D200009F069FD9DF815302BB10298FCF7C4FE3F
:102D30009DF81530D3E7029920460AF0A5F8D3E7AD
:102D40001120D2E70DC801007FB5CB681D885E88D1
:102D5000044685B176B1B5420DD8102200216846EF
:102D60000BF0C0FD05212046FFF792FD019058B9F8
:102D7000112007E0354601232A46042120460AF0A7
:102D800091F8002004B070BD6B46094A00943146AA
:102D9000284609F030FD029B23B90198FCF78CFE10
:102DA0000A23E9E7019920460AF06EF8E9E700BF37
:102DB00053C9010013B50B46002101910E4902468B
:102DC0000BF0A0FD0C680D4909580D488C4208BF56
:102DD000002201A908BF134603F0D2FB014640B907
:102DE000019B102218460BF07DFD0346184602B0E9
:102DF00010BD0023FAE700BFEC2F00200800000000
:102E00009C0B002010B50446806818B1FCF754FEF6
:102E10000023A36021460248BDE810400BF0CEB865
:102E20009C0B00202DE9F347044678300E461746E8
:102E30001D460BF087FAE06D30B9206809F0A6FF57
:102E4000002002B0BDE8F087104B98424FF0000818
:102E500002D1C4F85C80F0E7D0F80490C0F8048098
:102E6000E06DD0F80CA0FFF7CDFF2068C4F85C80BF
:102E700009F08CFFB9F1000FE2D02068CDF800A076
:102E800000683B4632462946C847D9E7F02F002064
:102E9000F7B550F8044C0546002C59D000F1A401B8
:102EA00004F1240009F09BFE2E1F05F15C070022AF
:102EB0000023384603F046FC024678BBAB6D2BB1CD
:102EC00001466FF067033046FFF7ACFF002345F87B
:102ED000043C05F15403BFF35B8F53E8001F21F05E
:102EE000010143E80012002AF7D1BFF35B8F636A48
:102EF00073BB04F10C0600220023304603F022FCD1
:102F000078B9666886B91348266021460BF056F8F2
:102F1000286803B0BDE8F04000F01CBDFCF7CCFD14
:102F2000C5E7FCF7C9FDE6E7A2683368636096422F
:102F300008BFA36077683FB1F3680093002320685F
:102F40001A466FF06701B8473046FFF75BFFD8E7D6
:102F500003B0F0BD640B002070B550F8783C92B01F
:102F60000646186809F0F5F90378044607AD032B07
:102F700024D8DFE803F0021D1F2113492846FBF780
:102F8000B8FBA379059562780492A2780392E2785F
:102F9000029222790192627900921E210B4A0AA8BC
:102FA00007F0E2FBA6F17400FFF772FF12B070BDEC
:102FB0000749E3E70749E1E70749DFE7074A0A214D
:102FC000284607F0D1FBDCE722F601004BF60100B2
:102FD00029F6010030F601003AF6010044F601003E
:102FE000F8B51D460F461646FCF7B2FC044C1823F4
:102FF00003FB0040C0E903760123C3800575F8BDDB
:10300000A42F002008B530B9074908480AF0A8F8ED
:1030100038B1074808BD054A12F8011C09F071F9DA
:10302000F6E70020F6E700BF57F90100193000204D
:103030001830002010B5074C2378834207D1601C5C
:103040000AF08EF8002814BF2046002010BD002092
:10305000FCE700BFBE3C002010B54A1C0C4638B14E
:10306000097809F04EF908B1204610BD0020FCE7B0
:10307000024910460AF074F8F5E700BF57F901005D
:103080002DE9F8431E46BDF82030D1F80C8081466A
:103090000F46002B3DD1731E012B3DD8012E41461A
:1030A000157818BF1588FFF7D7FF044680B915B902
:1030B0003046BDE8F8834146FFF7CEFF044670B3C3
:1030C00009F1700101300AF062F899F808302370B4
:1030D000D8F810308BB92581B8F80A30AB4203D04C
:1030E000414638460AF017F8002DE1D10D49601C21
:1030F0000AF04DF825702581DAE72A463946484618
:1031000098470028D5DB01380128E4D96FF00D007D
:10311000CFE76FF00600CCE76FF00C00C9E76FF067
:103120001000C6E757F90100024608B5084901300A
:103130000AF02DF8002313720C32BFF35B8F52E8B4
:10314000001F42E800300028F9D1BFF35B8F08BDB3
:1031500057F901002DE9F04180460F4616461D46FD
:10316000FFF768FF044648B90B49FFF763FF0446C1
:1031700080B100F8018B39460AF009F82289638989
:103180001AB92BB92681658104E0964238BF2681A1
:103190009D42F8D8BDE8F08157F901002DE9F041D2
:1031A000234B154682689A42074602D1C468638958
:1031B00033BB0120BDE8F081FEF79EFAE3680021F1
:1031C0006181002BF5D038469847F2E705F1700889
:1031D000287A414608F039FE68B9164B9C4202D164
:1031E000284609F0DBFF1449304609F0D0FF0023E0
:1031F00023702381E2E74146304609F0C8FFDDE74E
:103200002389002BDAD02646284616F8011B3246C1
:1032100009F077F80028D9D120783146FEF750FC24
:103220000028CBD0837A072BC6D1FEF765FAC0E71A
:10323000813001002C0A002057F9010010B5044626
:103240001448BFF35B8F50E8003F23F0020340E8CF
:103250000032002AF7D1BFF35B8FBFF35B8F0368A7
:10326000BFF35B8FDA0704D500220023303803F068
:1032700003FD204609F024FF50B12046FFF7C2FEAF
:1032800030B1037ADB0703D5BDE810400AF0A9B8D6
:1032900010BD00BFB81E002010B51548012109F06F
:1032A00067FFC30723D40221114809F061FF0840DA
:1032B00007D11049104A0B88104CA24211D300B11B
:1032C0000B800F490F480BF02FF80E484FF4A472F3
:1032D0000023FCF761FCBDE810400B490B480BF0E4
:1032E00023B8506803449BB208320120E5E710BDC3
:1032F00028300020CA3C00202CEC01003CEC0100EE
:103300000D350100101E0020ED360100881E002042
:103310002DE9F041034648B1008A38B91249DFF877
:103320004CE001244FF0140C714501D3BDE8F0814D
:10333000D1E90076BB4204D30CFB0672143A9342E7
:103340000ED93444A2B208311446EDE70CFB0578DF
:10335000434507D001356219B54292B2F6D1F2E782
:103360000025F8E71046E1E72CEC01003CEC0100F9
:103370002DE9F74FBDF83050009199464FF6FF7395
:10338000002D08BF1D46244B1B88834207469046EC
:103390003CD203B0BDE8F08F73682344BB4232D205
:1033A0009CB208361D4B9E42F6D3F2E78958019332
:1033B000404608F033FB019B90B101340AF1010A49
:1033C000A4B273685345ECD9009B9C42E1D8BC423F
:1033D0003168F2D30BFB0AF28B18B8F1000FE5D17C
:1033E000B9F1000F0BD1013DADB218460E9A0D9BFD
:1033F00021469847002DCCD00028DED1C9E7DA68F5
:103400009145DAD1EFE74FF0000ADAE7044E0124E4
:103410004FF0140BC6E700BFCA3C00203CEC010093
:103420002CEC010010B5C8B000231AAA694604A804
:10343000CDE90033CDE9023308F02FF9D8B14FF6CA
:10344000FF7101200D4A04AB0AF07BF80C4804A977
:1034500008F0B8F978B10A4B082203F11001187886
:1034600011F8014D03F8014B013A0870F7D10548F6
:10347000082109F07DFE48B010BD00BF3DD301001A
:10348000001E0020B81E0020F8B51D49BDF81860C8
:103490000446A1F130001F4615460AF066FFBFF34F
:1034A0005B8F184B1B68BFF35B8F190701D4FFF7C5
:1034B000B9FF2046FFF7A6FD014670B1037ADA078F
:1034C0000BD5BFF35B8FCB68BFF35B8FDB0700F1DE
:1034D0000C0002D4022109F04BFE102E0CD8C6F1CC
:1034E00010040949BC42A8BF3C4622463144284644
:1034F0000BF0D0F92046F8BD6FF00604FAE700BFE4
:10350000401E0020B81E0020001E0020054BBFF307
:103510005B8F1B68BFF35B8F1B0701D4FFF782BF74
:10352000704700BFB81E002007B500230193FFF7C6
:10353000EFFE411C89B20846034A01AB0AF001F8CC
:10354000019803B05DF804FB11D101002DE9F047AB
:10355000894651684F8A17F094078046154642D134
:1035600002220AF015F8002840D04FF47020002104
:10357000AE8AFFF71FFC0236044660B11D4B436064
:10358000C56032461D21404609F0E4FC064638B9C4
:103590002046FFF737FC6FF00B052846BDE8F087A3
:1035A00001233A46394606F10C0AFFF719FD0221BC
:1035B000504608F0F0F90746504627F8029BA98AC2
:1035C00008F0E9F9AA8A296938460BF063F9A66080
:1035D0002146404609F057FD05460028DDD020462B
:1035E000FFF710FCD9E74FF0FF35D6E76FF0150570
:1035F000D3E700BF2BD1010030B5394BBFF35B8F50
:103600001B68BFF35B8F5A078BB004460D4661D52C
:1036100010B1837A072B60D168680590FFF778FEB8
:103620002A68ADF818003AB305A902912D49019115
:103630000121002300914FF6FF710593FFF798FEDB
:10364000059B1BB96FF001000BB030BD6B60059B93
:10365000186800238DF8103004A942F60303ADF872
:10366000123008F0DBF970B90598C3689B799B06A6
:1036700005D46FF01500E7E70028E8D1E2E709F08C
:103680000EFFADF81800BDF818003CB1012301464B
:10369000AB752A462046FFF759FFD5E76FF07F0349
:1036A00007930223ADF8203042F60213ADF8123032
:1036B00005ABAC7502930C4B01930123009304AA54
:1036C00023464FF6FF7109958DF81040FFF750FE25
:1036D0000798B9E76FF00A00B6E76FF07F00B3E72D
:1036E000D408002059D101000D38010013B550F85D
:1036F000082C01920346A0F1200100F13004BFF331
:103700005B8F54E8002F22F0010244E800200028DB
:10371000F7D1BFF35B8F0D4A43F81C2C0C4A43F8DA
:10372000182C01AA002043F8102C042223F8080CBE
:1037300023F8060C23F80C2CFFF75EFF18B90221C2
:10374000204609F015FD02B010BD00BFCCF001000D
:103750003D32010070B5274B156882689A420446D5
:1037600045D1C6683389002B41D03246284612F82D
:10377000011B08F0C6FD002839D04FF49572214690
:10378000284609F0E9FE032831D03146204609F0E9
:10379000C2FC194B9E422AD1287A05F17001FFF72D
:1037A00049FC044618B303890BB94389FBB1284689
:1037B000FEF796F8114A238922F8203002EB8003A5
:1037C000618959800E490F4C182303FB001300B286
:1037D00002EB800200EB40005C601A610A4C9C60C6
:1037E000042201EBC00128469A82FFF705FF012061
:1037F00070BD00BF813001002C0A0020BA3C0020BF
:1038000000300020CCF001006FD40100F8B53B4B34
:10381000144682689A42074601D00120F8BDC66866
:10382000374B9E4250D03289A3899A4206F101015A
:10383000F3D13078FEF744F905460028EDD0837ABD
:10384000072B05D0FDF758FFE7E7FDF755FFEAE73F
:10385000736923B13946984708B92846F2E77B8A4D
:1038600013F09407F9D1A389022B14D1338913F0F3
:10387000020604D12846FDF73FFFA660CDE7226986
:10388000A1882846FFF762FE0646A8B92269937D03
:1038900001339375EEE7012B04D02846FDF72CFF8A
:1038A000A760BAE7338913F00106E3D02269A18843
:1038B000284609F0F1FE06462846FDF71DFF002EBA
:1038C000A660AADA0020A9E70E4D0F49284609F0A4
:1038D00047FC0028A7D115F8010C07222946FEF75E
:1038E00035F90028B1D1236915F8010C1A69294668
:1038F00053881288FFF72EFC95E700BF8130010046
:103900002C0A0020BF3C002057F9010007B5064AE9
:1039100000906B4601204FF6FF718DF8040009F00E
:1039200010FE03B05DF804FB55370100F8B5084BF5
:103930001C6805460E4617464CB154F8043C043C3E
:103940001BB13A463146284698476468F4E7F8BD0B
:103950002C30002070B503460F4A04464FF6FF7125
:10396000012009F0EEFD2046FFF74CFB054688B12B
:1039700004F17006207A314608F067FA20B928462B
:10398000BDE87040FFF7D0BB3146681CBDE8704011
:1039900009F0FDBB70BD00BF9D310100044B1868EC
:1039A00018B9044A5A600B6070476FF00B007047FB
:1039B00034300020A8F10100084B70B5C31A0D4641
:1039C00007499B10044659430648402209F01AFF54
:1039D0002B4601462046BDE8704018479C30002029
:1039E000B76DDBB6D0E9010073B50C4C0C4A40232F
:1039F000041B00930D460B460A49A410614306467A
:103A0000094809F02BFF011E05DA30462B4602B0AB
:103A1000BDE87040184702B070BD00BF9C30002068
:103A2000C7D80100B76DDBB6D0E9010010B5EFF3E0
:103A30001184402383F31288BFF36F8F074A136802
:103A400023F00201DB07116002D401200AF053F9D0
:103A500084F31188BFF36F8F10BD00BFEC300020DE
:103A6000002270B5012104461046FBF71DFD0F48EA
:103A700001F0A6FE0E4B984215D10AF041F92669D5
:103A80000C49304607F011FC00280BDB012535649A
:103A90002469084904F11C0007F007FC002801DB39
:103AA000E564002070BD6FF00400FBE7B93B010046
:103AB0000000AD0BD0F101007FB500220123CDE95C
:103AC000022304ABCDE90433094ACDF800D06B469C
:103AD000CDF804D009F0F0FE002805DB4FF4804259
:103AE0000023684602F086FE07B05DF804FB00BFC5
:103AF000E5D8010030B4104B0C2202FB0033014624
:103B00000020D3E90E529863EFF31180402484F330
:103B10001288BFF36F8F1C6C04F0C00444F00204E1
:103B20001C6480F31188BFF36F8F1DB12B460348CF
:103B300030BC184730BC70479C300020D0E90100F1
:103B400010B4EFF31182402383F31288BFF36F8F19
:103B50001748016841F002040460C80707D482F3E3
:103B60001188BFF36F8F012010BC01F019BE4FF018
:103B70008041D1F80C04D1F80C14C907EFD5EFF34C
:103B8000118083F31288BFF36F8F0A490B6C03F027
:103B9000C00343F002030B6480F31188BFF36F8FFF
:103BA00082F31188BFF36F8F002010BCFFF7A2BF14
:103BB000EC3000209C30002010B1012804D0704768
:103BC000034B1B6C5B0701D1FFF794BF704700BF2D
:103BD0009C3000202DE9F0413849BFF35B8F074648
:103BE000012251E8003F41E800200028F9D1BFF34D
:103BF0005B8F33B9324933484B60CB608A6007F042
:103C000067FB7B1E012B2BD8012F07D14FF0804380
:103C1000D3F81C3403F00303012B21D00AF0D5FBA9
:103C20000546F8B9284B1B78E3B14FF080430222D8
:103C3000C3F808230646DFF894804FF08044D4F898
:103C40001824D4F81834D20315D503F00303012B3C
:103C500001D0012F0FD155B386F31188BFF36F8FB9
:103C6000BDE8F081EFF31186402383F31288BFF3A0
:103C70006F8F0125DFE7ADB1304607F002FED4F8C3
:103C80001835002BDBD1D4F80421002AD7D0C4F892
:103C90000431D4F804310123C4F81835C8F8803150
:103CA000A360CCE70021212003F02CFBE7E74FF0D5
:103CB00080430222C3F80423D2E700BF98300020DB
:103CC00088300020B8300020C03D002000E100E036
:103CD00008B507480AF0B2F838B10648FBF7F6FD18
:103CE0000448FAF785FE002008BD6FF01200FBE7DC
:103CF00048EA0100F93C01000A2838B5074D04469E
:103D000004D1AB680D215B6828469847AB6803482F
:103D10005B68E1B29847204638BD00BF48EA010021
:103D2000EFF31182402383F31288BFF36F8F0A4BA6
:103D3000D3F8001161B10021D3F80805C3F80011D0
:103D4000D3F80031C0B282F31188BFF36F8F704790
:103D50006FF00A00F7E700BF00D00040F0B503465F
:103D600010469C7893F803C0EFF31182402585F349
:103D70001288BFF36F8F1F7893F801E0E41B04EA09
:103D80000C04A04288BFA0B23E180CEA06063D46CD
:103D90001E7082F31188BFF36F8F0A188A4216D102
:103DA00077450CD1EFF31182402181F31288BFF3E4
:103DB0006F8F1978597082F31188BFF36F8F1B7959
:103DC000241AA34222BF064B01221A60F0BD5E19DD
:103DD0000135767901F8016B05EA0C05DEE700BFD5
:103DE00000D00040DB432DE9F04713F001050E46FB
:103DF000144604D02248FFF7B1FFBDE8F0879AB31C
:103E0000EFF31188402383F31288BFF36F8F0D20E7
:103E1000FBF73CFB07460D20FBF724FB88F31188DA
:103E2000BFF36F8FDFF85CA0DFF85C80CAF8005149
:103E3000DAF800314FF400590123CAF80030254662
:103E4000C8F88091DAF8003183B1FFF769FF031EEB
:103E5000C8F88091F6DB013DADB27355002DF1D16C
:103E600017B10D20FBF7F0FA2046C6E7EFF31180FB
:103E7000402383F31288BFF36F8F07F002FDE1E761
:103E80002031002000D0004000E100E02DE9F041A9
:103E9000124F0D46144607F1450814B92046BDE8F7
:103EA000F0814FF0FF334FF0FF32384602F0A2FCB2
:103EB000224629464046FFF751FF0646384602F0A3
:103EC00073FC3EB94FF0FF324FF0FF33044802F06D
:103ED00091FCE6E7A41BA4B23544DEE7F0300020F5
:103EE0000831002038B5194C0122114620460AF04D
:103EF0003CF90122002104F118000AF036F940F2E1
:103F00000743A4F848304FF0706323630C2384F810
:103F1000343000250E4B84F84550A4F84650D3F8B1
:103F2000042522F00102C3F804250121C3F8005141
:103F3000D3F80021C3F804132A4619600D20FBF7BB
:103F4000B3FA0D20FBF780FA284638BDF030002088
:103F500000D0004010B5FFF7E3FE002820DB174B30
:103F600093F8322093F8314093F83310141B31EA60
:103F70000404C0B20DD193F8472093F8464093F85B
:103F80004810141B31EA04040BD10D4B01225A6076
:103F90000EE09C180132114084F8350083F832108D
:103FA00010BD9C180132114084F84A0083F8471074
:103FB0000448BDE8104002F0F7BB00BFF03000201D
:103FC00000D0004008310020F0B54068057B01F0CA
:103FD0001F0444EA4514056987B0002D64D0B2F58A
:103FE000001F00F1100506D12146284609F018FFF0
:103FF000002007B0F0BD01AE0027B2F5800F019799
:10400000776039D1B3F1007F14BF052304238DF805
:1040100004300023CDE904630393836823FA01F19C
:1040200011F001011AD1B2F1A07F17D104F01F03E2
:10403000620903F5E0732AD0012A3BD11F4A52F8E6
:104040002330DB070AD40DF1030632462146284609
:1040500001F056FF1A4B98421CD0029603AA214643
:10406000284601F00FFE174B984220D1012221462D
:10407000284601F0A9FFBBE7B3F1C06F05D0B3F14B
:10408000007F14BF01230223C1E70323BFE74FF0E2
:10409000A042D4E73146284601F090FF094B9842F0
:1040A000DBD06FF00B00A4E76FF08500A1E76FF0A5
:1040B00015009EE751F82330FFDE00BF00030050DB
:1040C0000400AD0B0000AD0B38B545682B69B3B1EA
:1040D0001035284601F062FF044680B901462846A3
:1040E00001F028FF084B98420BD108492246284688
:1040F00001F000FF224605210620FBF7D5F900203C
:1041000038BD6FF00400FBE70000AD0B114101006A
:10411000420970B5034602D0012A17D070BD0D4E7A
:10412000326951680029F9D003F01F0301250C689A
:104130009D400029F2D08A682A4002D04B68304660
:1041400098472CB1236821461C46F2E7024EE7E768
:104150002346F8E7F8E90100E4E901002DE9F0431E
:10416000466840F20635D006337B87B002EA050583
:1041700054BFC2F34010032001F01F07B5F5837F41
:10418000144647EA43178DF8030045D00FD8062D93
:1041900018D007D8B5B1022D40D06FF0150007B088
:1041A000BDE8F083B5F5807FF7D101250AE040F244
:1041B0000222954234D0B5F5407F33D0B5F5007F6B
:1041C000EBD102250123220303FA01F12CD57368F8
:1041D000C3F80815326982BB07F01F037F0929D095
:1041E000012F77D13E4A02EB830284F48033D2F868
:1041F0000017C3F30043C4F3404444EA430421F4EA
:10420000E16144EA800421F0070144EA05230B43FD
:10421000C2F800370020C2E70725D3E70425D1E71D
:104220000525CFE70325CDE7630344BF7368C3F8D3
:104230000C15CFE74FF0A042D5E710360DF1020282
:104240003946304601F05CFE14F4403F80460CD104
:104250003946304609F0E2FD224B9845DAD19DF807
:104260000210304601F0A4FED4E701AB4FF0000984
:1042700003AA39463046CDE90439CDE90199CDF894
:104280000C9001F0FFFC174B984286D114F40033D8
:1042900015D09DF803308DF80E3084F48034C4F3CB
:1042A00000444B4603AA394630468DF80C508DF831
:1042B0000D4001F0A1FD0B4B9842CDD06DE7CDE94B
:1042C000043303AA0DF1030339463046039301F08A
:1042D000D9FCF0E703F5E07352F82330FFDE00BFAE
:1042E000000300500000AD0B036803F01F025B09E0
:1042F000026004D0012B034818BF002070474FF024
:10430000A0407047000300502DE9F04FDFF8949172
:10431000DFF894A185B01546834600EB810140F299
:10432000FF18594503D1002005B0BDE8F08FDBF838
:1043300000305E04C3F3C322C3F3080400F1AC8071
:104340001B0E19F80270444508BF4FF0FF34222BB2
:1043500000F2A580DFE803F012191F22252B22A30B
:10436000A3A3A33B68A3A3A3A3A3A3A3A3A36B811A
:104370008487A3A3A38A9194979A9D00C5F80C45BE
:10438000601C5ED10BF1040BCBE7C5F81445621C31
:10439000F8D000265FE0C5F80845F1E7C5F81045FC
:1043A000F5E7631CC5F80845ECD0002604E0661C60
:1043B000C5F80C45E6D0012603A80394FFF794FF47
:1043C000039B012202FA03F3C0F80C3508E0C5F89C
:1043D0000845002FDBD1631CD4D0002632460627C7
:1043E000DBF80030019303F40040002818BF0022DE
:1043F00003A8009218BF01260394FFF775FF039CE2
:10440000019B009A00EB8400C3F3412CD0F80047D5
:104410003B0243EA8C03134304EA0A04234343EABE
:104420004603C0F80037ADE7C5F80C45D1E7C5F83D
:104430006045601CDBF80030A4D0C3F30043002BC0
:10444000B9D003A80394FFF74FFF039B012606FA98
:1044500003F3C0F808353246C2E7C5F86445E8E71B
:10446000C5F86845E5E7C5F86C45E2E7C5F82445B9
:10447000621C87D000220126B2E7C5F828457FE7F5
:10448000C5F83045F4E7C5F83445F1E7C5F83845D7
:10449000EEE7C5F83C4573E76FF0150044E76FF0B1
:1044A000850041E705FB0100F0F8FCFF2DE9F04134
:1044B000044647680D4609F088FF4FF0400888B968
:1044C000264B1B7873B16426606809F0CEFAF0B908
:1044D000012009F019FC013EF6D10021212002F053
:1044E00011FFF0E7EFF31186314688F31288BFF32E
:1044F0006F8F606809F0B9FAA8B986F31188BFF325
:104500006F8FEFE786F31188BFF36F8FE5E7EFF367
:104510001186314688F31288BFF36F8F606809F007
:10452000A4FA0028EED0BB691D706368BA691B68E5
:104530000020C3F844250122C3F84825C3F8200110
:10454000D3F82041C3F85801D3F858019A6081F399
:104550001188BFF36F8FBDE8F08100BFC03D002020
:10456000F7B50546002201210220FAF79DFF02203F
:10457000FAF76AFF6A6811681369C1F82435137D78
:10458000507D927D03431343C1F86C356E68D6E9C4
:10459000004313F0010348D02F6907F1080009F028
:1045A000BFFB304B98425AD1387A04F10C0204F523
:1045B000907109F0ABFB387A012707FA00F001F09F
:1045C00043FA0823C4F80035B369C4F8443500231E
:1045D000C4F84835A760D4F85831002BFBD000212F
:1045E000C4F800156B68DC6801AA204609F010FACF
:1045F000002805DB019B226819791868FFF784FE03
:104600006A6813680821C3F80015117A51B9D26994
:10461000C3F834250122C3F83825C3F81011D3F8A4
:1046200010111A60002003B0F0BD0822C4F8002564
:10463000B269C4F84425C4F848350123A360D4F80E
:104640002031002BFBD00023C4F82031D4F82031D6
:104650000123E3604FF48073C4F80433BBE76FF0C9
:104660000400E0E70000AD0B70B5012383400E4A63
:10467000BFF35B8FDC4352E8001F01EA040542E808
:104680000056002EF7D1BFF35B8F4FF4803282408B
:104690000648C0F80823BFF35F8FBFF36F8F0B424C
:1046A00014BF0120002070BD6C31002000100140BB
:1046B00070B40E49D1E90034D01AC31844F1000493
:1046C00022F07F46C1E90034A6F50013B3F5400F90
:1046D00009D2074B1B681A0A1B069C19054B42F1AD
:1046E0000005C3E9004570BC02F0C0BFD01E002029
:1046F00070310020D81E002011B3BFF35B8F01235F
:10470000104A834052E800CF4CEA030C42E800C153
:104710000029F7D1BFF35B8F0B4A4FF480338340FE
:10472000C2F80433094BBFF35B8F1B68BFF35B8F89
:10473000C340DB0742BF064B4FF40032C3F80021F1
:10474000704700BF6C31002000100140683100202C
:1047500000E100E00D4B1868010A0006BFF35F8F0F
:104760000B4BD3F80435181841F10001B3F5801F45
:104770000AD2084BD3E90023904271EB030303D222
:1047800010F1807041F10001704700BF70310020CE
:1047900000100140D81E00202DE9F04F85B01646CC
:1047A0001F469DF840A00446FFF75EFF0190FFF70B
:1047B000D1FFB04271EB070354D23E4B301A67EB86
:1047C0000101984271F100014FD23B4B03EB0413FE
:1047D000D3E902239F4208BF96425ED037494FF487
:1047E000803804F1500508FA04F8AD00C1F8488398
:1047F0002046ADB209F06AF926F07F4B05F18045FD
:1048000004F5A87305F58835DC464FF003090293DB
:10481000029A2CF07F4341F82230C1F84483D1F84A
:104820000435274A6FF00200C01A604420F07F4030
:10483000904232D9286868B1D1F804350393A3EBCC
:104840000B0020F07F40B0F5000F26D9204609F07C
:104850003DF9039BBAF1000F07D109EB030C09F1F5
:104860000109D5E7BAF1000F09D06FF01505204610
:104870000199FFF741FF284605B0BDE8F08F0123FD
:10488000104ABFF35B8FA34052E8000F184342E881
:1048900000010029F8D1BFF35B8F07490E9823016F
:1048A00001EB0412C8500F9B5360C2E90267002558
:1048B000DDE700BF01008000C01E002000100140A5
:1048C000FDFF7F00683100207FB51C4C1C4BC4F8F5
:1048D0000833C4F848331B4B00254FF0FF304FF02E
:1048E000FF31C4F80855C3E902014FF48033C4F81E
:1048F0000433154B02264FF400320121C4F804633F
:104900001120C3F880212A46FAF7CEFD1120FAF7CC
:104910009BFD0E4A0123A360236013600C4B0D4ADC
:104920000093CDE9015500232846FFF735FF3046B7
:10493000FFF750F9284604B070BD00BF00100140D9
:1049400003000F00C01E002000E100E06C310020D9
:10495000B1460100FFFF7F002DE9F7432B4CD4F84F
:10496000043399070BD5D4F8043143B1284A002306
:10497000C4F80431D4F80431136801331360D4F857
:104980000433DA0323D5BFF35B8F224B53E8002FA8
:1049900022F0010143E800100028F7D1BFF35B8F3C
:1049A000D30702D4D4F840318BB10025C4F840516C
:1049B000D4F84031FFF7CEFEEFF3108272B6164BFB
:1049C000D3E90267B042B94104D282F3108803B040
:1049D000BDE8F0834FF0FF384FF0FF39C3E902899B
:1049E000D3E900101D604FF48033C4F84833C4F895
:1049F0004051D4F8403182F310880029E7D000906C
:104A000032463B4628468847E1E700BF0010014098
:104A10007031002068310020C01E002030B5431CDA
:104A2000124C85B005D08442A8BF0446012CB8BF03
:104A30000124FFF78FFE0E4B0C4DD3E90013401AF3
:104A4000B0F5000F10D22218AA4228BF2A465218E9
:104A50004FF0000007490091CDE9010043F1000348
:104A6000FFF79AFE05B030BD2A46F0E7FFFF7F0052
:104A7000D01E0020B146010008B5FFF76BFE024BC7
:104A80001B68C01A08BD00BFD01E0020F8B50E4D2F
:104A900006460F46002426FA04F212F001020AD15B
:104AA00027FA04F3DB0707D40134042C05F10805C9
:104AB000F1D10020F8BD01222979286809F027F8F2
:104AC0000028F1D0F6E700BFC4F2010038B5094D67
:104AD00000244FF40031284609F004F848B90134A5
:104AE000042C05F10805F4D1BDE838400F21FFF78B
:104AF000CDBF38BDC4F2010003280A4607D8054BD4
:104B000003EBC00153F83000097909F000B86FF0E9
:104B100015007047C4F2010002460B46014801F03F
:104B20005DBD00BFCC0B0020014801F0CFBD00BF30
:104B3000CC0B002008B50A460146074806F04CFB9E
:104B4000064806F049FB002383F31188BFF36F8FFB
:104B50000323184602DF08BD1BFB0100DAF6010043
:104B6000F0B5064689B027480D46274909F080FB75
:104B700000F04AFD03A8ECF729F8244809F05EF993
:104B8000002838D0224B019301A8ECF767F80028E1
:104B900034D14FF0FF304FF0FF31FFF7BDFF044637
:104BA00038B91C491C48EBF7C7FF044620B1FFF792
:104BB000BBFF204609B0F0BD41F64C5702A8029752
:104BC000F7F74BF820B1FFF7AFFF6FF08504F0E780
:104BD000012368468DF80030F7F737F80028F2D146
:104BE00002A80297F7F73BF80028ECD1FFF79CFFEB
:104BF00033691D60DDE76FF01204DAE76FF015042A
:104C0000D7E700BF78310020BFDB010034EA0100A4
:104C1000C94C0100E01E0020B94C01001FB524481A
:104C2000EBF7FAFEEBF7E4FF18B16FF0850004B084
:104C300010BDEBF7F7FF0028F7D1ECF701F80446B9
:104C40000028F2D1012101AA8DF80410EBF726FF0C
:104C50000028ECDB082301AA07212046ADF8043028
:104C6000EBF71CFF0028E2DB124B019301AA0321A2
:104C70002046EBF713FF0028D9DB032301AA052107
:104C800020468DF80430EBF709FF0028CFDB40F217
:104C90007A63984209DD84F31188BFF36F8F042390
:104CA000184602DF6FF00B00C1E72046BFE700BFE8
:104CB000354B01001B1B03020149024809F003BBED
:104CC000783100206025002010B403460A460348CE
:104CD00081680C681946234610BC184734EA010065
:104CE00073B54FF0FF304FF0FF31FFF715FF00288D
:104CF00070D1394D0DF10701284600F095FB0446AF
:104D0000FFF712FF002C65D19DF80730042B3AD134
:104D100028786B783E2803F1020310D0FF2828D0B2
:104D2000472B2BD9002383F31188BFF36F8F042304
:104D3000184602DF02B0BDE87040FFF7BDBFAA7899
:104D4000022AEDD1472BEDD8002200230124214671
:104D5000FAF774FF04460028ECD06A781E49023244
:104D60000C3006F01EFE1D4B1B6821461C48984760
:104D7000E0E7AA7802F0FD02802AE2E74FF0FF3276
:104D80004FF0FF33E3E7022B10D14FF0FF324FF02B
:104D9000FF330320FAF742FF06460028CAD06A888C
:104DA0000432472A0DD984F31188BEE7082BC1D1FC
:104DB0004FF0FF324FF0FF330520FAF72FFF064682
:104DC000EDE7294606F10C0006F0EBFD034B3146FA
:104DD0001B68CBE702B070BDD13C002074310020CD
:104DE0005CEA0100F7B58D4E33780446002B40F0A5
:104DF000178304238DF80730894B05881F68AFB1EE
:104E00000DF106030DF10702711CB84701280DD002
:104E10009DF80630002B5ED19DF80730B3700E224E
:104E200001237270F370B580B0715DE0B5F5105F6D
:104E30004FEA95230AD2002B4CD0013B072B08D810
:104E4000DFE803F009073485CC0707DC3F2B00F0CF
:104E5000C181012060E0204640F2064230F9033B68
:104E600093420DD040F21D4293421CD0012040F2EB
:104E700006439D422FD040F21D439D422BD04BE074
:104E8000F6F739FF42F264039D4240F2968242F205
:104E900085039D4240D842F267039D4200F29E8204
:104EA00042F26603E9E7F6F728FFEBE7204640F613
:104EB000634230F9033B93423DD01ADC40F6034293
:104EC00093422CD040F62D4293422BD040F6014223
:104ED00093421FD001200F2373700423B37001236A
:104EE000F0703371A6F8055001233370002003B031
:104EF000F0BD40F67B42934220D040F67C42934284
:104F0000E8D19DF80730474902338DF80730F6F7AE
:104F100093FD01E0F6F782FD0128DBD07CE7EBF79B
:104F20005BFFF9E79DF807303E4903338DF8073002
:104F3000F6F779FDF0E7F6F778FDEDE79DF8073035
:104F4000384904338DF80730F6F774FDE4E7238819
:104F5000A3F58053013B082BBCD801A252F823F0E3
:104F6000854F0100974F0100AB4F0100D54E010066
:104F7000D54E0100D54E0100D54E0100D54E0100A1
:104F8000CB4F01009DF80730264808338DF80730D5
:104F9000F6F77EFEC0E79DF80730224840338DF8D3
:104FA000073008F00EFE002036E79DF80730083382
:104FB0008DF807301B4B00221A605A60F37A23F0F9
:104FC000600343F06003F372EDE79DF80730154886
:104FD00006338DF80730F6F75DFE9DE7228841F233
:104FE00005439A427FF476AF9DF807300D490333AD
:104FF000E01C8DF80730F6F782FE8DE7204642F27E
:105000004B0130F8033B1AB28A4242F2640143DC9E
:10501000B2F5005F08DC8D4236E000BF183D00208D
:10502000883100201F3D0020A3F50053013B4A2B8F
:1050300027D8DFE803F0384049265F2626262626B3
:105040006265686B6E777A7D8083868F929BA426DB
:1050500026A72626262626262626B1B42626262656
:105060002626262626B7C0C3262626262626262618
:1050700026262626262626262626262626262626D0
:10508000C60042F264039D423FF424AF40F2A48183
:1050900042F285030120FCE642F25E039A42BAD155
:1050A00008F0DFFD01E0F6F7F7FD42F264039D42F0
:1050B0007FF4E8AE0FE79DF80730CE4803338DF854
:1050C0000730F6F7EEFDF0E79DF80730C9480833E2
:1050D0008DF8073008F0A7FD42F264039D4200F00E
:1050E0009D8140F2698142F285039D4240F29481A4
:1050F000002011E7F6F7D7FDD7E7F6F7D6FDD4E79E
:10510000F6F7D5FDD1E7F6F7D4FDCEE7F6F7D3FDF8
:10511000CBE79DF80730B74801338DF80730F6F735
:10512000CCFDC2E7F6F7CBFDBFE7F6F7CAFDBCE75B
:10513000F6F7C9FDB9E7F6F7C8FDB6E7F6F7C7FD1C
:10514000B3E79DF80730AB4907338DF80730F6F722
:10515000C0FDAAE7F6F7BFFDA7E79DF80730A54910
:1051600010338DF80730F6F7B8FD9EE79DF807304D
:10517000A04808338DF80730F6F7B1FD95E7F6F74C
:10518000B0FD92E79DF8073008338DF807307023A3
:10519000F3714023F3729FE700F03EFA85E708F0D1
:1051A0005DFD82E79DF80730924904338DF80730A2
:1051B000F6F799FD79E7F6F798FD76E7F6F797FDAC
:1051C00073E79DF807308B4802338DF80730F6F708
:1051D00090FD6AE720464FF60B4230F8033B9342BE
:1051E00022D8B3F57C4F01D801206DE0A3F57C43B4
:1051F000013B0A2BF8D801A252F823F0B952010062
:10520000D5520100E9510100E9510100E9510100C5
:1052100025530100E9510100E9510100015301004A
:10522000135301002B53010003F5407292B21D2A63
:10523000DAD8A3F57D431D2BD6D801A252F823F06E
:105240003D5301006B53010071530100775301007E
:105250007D53010083530100E9510100E951010030
:10526000E9510100E9510100E9510100E951010052
:10527000E9510100E9510100E9510100E951010042
:10528000E9510100E951010089530100E951010090
:105290008F530100E9510100A1530100E9510100C0
:1052A000E9510100E9510100E9510100A753010052
:1052B000AD530100B35301009DF807304D480C3346
:1052C0008DF80730F6F7BAFB25F008034FF60252C7
:1052D0009342D3E59DF8073040338DF80730454BB6
:1052E00000221A80F37923F0230343F02303F371A0
:1052F000337A23F0070343F0070333720020E3E718
:105300009DF807303B4817338DF80730F6F7B0FBB0
:10531000DAE79DF80730374820338DF80730F6F785
:10532000F9FBD1E7F6F7A2FBCEE79DF8073031484D
:1053300001338DF80730F6F73EFCC5E79DF80730DE
:1053400040338DF807302B4B00221A60F37923F09D
:105350003F0343F03F03F371337A63F05F0333722B
:10536000737A63F03D037372C8E7F6F73AFCABE774
:10537000F6F739FCA8E7F6F768FCA5E7F6F767FC4F
:10538000A2E7F6F76AFC9FE7F6F769FC9CE79DF851
:105390000730184904338DF80730F6F762FC93E7BD
:1053A000F6F76EFC90E7F6F76DFC8DE7F6F76CFC10
:1053B0008AE7F6F76BFC87E7002042F226039D425E
:1053C0001ED842F20C039D427FF651ADA5F5005365
:1053D0000D3B094A9BB206E00120EEE7A5F501531B
:1053E000283B064A9BB222FA03F3DB077FF594AD14
:1053F00071E500BF1F3D0020411200032F804020B7
:1054000042F232039D423FF466ADA5F50153033BE2
:10541000012B3FF681AD5EE500203CE500205AE51A
:105420004FF0FF3063E500BF38B5094C23780D46D7
:105430001BB9BDE83840F6F7E1BAA278611C023228
:1054400009F028FA0020042320702B7038BD00BF1B
:10545000183D002070B505460E46084C204608F061
:10546000EDFC38B1A368B2B2294620461B68BDE8FE
:10547000704018476FF0120070BD00BF34EA0100A1
:10548000F8B51C4D1C4905F12002002808BF29462B
:10549000104602F0C7F94FF0FF3200284FF0FF33FB
:1054A0004FF0010014BF12270027FAF7B7FB00F1F5
:1054B0000C0602210446304606F06DFA3E230370C6
:1054C000222343700121304606F065FA0923037058
:1054D0002121304606F05FFA00F8017B2FB120222F
:1054E000FF2109F0FFF92046F8BD05F1200108F081
:1054F000A8FBF8E7603D00204CFB01002DE9F041DE
:105500003C4BBFF35B8F1A68BFF35B8F022A1F46C9
:1055100068D0042A6BD0012A4CD1374C374E202159
:105520002046FFF797FF002851D120223146204620
:1055300009F02DF90028F2D03148214602F05EF939
:1055400005460028EBD14FF0FF324FF0FF3301202A
:10555000FAF764FB00F10C0602210446304606F01F
:105560001AFA3E230370422343700121304606F0AD
:1055700012FA082303704121304606F00CFA064661
:1055800000F8015B2DB34022002109F0ABF9BFF315
:105590005B8F002357E8002F47E800310029F9D13D
:1055A000BFF35B8F8CB11748036921461B68BDE8C8
:1055B000F04118470022BFF35B8F53E8001F43E818
:1055C00000200028F9D1BFF35B8FBDE8F0811F25D3
:1055D000B9E70B4908F035FB203106F1210008F04E
:1055E00030FBD4E70020FFF74BFF0446CFE7012054
:1055F000F9E700BF9C310020603D00204CFB01001A
:10560000803D00205CEA01000149024808F030BEFC
:1056100057DC01008C31002008B50B4BBFF35B8FCA
:10562000012253E8001F002903D143E8002000288D
:10563000F7D1BFF35B8F05D10449054808F043FE5D
:10564000002008BD0C20FCE79C3100208C3100209C
:105650006025002010B50029114BBFF35B8F044675
:105660000CBF0222042253E8001F002903D143E8A3
:1056700000200028F7D1BFF35B8F0ED109482146E7
:1056800008F0DFFA084804F1200108F0DAFA0749C7
:10569000074808F018FE002010BD0C20FCE700BFF2
:1056A0009C310020803D0020A03D00208C31002056
:1056B0006025002008B50A460146074805F08CFD24
:1056C000064805F089FD002383F31188BFF36F8F2F
:1056D0000323184602DF08BD6CFB0100DAF6010067
:1056E00037B53223ADF80430124A002301251921C1
:1056F00068468DF80630ADF800508DF80230F5F7A9
:1057000089F9044690B94FF4AF60F8F793FF2A4641
:1057100021460820F9F7C8FE2A4621460B20F9F752
:10572000C3FE2A4621462846F9F7BEFE204603B0AE
:1057300030BD00BFB55601000149024808F0C3BDA5
:10574000A03100206025002037B50D4D0D49002403
:1057500000946FF009034FF48062284601F0F0F9DD
:105760000949284601F08EFA0849094808F080FDE9
:10577000224604211920F9F797FE204603B030BDD8
:1057800060250020C047002081FB01008DDC010066
:10579000A0310020014B00201B681847B0310020C9
:1057A00020B1012806D10448F2F7C8BC034B012000
:1057B0001B681847704700BF95570100B0310020A3
:1057C000014B186001487047B03100200000AD0B5C
:1057D0004FF08053D3F83021082A06D1D3F8343162
:1057E000052B02D8024AD05C70470020704700BFEA
:1057F00091FB0100024AD2F80034002BFBD0704725
:1058000000E0014010B54FF08053D3F83021082A52
:105810004ED14FF080420021C2F80C11C2F8101195
:10582000C2F8381502F54042D3F80414C2F8201526
:10583000D3F80814C2F82415D3F80C14C2F82815AC
:10584000D3F81014C2F82C15D3F81414C2F830157C
:10585000D3F81814C2F83415D3F81C14C2F8401544
:10586000D3F82014C2F84415D3F82414C2F848150C
:10587000D3F82814C2F84C15D3F82C14C2F85015DC
:10588000D3F83014C2F85415D3F83414C2F86015A4
:10589000D3F83814C2F86415D3F83C14C2F868156C
:1058A000D3F84014C2F86C15D3F84434C2F87035FC
:1058B000FFF78EFF18B13A4B3A4AC3F88C26FFF730
:1058C00087FF18B1384BFB22C3F81825FFF780FF7C
:1058D00070B14FF080414FF08053D1F8E42ED3F8EF
:1058E000583222F00F0203F00F031343C1F8E43ED5
:1058F000FFF76EFF20B12D4B4FF40072C3F8402626
:105900004FF08053D3F83031082B1AD14FF0804339
:10591000D3F80024D20744BF6FF00102C3F800247B
:105920004FF08053D3F83431052B02D8204AD35C92
:105930003BB14FF01023D3F808224FF08043C3F857
:1059400058254FF01023D3F80022002A03DBD3F8A8
:105950000432002B22DA174901234FF01020C1F83E
:1059600004351224FFF746FFC0F80042FFF742FF5C
:10597000C0F80442FFF73EFF0023C1F80435FFF7EB
:1059800039FFBFF34F8F0C490C4BCA6802F4E06239
:105990001343CB60BFF34F8F00BFFDE710BD00BFC7
:1059A000005000404881030000F000400090024099
:1059B0008BFB010000E0014000ED00E00400FA056F
:1059C00030B50468CCB1BFF35B8FB4FA84F3C3F194
:1059D0001F03DBB201229A4024EA020250E8005F72
:1059E000A54204D140E8002CBCF1000FF6D1BFF372
:1059F0005B8FE6D102480B7030BD0248FCE700BF68
:105A00000000AD0B0200AD0B10B50368CB40DB0707
:105A100014D401238B400268BFF35B8F43EA020179
:105A200050E8004F944204D140E8001CBCF1000F44
:105A3000F6D1BFF35B8FEED1014810BD0148FCE702
:105A40000000AD0B0400AD0B014BC3F8040570471B
:105A500000F00140036803F01F025B09026004D0FC
:105A6000012B034818BF002070474FF0A04070473B
:105A700000030050034A430900F01F00D35C1844A0
:105A8000C0B2704797FB010070B50546FFF7F2FF03
:105A90000C4C08300E4634F81030DA0508D5C3F344
:105AA000432304EBC302284654F833305268984726
:105AB000A3682BB1E26831462846BDE8704018471C
:105AC00070BD00BF540A002008B5FFF7D3FF034B99
:105AD000083033F81000400B08BD00BF540A002006
:105AE00008B5FFF7C7FF034B083033F81000C0F3C9
:105AF000400008BD540A002008B5FFF7BBFF034B68
:105B0000083033F81000C0F3401008BD540A0020DC
:105B1000034611F0010010B5CCB20DD1A207C4F3B9
:105B2000400012D5094AD2F820055860C2F8200575
:105B3000003818BF012008E04FF0A041D1F820251F
:105B40001A60C1F82025002AE8D010BD00030050DB
:105B500010B5FFF78FFF124A083032F81030D90520
:105B60001CD5C3F3432123F4F85322F8103002F17B
:105B70000E04002034F8023F13F4807F03D0C3F3F7
:105B8000432399420AD001303028F3D1002342F850
:105B900031300448BDE81040FFF736BF10BD00BFEC
:105BA000540A0020CC0A0020F0B505460020044627
:105BB000012607468C420BD1114BD3F87C2132B120
:105BC0000022C3F87C21D3F87C3140F00040F0BDC6
:105BD000E3B29B0003F580729B0806FA03F31D42B3
:105BE0000BD002F1804202F5C042D2F800C0BCF1F5
:105BF000000F02D01760126818430134DAE700BFC3
:105C000000600040F7B506460846FFF733FF194F1E
:105C100000F108050C4637F81530DB0727D530466C
:105C200008F0D8F82046FFF767FF40B12046FFF79D
:105C30004BFF316800F5A270002341F82030204668
:105C4000FFF786FF002301A827F815300194FFF71E
:105C500001FF019B00EB8300074BD0F800271340A6
:105C600043F00203C0F80037044803B0F0BD044815
:105C7000FBE700BF540A0020F0F8FCFF0000AD0B6A
:105C80000400AD0B2DE9FF41164680460846FFF79C
:105C9000F1FE0D463168044609B32846FFF720FFA0
:105CA00018B12846FFF728FF10BB0023CDE90033C9
:105CB0008DF80E308DF80F300DF10F020B4628468F
:105CC0000DF10E0108F02EF8474A04F1080132F8F0
:105CD000113023F0020343F0010322F811307368FE
:105CE00063B328461F785968FFF7FAFE10B1D1B1A7
:105CF0003E4826E03C4A04F1080032F8103023F018
:105D00002003DB04DB0C22F8103061B1032FEFD845
:105D10007168496891F800C0D8F80010A7B90CF56F
:105D2000A27C41F82C70304A04F1080132F811309D
:105D300023F01C0343EA870322F81130B3684BBBFE
:105D40002B4804B0BDE8F08101EB8C0143EA4C33F1
:105D5000D1F810E52EF0030EC1F810E5D8F80010C8
:105D600001EB8C0E43F02003DEF8101522F8103002
:105D700021F44F3121F44071CEF810152902DEF8DC
:105D8000108501F47C5141EA074141EA0801CEF84F
:105D90001015C8E7D3E900672846FFF7D9FE002EA3
:105DA000CED0114DD5E90023964203D19F4201D1B7
:105DB000002209E00F480DF10F01FFF701FE0C4B27
:105DC0009842BED19DF80F2045F8326005EBC20322
:105DD00008345F6035F8143043EA422343F480739B
:105DE00025F81430ACE700BF540A00200400AD0BC6
:105DF0000000AD0BCC0A00202DE9F0430C4685B025
:105E00008046204611461E46FFF734FE054629B35C
:105E10002046FFF765FE18B92046FFF76DFE18BB58
:105E2000314F05F1080937F8193013F01C0F02D073
:105E30004B78012B18D001238DF80F300023CDE9CA
:105E400000134A1C8B1C20460DF10F0107F06AFF5E
:105E500037F8193043F0030327F81930002E41D0EA
:105E60002046FFF73DFE18B9204805B0BDE8F08395
:105E700096F800C0D8F800301B4F0CF5A272002134
:105E800043F8221005F1080237F8121021F0200122
:105E9000C904C90C27F8121075781DB3D8F8000092
:105EA000B67800EB8C002D04D0F8103523F499134C
:105EB00023F4F853C0F81035230203F47C5305F49F
:105EC00040353605D0F810E52B4306F4801641EA3C
:105ED0004C31334341F0200143EA0E0327F81210FE
:105EE000C0F810350248C0E7540A00200400AD0B8A
:105EF0000000AD0B014BC3E902127047540A0020A9
:105F000010B508461446FFF7F7FD50B10846FFF7F5
:105F1000B1FD054B083033F8103004485B0B23709B
:105F200010BD0348FCE700BF540A00200000AD0B81
:105F30000400AD0B70B5164D95F8804006462CBB9D
:105F40002146602205F1100008F0CCFC30682E6F6D
:105F500021468E420ED10023C0F87C31D0F87C312E
:105F600040F30730F9F770FA01230A4885F88030CA
:105F7000AB6770BDCBB29B0003F580727C2B08BF72
:105F8000845001F1010108BF8358E2E70248F0E7BD
:105F9000540A00200000AD0B0C00AD0B034B93F82E
:105FA0008000003818BF0120704700BF540A00204D
:105FB0000148FFF729BD00BFC80A00200148FFF7CC
:105FC000FFBC00BFC80A002073B503681646D3F8AB
:105FD0000423002AA8BF4FF000420546A8BFC3F81B
:105FE000042308460C46FFF787FD00B30846FFF779
:105FF00077FD0146D8B92046FFF766FD04B2A4003C
:1060000004F580720346286881502968825821442B
:10601000D1F8102542F00102C1F810252EB12968EF
:10602000012202FA03F3C1F8043302B070BD204626
:10603000FFF720FD0F4B083033F81030C3F3820315
:10604000042B12D0052B12D001A80194FFF702FDFA
:10605000019AD0F81035D34003F00103991C204673
:1060600002B0BDE8704007F0A6BE0321F7E70221A9
:10607000F5E700BF540A00202DE9F04F694BDFF827
:10608000A881D3F80403D8F87010C0B289B040F0EA
:106090000040FFF789FD051E2FDAC24600235AF89B
:1060A0007C1F06A8CDE90633FFF732FD5F4B019355
:1060B0000DF118094FF0000B019A12F8013B019203
:1060C000DA0803F007031AF8022022FA03F3DA07CA
:1060D0001CD409F10409BBF1000F14D0D8F87010DA
:1060E0004FF00040FFF760FDD8F87C1006A8FFF7DE
:1060F0000FFD0028DAD125F000450124002D79D1CB
:1061000009B0BDE8F08F4FF0010BD5E7484B5B4479
:106110000293D9F800100029DBD0029B91FAA1F17B
:106120001C78B1FA81F141EA44142046FFF7A2FC41
:106130000830059438F81070C808BB0819F800201A
:10614000039301F00701012303FA01F122EA01029E
:1061500009F8002005A8FFF77DFC059A039B02F5CE
:10616000E072C7F3820650F822205B073746C2F37D
:10617000014224D520463946D6B2FFF785FC05A852
:106180000594FFF767FC059B03F5E07350F8233097
:10619000C3F301439E4207D10021204607F00BFEC6
:1061A0003146204607F007FE05A80594FFF752FC8C
:1061B000059B012202FA03F3C0F82035A9E7022A61
:1061C0000CD10321204607F0F6FD06F00503012B54
:1061D000EAD139462046FFF757FCE5E70221204681
:1061E000039207F0E8FD032EF3D0039A032ADBD1D4
:1061F000022EEDE795FAA5F3B3FA83F304FA03F25E
:106200009B0003F1804303F5C04325EA0205D3F860
:106210001005D3F81015C0F30520C1F30141FFF7B5
:1062200033FC6BE700600040540A0020A7FB01002C
:10623000A7FB010001460148FFF7C2BBD80A0020B6
:1062400008B5144BA8220021184608F04BFB032286
:10625000026111494261114A8161C2614FF4806259
:106260000262002282624262C26201660C49416699
:106270001021816603460267C2664267BFF35F8FE3
:10628000084911F8010D98540132102AF9D1BFF3D1
:106290005F8F08BD10040020A9FB01001000002042
:1062A00000000020C2FB010038B5EFF31185402348
:1062B00083F31288BFF36F8F064B9C6807F0D1FD04
:1062C00085F31188BFF36F8F2046BDE83840F9F79A
:1062D00039B800BFB431002038B5094B53F820401D
:1062E000013053F82050A54200D838BD636823B16F
:1062F000204607F0B9FD0834F5E723689847FAE728
:10630000F0F2010070B52B4B2B4C2C4D012286B0C6
:1063100003201A70FFF7E0FFF8F7B6FC07F0C0FDA6
:106320000420FFF7D9FF2646AE4204F1300410D313
:1063300000F02AFF204C224EAC4226D300F038FF5A
:10634000F8F7DEFA1F4A137B23F00103137306B03C
:1063500070BD54F80C3C059354F8103C049354F869
:10636000143C039354F8183C029354F81C3C0193DA
:1063700054F8203C009354E90A2354E90C0100F03E
:1063800091FC54F8303C5E65CDE7D4E90A23B3F1C3
:10639000FF3F08BFB2F1FF3F05D052EA030120687A
:1063A00003D108F018F83034C6E73146183001F050
:1063B000E3F8F8E7C03D0020F0EB0100F0EB01004E
:1063C00005E50100F026002008B50348034A002136
:1063D000121A07F061FD08BD800D0020C43D0020A9
:1063E00070B5174E174D184986B0B82303FB0066E9
:1063F000164B059301220F23CDE903320023CDE98B
:106400000133142303FB005504464FF4C07000FB16
:1064100004110F4B00954FF4A072304600F042FC7F
:10642000737B0C4AEE6023F0040373734FF4046330
:1064300004FB033313442C746B6006B070BD00BFC3
:1064400038260020B431002040540020C3FB010056
:1064500009E00100004C0020BFB50020FFF73CFF21
:106460002D4B83F308882D4D2D4E6B692D4F43F432
:1064700000736B61E02385F8223000242023EB7742
:106480002C766C76AC7685F820406B6A43F4E0237A
:106490006B6285F82340F8F7CBFEF9F793F84FF0DD
:1064A000FF33AB62EB62F9F755F9F9F7AFF81E4B22
:1064B000B36040F201129A81C3E92644C3F8A440B4
:1064C00007F0BBFC0120FFF707FF0220174DFFF785
:1064D00003FF00F08DFE164B7561059301231549EE
:1064E0000094CDE903434FF400623B46CDE90144FB
:1064F000284600F0D7FB6A7B064622F004022846B5
:106500006A7307F0A4FF2046FFF76AFF3A46314658
:106510002846F9F733F800BF4054002000ED00E0B2
:10652000B43100200563010080280020F0260020FF
:10653000C8FB0100C055002038B5064C064DAC42E2
:1065400001D3002038BDD4E90112204607F0A9FC90
:106550001434F4E7B80B0020B80B002038B5064C13
:10656000064D0020AC4200D338BD204607F0FEFCAB
:106570000028F9DB1C34F5E7640B0020B80B002081
:1065800073B50C46EFF31181402585F31288BFF3F4
:106590006F8FC5685DB125602B68C3608369013367
:1065A0008361002081F31188BFF36F8F11E052EAFD
:1065B000030603D125606FF00B00F3E7CDE900235C
:1065C0000246083000F02CFD18B9034B9B685B694C
:1065D000236002B070BD00BFB43100202DE9F3414B
:1065E000044617461E46EFF31188402383F31288B2
:1065F000BFF36F8FC368334A7BB18068916888426C
:1066000019D057EA060318D188F31188BFF36F8FAA
:106610006FF00F0002B0BDE8F081916891F90E10A3
:1066200021610133E3609368A36088F31188BFF3AD
:106630006F8F0020EEE72169F2E791F90E1090F9D3
:106640000E309942A8BF19466FF07E029142B8BF42
:1066500011468B422DDD07F0E2FC0546CDE90076C0
:1066600019482246414600F0DBFC0028E1D0EFF358
:106670001186402383F31288BFF36F8FA068D0B1D7
:10668000236821699C420AD04BB193F90E3099429C
:10669000A8BF19466FF07E039942B8BF194607F0AC
:1066A000BEFC40B10848314600F02AFD6FF00A00F8
:1066B000B0E70025D2E7002DF4D186F31188BFF3AF
:1066C0006F8FF3E7B4310020C13D002038B58368F7
:1066D00004466BB3194A926893422CD1C368012BCC
:1066E00003D9013BC360002038BDEFF3118540237F
:1066F00083F31288BFF36F8F0169806807F08FFC06
:10670000204607F003FFA06060B190F90E202261DF
:106710000022C0F8B02007F09AFE0948294600F090
:10672000EFFCE0E7E06085F31188BFF36F8FDAE7F5
:106730006FF01500D8E74FF0FF30D5E7B4310020F7
:10674000C13D002037B51146EFF31185402282F399
:106750001288BFF36F8F04689CB12368426823F0EE
:1067600003039442036008BF43600121204607F001
:10677000CBFC044685F31188BFF36F8F204603B02E
:1067800030BD51EA0302F5D000F10802CDE9001353
:106790001046294600F044FC0028EFD1014B9B68CD
:1067A0005C69EBE7B431002038B50446EFF311859E
:1067B000402383F31288BFF36F8F07F0A7FE50B119
:1067C0000022C0F8B02007F042FE29460848BDE884
:1067D000384000F095BCD4E902329A4218BF013328
:1067E000A360022104F1100007F0B0FFEDE700BF45
:1067F000C13D002013B5EFF31181402484F31288CA
:10680000BFF36F8F846844B1013C846081F31188C9
:10681000BFF36F8F002002B010BD52EA030406D10F
:1068200081F31188BFF36F8F6FF00F00F3E7CDE9AD
:1068300000230246014800F0F3FBECE7C13D0020D5
:106840001FB5094A92E8030002AB83E803004FF446
:1068500000620093054906484FF0FF3300F070F9DD
:10686000002005B05DF804FBECEC0100005E0020A8
:10687000A82700202DE9F043DFF8348185B00546D4
:106880004FF0FF364FF0FF37EFF31189402383F3CA
:106890001288BFF36F8FD5F8B8408CB9022105F18B
:1068A000D00007F072FC002860D10023CDE900671A
:1068B000029305F1C00249463E4800F047FDE3E778
:1068C000D5F8BC202368C5F8B830944208BFC5F895
:1068D000BC30D5F8D03043F00203C5F8D030E368BF
:1068E00023F0040343F00103E360636889F3118834
:1068F000BFF36F8F20469847EFF31189402383F34E
:106900001288BFF36F8FE368D90623F0010237D4F2
:10691000E260E3689A071AD5D8F8000023F0020372
:10692000E360A0B10268002188B143689C4237D17E
:10693000036869BBD8F80420C8F80030824201D14E
:10694000C8F80430002340F8083BFFF72DFFD5F8C6
:10695000D03023F00203C5F8D03089F31188BFF39B
:106960006F8FDB0590D400F04BFC8DE705F1C80478
:1069700000220121204607F022FE0028F8D194E7EA
:1069800023F01103E36004F11000FFF70DFFC0E7EF
:106990000B60D8F80430834208BFC8F80410D1E770
:1069A00022B11368014610461A46BDE71346F9E7BF
:1069B000D8310020C13D002070B5C368C3F3400644
:1069C0009B0705460C460DD50122002104F1080065
:1069D00007F0CBFB00232360054B65605A681AB9AA
:1069E000C3E90044304670BD14605C60FAE700BF44
:1069F000D8310020F8B5C3689A0704460F46C3F3A0
:106A000040062CD45B071AD40B680BB983680B6063
:106A1000E368DD0744BFA3683B603D684CBF0226C6
:106A20000126002D3AD01F4B9B68AB420AD0D5F807
:106A3000D030D807C3F3800214D46FF012060023BD
:106A40003B6025E007F0C1FCD5F8D0300028F0D13C
:106A5000D907C3F3C002F0D552B15B0708D46FF079
:106A60000F06ECE7002AFAD1C3F3C003002BF6D1DE
:106A700000232360D5F8BC3063B9C5E92E4428460D
:106A800007F09EFBE36843F00403E3603B68A36008
:106A90003046F8BD1C60C5F8BC40F0E76FF0150645
:106AA000CDE700BFB43100202DE9F041C36803F009
:106AB0000503002B07460C4614BF4FF001084FF0AA
:106AC000000822D08668D6F8B85025B1AF4201D070
:106AD0002D68FAE701250122002104F1100007F0DA
:106AE00044FB1349204607F0C3FBE36843F010035F
:106AF000E3609DB13B68236073B9D6F8BC303BB905
:106B0000C6E92E44304607F05BFB4046BDE8F08105
:106B10001C60C6F8BC40F5E73C60F3E7D6F8B83037
:106B20002360D6F8BC30C6F8B840002BEAD1F0E7B5
:106B3000A1E101000146014807F0C5BBA8270020DC
:106B4000F0B589B004460020C4E92E000E9D04F182
:106B5000C000C4E9300004F1C800C4E932004DB3FC
:106B60002879002840F2011008BF0120C4F8D000A5
:106B700000204FF0FF364FF0FF37CDE90330CDE96D
:106B80000100CDE906670C4B0094204600F000F9A7
:106B900055B1296811B1204600F074F86B791BB12A
:106BA000237B43F001032373204609B0BDE8F04086
:106BB00007F011BC0120D9E77568010037B50190D5
:106BC0000846EFF31184402181F31288BFF36F8FE1
:106BD000C16811F01E0F16D153EA020508D101A9B0
:106BE000FFF708FF84F31188BFF36F8F03B030BD48
:106BF00041F00801C160019981621030034900F041
:106C0000BBFC0120EEE70020ECE700BF35E201000D
:106C100001460148FFF7D2BFA8270020F7B50C4670
:106C2000019016461D46EFF31187402383F3128827
:106C3000BFF36F8F084607F0B4FA55EA060309D18F
:106C400001A92046FFF7D6FE87F31188BFF36F8FA7
:106C500003B0F0BDE368074943F00803E360019B1C
:106C6000A36204F1100032462B4600F085FC01209F
:106C7000EAE700BF35E2010001460148FFF7CEBF59
:106C8000A827002010B5044608B9054B9C681F22B0
:106C900004F1780007F08BFD002084F8970010BD08
:106CA000B43100202DE9F04F073285B022F0070201
:106CB00004461E467F3200F15803C0E9163322F025
:106CC0003F02129B237300200D46119BDDF838A074
:106CD000139FA06004213F2AC4E906006173A373D7
:106CE000E07305F14009A2F1400B05D880F311884B
:106CF000BFF36F8F084602DF05EB020841462046CE
:106D0000F8F71EF90730109B20F00700C4E9269B16
:106D1000C4F8A00002930F9BA8EB000BCDE900A3E1
:106D20005A46334629462046F8F7F4FB0F9BE366A4
:106D30004FF00008109BC4F85480C4E9196A236717
:106D4000EFF31182402181F31288BFF36F8F0F4D53
:106D5000296A61672C6282F31188BFF36F8F8FB14C
:106D60001F22394604F1780007F021FD84F897804E
:106D7000AB680BB1D3F8A430C4F8A430584605B0C2
:106D8000BDE8F08F84F87870F2E700BFB4310020DE
:106D9000F0B587B000250595109D04950F9D0395CE
:106DA0000E9D0295DDE912760D9D01950C9D0095D5
:106DB0000446FFF777FFB6F1FF3F08BFB7F1FF3F8B
:106DC00005D056EA070305D1204600F0ABF920466E
:106DD00007B0F0BD03493A46334604F1180000F00D
:106DE000CBFBF4E705E5010038B50D4D2B4653F814
:106DF000184F9C4200D004B9EC68AB6838B95A7B94
:106E0000D20604D1A26912B9DA897F2A05D89C4238
:106E100002D0204600F0DAFA23466B6138BD00BF8D
:106E2000B431002008B590F90D20437B002A0146BB
:106E300004DA03F07F03437307F0CFFA044B98683A
:106E4000431A58425841BDE80840FFF7CDBF00BF84
:106E5000B431002070B490F90D30427B002B29DB57
:106E6000D30627D183692BBB134962F07F0242739B
:106E70000A4652F8184F944218BF2346CC6923B9EA
:106E8000C0E900242060C8610CE090F90E5093F92D
:106E90000E60B5420AD0AE4208DD5A68C0E9003241
:106EA0001060586070BC0020FFF79EBF9C42E7D086
:106EB0001B68E4E770BC7047B43100202DE9F04155
:106EC000002A427B0E460CBF1021082111420446C5
:106ED0000FD141EA0203D20918D1437308291BD00C
:106EE0000120FFF781FFBFF35F8F637B23F0600317
:106EF00063732C4B9B68A3424ED1EFF30583002BA9
:106F00004AD13046BDE8F041F8F732BA03F07F03CA
:106F1000437307F062FAE1E7A36813B1204607F074
:106F200064FA04F1180007F06DFBA56D04F1580731
:106F3000AF4211D04FF0000875B1284607F055FA5E
:106F400005F1180007F05EFBC5F8B0802846FFF792
:106F500081FFA56DAF42EFD1124DAB689C4206D0C8
:106F60000120FFF741FF204600F088FABBE7EFF36E
:106F70000583002BF4D00120FFF736FF204600F0F8
:106F80007DFA094BAB6040F201129A810022C3E9FD
:106F90002622C3F8A420A6E786F31188BFF36F8FDB
:106FA000BDE8F081B43100208028002070B590F950
:106FB0000D20437B002A014604DA03F07F0343736C
:106FC00007F00BFA4B7B154A63F07F0310464B73B7
:106FD00050F8183FD469834208BF002323B9C1E9A0
:106FE00000042160D1610CE091F90E5093F90E601C
:106FF000B5420ED0AE420CDD5868C1E900300160E8
:1070000059609068431A5842BDE870405841FFF7F4
:10701000EBBE9C42E3D01B68E0E700BFB431002028
:10702000F8B5124B0C461146114A98681060DDE91C
:107030000676EFF31182402282F31288BFF36F8F3E
:107040009D68284607F0DBF9B6F1FF3F08BFB7F1AE
:10705000FF3F06D007493A46334605F1180000F0D5
:107060008BFA2046BDE8F840F8F782B9B431002029
:10707000E031002005E50100F8B50446EFF3118684
:10708000402383F31288BFF36F8F437BDA0649B244
:1070900019D18569BDB903F07F03437307F09DF9EA
:1070A000437B164A817363F07F034373134653F89F
:1070B000180F984218BF0546D0695DB9C4E9003081
:1070C0000460D46111E0A173002086F31188BFF33E
:1070D0006F8FF8BD95F90E70B9420BD08F4209DD64
:1070E0006B68C4E900531C606C600120FFF77CFEF4
:1070F0000120EAE7A842E1D02D68DEE7B4310020A4
:1071000049B9EFF3058030B9054B5A699B689A423B
:1071100001D0F8F72DB981F31188BFF36F8F704755
:10712000B431002010B5EFF31184402282F31288AD
:10713000BFF36F8F427B510704D484F31188BFF3F0
:107140006F8F10BD22F004024273FFF783FE2146C9
:107150000248BDE81040FFF7D3BF00BFC13D00208B
:10716000034648B9EFF3058232B9064A516992687D
:10717000914201D0F8F7FCB883F31188BFF36F8F09
:10718000704700BFB4310020EFF31181402383F337
:107190001288BFF36F8F054B9A68D37B013BD37383
:1071A00081F31188BFF36F8F704700BFB4310020A7
:1071B00038B5EFF31185402484F31288BFF36F8F45
:1071C0000A4B9A68D37B0133D3730020FFF70CFE80
:1071D00085F31188BFF36F8FEFF3118084F312886A
:1071E000BFF36F8FBDE83840FFF7BABFB43100205E
:1071F000024B03F11802C3E906227047B4310020A4
:10720000F8B5EFF31185402383F31288BFF36F8F36
:1072100019498868437B03F07F03437307F0DDF867
:107220008B685A7B084662F07F025A7350F8182F19
:10723000CC69824208BF002222B9C3E9000423605E
:10724000CB610CE093F90E6092F90E70BE420ED045
:10725000B7420CDD5168C3E900210B605360012087
:10726000FFF7C2FD2846BDE8F840F8F781B8A24212
:10727000E3D01268E0E700BFB431002050EA010318
:107280002DE9F04105460E4603D1FFF7B9FF002076
:107290002BE0831C71F1FF3329DB07F0C8F92C18B0
:1072A000EFF31188402383F31288BFF36F8F124FDF
:1072B000124BB8681860FFF7B5FDB86810492A4648
:1072C0003346183000F058F9BA68537B43F0100386
:1072D00053734046F8F74CF807F0A9F9201A63EB0E
:1072E0000303012873F10003D1DBBDE8F0816FF0E7
:1072F0000104241AD4E700BFB4310020E03100209B
:1073000005E50100B1F1FF3F08BFB0F1FF3F08B54F
:1073100006D10A4B986807F0A9F84FF0FF3008BD76
:10732000FFF7ACFF4FF47A7147F6FF730022C0FB02
:107330000132D80B40EA4240F1E700BFB4310020EF
:10734000014B9868704700BFB4310020D3B5DDE928
:107350000667089CCDE90067FFF762FE1CB1034B8E
:107360009B685B69236002B0D0BD00BFB4310020D0
:10737000044BC01A044BC0105843044B01221A544A
:10738000704700BF38290020ABAAAAAAC13D00203F
:10739000C3897F2B12D80A4B1B6863B1094B90F944
:1073A0000E201B689A4209DB437BDB0606D1064BA5
:1073B000C31A18BF012303F0010070470023FAE746
:1073C000E8310020E43100203826002070B50E4B53
:1073D0000E4C1E7C06EB460304EBC3040546204618
:1073E00007F010F90A4B002228469A55FFF7D0FF04
:1073F00048B1084B08491A68013A2046D317BDE83E
:10740000704000F0B9B870BDB431002038290020B8
:10741000C13D0020E83100207173010038B5EFF361
:107420001185402383F31288BFF36F8F104B114AED
:107430009C681068A04206D1FFF7C8FF85F3118849
:10744000BFF36F8F38BD00211B7C11600A4AD35CEB
:10745000002BF3D02046FFF79BFF0028EED0637B84
:10746000DB0602D12046FFF7A1FD2046E4E700BF7E
:10747000B4310020E0310020C13D0020EFF3118144
:10748000402383F31288BFF36F8F0A4A136A834243
:1074900007D15B6F136281F31188BFF36F8F704761
:1074A0001346002BF7D05A6F8242F9D1426F5A67C8
:1074B000F1E700BFB431002008B50648064A074985
:1074C000121A06F0EBFCBDE80840054A05490648DB
:1074D00006F0E4BCC0040020800D00203CFC01004C
:1074E0000000000034FC0100C0040020034B1B68B6
:1074F0000BB9FDF7C1BA0020704700BFEC31002086
:1075000030B570B10B4B5B6898420AD0036843B149
:10751000D3E90421D0E90445121941EB0501C3E97F
:107520000421D0E9003213605A600023C0E900331F
:1075300030BD00BFDC0A002010B50E4B1C689C4219
:1075400004D1FFF7D3FF6FF0004010BDFFF7CEFF6F
:10755000002CF8D0D4E904321B1A62EBE072B3F1CC
:10756000004F72F10001EEDA002AACBF184600208D
:10757000EBE700BFDC0A0020B3F1FF3F08BFB2F128
:10758000FF3FF8B504461D4616465ED08160EFF316
:107590001187402383F31288BFF36F8F013275F197
:1075A000FF3324DA2E49D1E900206FF001039B1A42
:1075B0004FF0FF3262EB00009E1B60EB0500012ED6
:1075C00070F1000301DA01260020C4E90460254EB1
:1075D000D6F800C07568B44508BF4FF0000CBCF188
:1075E000000F0DD1C4E900652C6074601CE0FFF74A
:1075F0007DFF013645F10005361845EBE070E4E704
:10760000DCE90420D4E90431934271EB000E1DDA69
:10761000D21ADCF8043060EB0100CCE90420C4E9A4
:1076200000C31C60CCF804403368B34209D09C42CC
:1076300007D10D4B1C6824B9FFF77EFF2146FDF7EB
:10764000EDF987F31188BFF36F8FF8BD9B1A61EBDB
:107650000001AC45C4E90431C4D0DCF800C0BEE789
:1076600050290020DC0A0020EC3100202DE9F84FE1
:10767000EFF3118C402383F31288BFF36F8FDFF891
:10768000B0A0DFF8B0902C4FC9F80000DAF8000085
:107690000024504508BF00200025D7E90021D9F873
:1076A0000030E04678B3D0E9046C4FEAE37EB342A1
:1076B0007EEB0C0B05DAF61A6CEB0E04C0E90464E1
:1076C00021E0B21841EBE671C0E90445C7E90021A9
:1076D000FFF716FF88F31188BFF36F8F8368984711
:1076E000EFF31188402383F31288BFF36F8FD9F82B
:1076F0000030DAF800009B1B5045C446C9F8003042
:10770000CBD1D7E900219A1841EBE3730024C7E9F4
:107710000023C9F80040FFF70FFF2146FDF77EF96F
:1077200088F31188BFF36F8FBDE8F84FFFF776BE7F
:10773000DC0A0020EC3100205029002010B5EFF3C6
:107740001184402383F31288BFF36F8FFFF7CEFEBF
:10775000054A0346D2E90001181841EBE37184F3AE
:107760001188BFF36F8F10BD5029002038B5034634
:10777000EFF31185402282F31288BFF36F8FC1604F
:10778000012181600068834206D185F31188BFF32F
:107790006F8F0024204638BDD0E9003213605A6054
:1077A0000023C0E9003306F08BFF29460446024857
:1077B000FFF7A6FCEEE700BFC23D002073B506460A
:1077C0000D4606F002FE80B90B4B9B68D3F8A4402F
:1077D0007CB12A1D09D200200021CDE9000146F02C
:1077E0000401204606F065FB08B9002401E00460AE
:1077F000041D204602B070BDB431002030B599B0F0
:107800000546684600F028F86946044608A800F0D6
:1078100053FA08A90443284600F08AF9204619B013
:1078200030BD00BF70B598B005466846164600F0FA
:1078300013F83146044608A800F046F908A96A463C
:107840000443084600F082F908A90443284600F0E2
:107850006DF9204618B070BD70B50B68124E1BBA9A
:10786000C3614B681BBA83618B681BBA4361CB68E9
:107870001BBA03610B691BBAC3604B691BBA8360F7
:107880008B691BBA4360CB691BBA32460360014661
:107890000446E8F76FFC3146054602462046E8F705
:1078A00089FC681E70BD00BF08F301002DE9F0419E
:1078B00088B00C46064602F12001684606F1200712
:1078C0009046E8F751FF6A4669466846E8F76EFE5B
:1078D00069463846E8F748FF3A463946384604F1E3
:1078E0002005E8F763FE6A4669466846E8F75EFEEB
:1078F00041462846E8F738FF6A4641463046E8F7F1
:107900001BFF2A4629466846E8F750FE2A46694684
:107910006846E8F74BFE124A69466846E8F746FEB5
:1079200069462046E8F720FF324621462046E8F720
:107930007BFE324621462046E8F776FE2246314657
:107940002846E8F771FE6A4629462846E8F7F4FE1D
:107950003A4629462846E8F767FE08B0BDE8F081B8
:10796000E8F30100F0B599B004460D460A46014619
:107970006846E8F759FE69466846E8F7F5FE6A4644
:10798000214608A805F1200604F12007E8F7D4FEF7
:107990006A4629466846E8F7CFFE3246394610A8BF
:1079A000E8F704FE324639463046E8F73DFE3146F8
:1079B0002846E8F7D9FE6A4608A92046E8F7F6FD0A
:1079C000224629462846E8F72FFE6A4608A9684657
:1079D000E8F72AFE6A4639463846E8F7ADFE2A46F9
:1079E00008A96846E8F720FE6A4631463046E8F7BF
:1079F000A3FE3A4631463046E8F716FE10A968461F
:107A0000E8F7B2FE224669462046E8F70DFE08A9CF
:107A100022460846E8F708FE10A908AA0846E8F733
:107A20008BFE3A4610A93846E8F7FEFD19B0F0BDC6
:107A30002DE9F04188B00C46054690460A460146BD
:107A40006846E8F7F1FD69466846E8F78DFE6A4644
:107A50002946284604F12006E8F76EFE05F12007C6
:107A60006A4621466846E8F767FE324639463046A0
:107A7000E8F7DAFD31462046E8F776FE2A46214649
:107A80002046E8F7D1FD6A4621462046E8F7CCFDBE
:107A90006A4629464046E8F7C7FD42463946384619
:107AA000E8F74AFE224629466846E8F7BDFD6A46E1
:107AB00031463046E8F740FE3A4631463046E8F770
:107AC000B3FD08B0BDE8F08170B500F1200690B0BC
:107AD0000D46044600F014F905F12001304600F08F
:107AE0000FF9214608A8E8F73FFE08A908460D4A05
:107AF000E8F75CFD08A922460846E8F71DFE08A93C
:107B0000094A0846E8F752FD31466846E8F72CFE78
:107B1000202269460DEB0200E8F71AFD013810B08B
:107B200070BD00BFE8F30100C8F3010000F002B926
:107B300038B504460D4600F0FDF805F1200104F1CA
:107B40002000BDE8384000F0F5B800BF2DE9F0474F
:107B50001346B8B0544A89468046194610A8E8F73B
:107B600009FB5249024610A8E8F724FB179E4E492C
:107B700000EAD6760746C6F1010210A8E8F71AFB1C
:107B8000179B4A466FEA030A28A918A8FFF78EFE3A
:107B90004FEADA7A20A9CAF10102084600F092F809
:107BA000C7F10107FE246A4618A928A8FFF740FF7D
:107BB000631138AA02EB830304F01F0253F8A03CC0
:107BC000D340554603F0010A8AEA05052A4628A94A
:107BD00018A8E8F74BFB2A4630A920A8E8F746FB8F
:107BE000013C28A918A8FFF7BDFE631CDBD1CAF130
:107BF000010220A908A800F065F886EA0A066A468C
:107C000018A928A8FFF714FF28A9324618A8E8F7F2
:107C10002DFB324630A920A8E8F728FB08A96A46C0
:107C20000846E8F789FD08A9084600F09DF808A96C
:107C300008F1200409F120020846E8F77DFD20A99B
:107C400008AA2046E8F778FD08AA18A96846E8F7C8
:107C500073FD69466846E8F787FD18AA694608A8D3
:107C6000E8F76AFD21466846E8F77EFD08AA6946FE
:107C70001046E8F7D9FC0E4A08A96846E8F7D4FC94
:107C800020462021E8F778FC08A9024644426846CD
:107C9000E8F7ECFA4046074A6946E8F74DFD3C43F1
:107CA000204638B0BDE8F08748F3010068F30100D2
:107CB000C8F3010028F301000A460149FFF746BF57
:107CC00088F3010070B588B004460D4616460021C1
:107CD0002022684606F006FE002329462022204680
:107CE000009306F0D7FD2A4669466846E8F79CFCF3
:107CF000324669462046E8F7B9FA08B070BD00BFC1
:107D00000B681BBAC3614B681BBA83618B681BBAD3
:107D10004361CB681BBA03610B691BBAC3604B6933
:107D20001BBA83608B691BBA4360CB691BBA0360C3
:107D3000704700BFCB691BBA03608B691BBA4360F5
:107D40004B691BBA83600B691BBAC360CB681BBA53
:107D500003618B681BBA43614B681BBA83610B6874
:107D60001BBAC361704700BF70B598B00D46064698
:107D700010A8E8F7F9FC2A4610A96846E8F7DCFCE9
:107D8000694610A8E8F7F0FC10A90846E8F7ECFCF3
:107D90006A4610A908A8E8F7CFFC08A910A8E8F7D8
:107DA000E3FC10A90846E8F7DFFC10A90846E8F74D
:107DB000DBFC10A90846E8F7D7FC10A908AA08467A
:107DC000E8F7BAFC10A90846E8F7CEFC10A9084667
:107DD000E8F7CAFC10A96A4608A8E8F7ADFC052434
:107DE00008A910A8E8F7C0FC10A90846E8F7BCFCF1
:107DF000013C10A9F5D108AA0846E8F79DFC052426
:107E000010A90846E8F7B0FC10A90846E8F7ACFC52
:107E1000013CF5D110A908AA0846E8F78DFC10A985
:107E200008A8E8F7A1FC08A90846E8F79DFC08A9FE
:107E30006A466846E8F780FC1024694610A8E8F70F
:107E400093FC10A90846E8F78FFC013C10A9F5D176
:107E50002A460846E8F770FC402410A90846E8F7CF
:107E600083FC10A90846E8F77FFC013CF5D110A976
:107E70006A460846E8F760FC102410A90846E8F7AF
:107E800073FC10A90846E8F76FFC013CF5D110A976
:107E90006A460846E8F750FC102410A90846E8F79F
:107EA00063FC10A90846E8F75FFC013CF5D110A976
:107EB00008AA0846E8F740FC2A4610A93046E8F729
:107EC0003BFC18B070BD00BF10B50C4C236813B15B
:107ED0000B4B1B682BB900F029FE30B9084B01226F
:107EE0001A6001232360002010BD0138062801D943
:107EF000044810BD044B53F8200010BDF43100209D
:107F0000F0310020FE8FFFFF08F40100BFF34F8F18
:107F10000549064BCA6802F4E0621343CB60BFF325
:107F20004F8F00BFFDE700BF00ED00E00400FA0541
:107F300010B4094B09490A4C4FF0FE32C3F8002433
:107F40004968C3F80424C3F80824C3F80C240023A8
:107F5000C4F8003510BC084700B00250E40A002005
:107F600000A00250D0E90012014BC3E90012704793
:107F7000E40A00202DE9F043134B144E002814BFEF
:107F800004461C4683B02368B34219D00D462046F0
:107F90004FF4E07104F10409174604F58E7800F0FF
:107FA000E9F8484600F0ACFC404600F0DBFA08492E
:107FB00000972B464A46404600F0EAFA08B9266088
:107FC000002003B0BDE8F083F8310020A5BCC95AF9
:107FD0008989010070B51D460C4B002818BF034667
:107FE0000B481E68864282B00DD1002603F58E70C4
:107FF00000963346144600F017FB002818BF34469D
:108000002C6002B070BD0348FBE700BFF8310020D0
:10801000A5BCC95AE88FFFFF10B5044650B163688C
:1080200013F0685F05D0064A934202D00023236014
:10803000626010BD034B04485B689847EFE700BFE0
:108040002C5F5CA9E40A002024F40100C8B1436855
:108050000D4A934213D013F0685F0ED0012350E80D
:10806000002F194640E8001C9CF0000FF7D1012AB0
:10807000F5D0BFF35F8F0020704704487047044875
:1080800070476FF4E04070472C5F5CA9E98FFFFFF9
:10809000EA8FFFFF80B14368094A93420AD013F088
:1080A000685F05D0BFF35F8F0023036018467047F9
:1080B00004487047044870476FF4E040704700BFC1
:1080C0002C5F5CA9E98FFFFFEA8FFFFF10B5044624
:1080D00020B1044B63600022226010BD0248FFF70C
:1080E00027FFF6E73A00003A4CF4010070B5D0E9FA
:1080F0000023174C174D6360D0E90230C4E9023009
:1081000022604868D1F800C0134BC3E900C0D5F81D
:108110001801D1F808C0C3F808C010F0685FD1F8A2
:108120000CC00969C3F80CC0196110D00B49C5F81F
:10813000BC110023C5E9453105F58A70C5F8B83191
:108140009047236805F5DC70BDE87040184770BDA6
:10815000000B0020F8310020EC0A00202C5F5CA905
:1081600038B131B1014400220346013081421A7016
:10817000FAD1704738B131B10144002203460130D1
:1081800088421A70FAD170472DE9F04FB2F5C07FDE
:10819000B5B000F2D780DFF8B49114460D464FF425
:1081A000D07200210DF15C080746484606F09AFBA4
:1081B000404601F051F9002309F11806A9F81030E2
:1081C00063BA29462246A9F812303046202389F89E
:1081D000173006F05FFB5E4B079303F104338022F8
:1081E000089303F104330993325503F1043307A9CB
:1081F00040460A9301F046F9824600287FD104F1F7
:1082000019030BAE0FAC02930397019604940198E7
:10821000DFF840B11022002106F064FBDDF808A071
:1082200005940E9B5BF8044C5BF80C7C0B995BF897
:10823000100C5BF8085CDDE90C625C40019B7E4041
:10824000554081EA00071A4601214046CDE90B76E8
:10825000CDE90D5401F030F9BAF1100F94BFAAEB3B
:108260000A0AAAF1100A0BF1100B002865D1BAF125
:10827000000FD6D1059C01992046102206F00AFB7A
:1082800099F8033010340133A04589F80330BED18A
:10829000049C039F019E80222146404601F0F2F893
:1082A000824670BB07F120093D4613AB1A460121F7
:1082B000404601F001F91022824613A928461544D0
:1082C000BAF1000F1DD106F0E5FA4D45EDD140465B
:1082D00001F0D2F81D484FF4D071FFF74BFF204654
:1082E0002021FFF747FF07A81021FFF743FF304683
:1082F0001021FFF73FFF504635B0BDE8F08F0FACBF
:108300000BAE404601F0B8F810484FF4D071FFF7BB
:1083100031FF20462021FFF72DFF07A81021FFF78E
:1083200029FF10213046FFF725FF20213846FFF7AF
:1083300021FF504635B0BDE8F08F039F019E049C9D
:108340008246DEE76FF0370AF3E700BFC83300204C
:1083500000010203D83300202DE9F04188B0044623
:108360000D4620220021684606F0BCFA04F12006E2
:108370006F46E27B0132D2B2E273002A4DD1A27B7A
:108380000132D2B2A273002A47D1637B0133DBB240
:108390006373002B41D1237B0133DBB22373002BAA
:1083A0003BD1E37A0133DBB2E372002B35D1A37A00
:1083B0000133DBB2A372002B2FD1637A0133DBB21E
:1083C000637253BB237A0133DBB223722BBBE37995
:1083D0000133DBB2E37103BBA3790133DBB2A371D9
:1083E000DBB963790133DBB26371B3B9237901334C
:1083F000DBB223718BB9E3780133DBB2E37063B98D
:10840000A3780133DBB2A3703BB963780133DBB2ED
:10841000637013B92378013323703B462246012150
:10842000304601F049F8804650BB103708AB9F42F8
:108430009FD1029AAB68039F07995340029330463D
:10844000EE68009B7E400396049F2E697E40049652
:108450006E69059F7E400596069FAE697E40069632
:10846000EE697140079129684B40009301996B6850
:1084700080224B406946019301F004F8804638B1F0
:1084800068462021FFF776FE404608B0BDE8F0813F
:1084900010220DEB0201204606F0FCF9F0E700BFC8
:1084A0002DE9F84304468069B0F5C07F52D81D46D7
:1084B000C0F5C073AB424DD3C5F5C0731B1A9342D0
:1084C000164647D3DFF898904FF4C0720F464846DF
:1084D000002106F007FAD4F89430A269D4F8980085
:1084E00049469847002838D1D4F818803DB1D4E9DE
:1084F00025302A4609EB0801984770BBA84407B10C
:10850000C6B9174942460846FFF73EFE054638B150
:1085100013484FF4C071FFF72DFE2846BDE8F883DD
:108520000F492046FFF718FF05460028F0D1012328
:108530002361EDE709EB08003946324606F0AAF957
:108540000749B04442460846FFF71EFE054600288C
:10855000DED1E5E76FF03705DFE76FF03305DCE7E5
:108560006835002010B5A4220446002106F0BAF9AF
:10857000064B4FF0FF314FF6F0722161E26104F1DA
:108580009C001B68BDE81040184700BF500B00203E
:108590002DE9F04385B005460F461646002110220E
:1085A0006846994606F09EF91D4B05F19C081B682C
:1085B0004046984720B10446204605B0BDE8F08308
:1085C00005F12004204600F047FFAA69C5E9257699
:1085D0002E69E2B92022002EAA611FDB20466946DF
:1085E000802200F04FFF044630B90C9A33464946CA
:1085F0002846FFF755FF04460A4B40461B6898473C
:10860000002818BF0446204605B0BDE8F083002EC0
:10861000E4DA172A02D801325608DFE70026DDE740
:108620004C0B0020480B00202DE9F04F8DB0B2F527
:10863000806F169F00F2E380B7F5807F00F2DC8048
:10864000044615460E462022002104A8984606F04E
:1086500049F96C4B04F19C091B68484698478346CE
:10866000002840F092802269E3699A4200F39180E9
:108670006369002B40F08D80002F40F0A980DFF867
:1086800088A16F46002D00F0988004F120086F4605
:108690000EE0102DAB4628BF4FF0100B30465A4667
:1086A000394606F0F7F8B5EB0B055E4400F085801F
:1086B000E37B0133DBB2E373002B4DD1A37B0133AA
:1086C000DBB2A373002B47D1637B0133DBB263734F
:1086D000002B41D1237B0133DBB22373002B3BD131
:1086E000E37A0133DBB2E372002B35D1A37A013395
:1086F000DBB2A372002B2FD1637A0133DBB263723A
:1087000053BB237A0133DBB223722BBBE3790133F2
:10871000DBB2E37103BBA3790133DBB2A371DBB935
:1087200063790133DBB26371B3B923790133DBB20F
:1087300023718BB9E3780133DBB2E37063B9A378BB
:108740000133DBB2A3703BB963780133DBB26370F2
:1087500013B92378013323703B462246012140465A
:1087600000F0AAFE8346002893D0DAF8003048468D
:1087700098472021034604A8002B18BF9B46FFF70B
:10878000F9FC10213846FFF7F5FC58460DB0BDE85E
:10879000F08F3A46414600232046FFF781FEDFF87E
:1087A00068A000283FF46DAFDAF8003048469847DB
:1087B000834600283FF465AFE7E704A92046FFF7AA
:1087C000CBFD83460028D0D1236901332361CCE758
:1087D0003A46414604A8FFF7D7FC834618B1DFF8B4
:1087E00028A06F46C1E704A92046FFF7B5FD8346E0
:1087F00000283FF444AFF2E76FF0370BC5E76FF0A6
:10880000350BC2E74C0B0020480B00202DE9F0434C
:10881000202B8BB01D4606468846914626D8DBB2F3
:1088200002AF8DF80480B0468DF8053058F8041B6F
:1088300021B9404600F084FE044640B9012333606C
:10884000022201A9404600F08FFE044638B13846A6
:108850002021FFF78FFC20460BB0BDE8F0832A46AD
:108860004946404600F080FE0446F0E702AF194654
:10887000104600233A4600F0FDFF04460028E6D1EA
:108880002023B9461D46CCE7F0B5D0F8F830A7B0A4
:10889000002BD8BF02AE2CDDD0F80C4105460023DA
:1088A00002AE0193A4F10107D0F80001D5F8FC4015
:1088B00001AB90223146A047B7FA87F77F090446FB
:1088C00010B9019B3BB9A7B130469021FFF752FC8C
:1088D000204627B0F0BD014632462846FFF796FFF6
:1088E00050B9D5F80431019A1344C5F80431002F6A
:1088F000EAD16FF03C04E7E70446204627B0F0BD1C
:1089000070B50025044604F5887614222946C0F87F
:10891000F850FC3005F0E6FF08222946304605F005
:10892000E1FF154B30461B689847204640F8045B32
:1089300000F0ECFD114B30461B689847D8B9D4F8CD
:10894000F830AB4211DC03EB830204EB82022021FE
:10895000C2F808110121C2F80C1101330849C2F80C
:108960000001C2F8FC10C4F8F830064B30461B6812
:10897000BDE87040184770BD500B00204C0B002024
:108980005D930100480B00202DE9F047202A88B0B4
:1089900079D83E4B00F588791B680446484617464F
:1089A000884698470546F8B9D4F8F83040F20116E1
:1089B000002B64D02046FFF767FF054638B9D4F88E
:1089C000F830002B14DC013EF2D16FF03B056E460F
:1089D00020213046FFF7CEFB2D4B48461B689847B9
:1089E000002818BF6FF01D05284608B0BDE8F087C5
:1089F000D4E94132934203D3D4F80C21012A02D0A6
:108A0000013ED7D1E1E71F2BFAD96E46014620225D
:108A1000304604F1040A05F065FF3146504600F087
:108A2000CDFD05460028D3D1504600F083FD5046C9
:108A300000F06CFD2946504600F082FD05460028F6
:108A4000C6D150462022314600F08EFD0546002852
:108A5000BED1034632462021304600F00BFF0546CA
:108A60000028B5D1D4F8F830002BC4BF0023C4F8D7
:108A700004313A464046314605F00CFFA8E76FF056
:108A80003F056E46A4E76FF03B05ADE74C0B0020B9
:108A9000480B002030B58DB00021282202A801919A
:108AA00005F020FF02A800F00DFF044610B120469B
:108AB0000DB030BD174D4FF0FF31286800F044F97C
:108AC000044620B11448FFF733FA012C18D00020D7
:108AD00000F06AF9D0B9114A02A901A800F030FCEF
:108AE0000446012000F060F960B9286800F034F90C
:108AF0000028DCD00A48FFF71BFA20460DB030BD35
:108B00000524F2E70748FFF713FAEEE70648FFF7F8
:108B10000FFAE0E7340B002070F40100E836002083
:108B2000C8F40100A8F4010088F4010030B583B056
:108B300000F05CF828B100F0ABF80324204603B045
:108B400030BD00F077F8D8B900F02EF9E0B9224C2A
:108B5000D4F828391B0EF02B0AD1D4F8242A1F4B45
:108B60009A4231D000F044F8072400F091F8E5E78C
:108B700000F03EF800F08CF80624204603B030BD2B
:108B80000424204603B030BD00F032F800F080F835
:108B9000FFF780FF044698B9114D2B68002BCDD10B
:108BA00002460146FFF7E6F950B90E4901AB6822CB
:108BB000FFF710FA20B90C4B2B60204603B030BDF4
:108BC0000524204603B030BD012000F0EDF8002858
:108BD000DAD1C4F80C0ADBE700B002500000E02054
:108BE000083900200C3900205AEA5A5A00207047F0
:108BF00000207047430504D5044B4FF0FF32C3F803
:108C00000821024BC3F8080A704700BF00B00250A9
:108C1000014BC3F8040A704700B0025008B100F0DD
:108C20006BB84FF47500704708B100F04FB84FF4BF
:108C30007500704710B5114800F072F800B110BD12
:108C40000F4800F06DF80028F9D10E4C204600F0D6
:108C500067F80028F3D10C4B0C481C6000F060F85A
:108C600001460028EBD100F02DF8044608B120465B
:108C700010BD00F07BF82046FAE700BF440B00204F
:108C8000400B00203C0B0020340B0020380B002050
:108C900008B5084800F04EF8074800F04BF80748C0
:108CA00000F048F8064800F045F8BDE8084000F03C
:108CB0000BB800BF440B0020400B00203C0B0020F1
:108CC000380B002000207047704700BF10B4094CDB
:108CD0000246D4F8003A1342FBD021B1D4F8043153
:108CE0000B60C4F80831034BC3F8082A002010BCFD
:108CF000704700BF00B00250044AD2F8003A184250
:108D0000FBD0C2F8080A0020704700BF00B0025034
:108D100005F0CEBD05F0E6BD0A46002105F0E2BD36
:108D200008B5034B02681B6810689847002008BD0F
:108D3000000B002008B5034B02685B681068984779
:108D4000002008BD000B0020024B02689B681068E1
:108D5000184700BF000B002008B5034B0268DB6812
:108D600010689847002008BD000B002070B5094C22
:108D7000094D2069AB68984718B1084B08485B68F3
:108D80009847084AEB68206900211160BDE87040EF
:108D9000184700BFEC0A0020000B0020E40A002066
:108DA000E0F4010074390020F8B51A4D1A4E04465B
:108DB000B26828699047E8B9184F3B684CB1A3B135
:108DC000012B19D0013B3B602869F36898470020CC
:108DD000F8BD43B9124A0121C2F800151149D1F872
:108DE0001029002AFBD101333B60F36828699847BA
:108DF0000020F8BD0C48F8BD0A4AD2F81039002B03
:108E0000FBD1074A6FF07E40C2F80035FFF700FF44
:108E10003B68D7E7EC0A0020000B002074390020E3
:108E200000A0025000B00250E98FFFFF014B1B6809
:108E3000184700BF000B0020014B9B68184700BF7C
:108E4000000B0020014BDB68184700BF000B00201F
:108E50002DE9F047002878D00C46002975D01D4632
:108E6000002B72D007461AB1012200232A6003604A
:108E70002B68002B64D02946204600F0DBFD80469D
:108E800000285FD12868214600F0BAFD80460028FE
:108E900058D12B68082B6CD0042B6DD0A3F102099C
:108EA000B9FA89F94FEA5919354E0121C6F8C411AA
:108EB000C6F84011C6F8C411636AC6F83031D6F856
:108EC00030219342F6D14FF0000A4FF0FF30C6F840
:108ED0002CA1FFF78FFE6FF01B03C6F80031504640
:108EE000FFF796FEC6F80C91D6F8040A40F48060AD
:108EF000FFF78EFE0A23C6F83831089B012B29D0D4
:108F00002369204AA2FB03231B09626A02FB03F3C5
:108F100003EB43031A4ADB039B09C2F8D831012350
:108F2000C2F82C313B682A6823F07F4343EA02638E
:108F30003B602A6843EA02233B604046BDE8F08775
:108F4000DFF844804046BDE8F087DFF840804046C7
:108F5000BDE8F0874FF08053D3F80C2C013206D0D7
:108F6000D3F80C3C074AA2FB03231B09CDE71623C9
:108F7000CBE74FF0030997E74FF0020994E700BFF2
:108F800000B00250ABAAAAAA310CF100350CF100D6
:108F900050B34B1EB3F5047F26D24FF0000C30B512
:108FA000CD00E6466446630904F01F0150F8233003
:108FB0001F2923FA01F306D003F001031CB9012491
:108FC0009E46A446EFE79E4504F1010406D09E4666
:108FD0004FF0010CAC42E6D1002030BD0CF1010C89
:108FE0009445F7D1014830BD00487047360CF10078
:108FF000C8B32DE9F0434C1EB4F5047F1CD2DBB19D
:10900000D2B14FF0000ECF007646F046754603F120
:10901000FF396C0905F01F0150F824401F2924FA7C
:1090200001FC0CD00CF0010C4DB90126E046354690
:10903000B646EEE7964218D90D48BDE8F083734571
:109040000CD0C44508BF0136F145F3D00EF1010E36
:109050000135BD42DDD10020BDE8F0834FF0010EA7
:10906000E0467646F4E7024870479E46F0E700BFC8
:10907000370CF1002DE9F04F91B00D46DDE91B41B1
:10908000824600296ED1286906901A981C60002338
:109090000360002A00F02E819C4B6A6AD3F83811D5
:1090A000D3F830319A4269D10A2967D19AF803304E
:1090B000089304F1080306990793954B934CA3FB7F
:1090C00001239B0803EB4303A1EB43030393042316
:1090D00005931A9B069E1E60002E00F0E980002773
:1090E00000F0B8FC0997BAF1000F00F0D580DDF868
:1090F0001C804FF00109002D00F0CE80089B002B52
:109100003ED008A9284600F095FC00283AD0814BB3
:10911000984220D0089B082B00F0E4805B000022DE
:109120000893009208AB29465046FFF791FE7A4B10
:10913000984200F0D38070B9DAF80020130A03F4E3
:109140007F03134323F07F43CAF80030059B013BA4
:109150000593BED10020039000F07CFC039811B071
:10916000BDE8F08F4FF08050D0F80C6C013614BF82
:10917000D0F80C0C4FF40470069086E76748EAE7D5
:109180006548C4E70898294600F03AFC0028BED19B
:10919000089B082B00F0A880042B00F0A880A3F106
:1091A0000203B3FA83F35B090493C4F8C491C4F8CF
:1091B0004091C4F8C4916B6AC4F83031D4F83021BE
:1091C0009342F6D14FF0000BC4F82CB14FF0FF30B2
:1091D000FFF710FD6FF01B035846C4F80031FFF78E
:1091E00017FD049BC4F80C31D4F8040A40F48060E5
:1091F000FFF70EFD0A23C4F838312B69ABF1553B5C
:10920000ABFB03236A6A1B0902FB03F303EB430373
:10921000DB039B09C4F8D831C4F82C91DAF800308C
:10922000089923F07F420B0243EA01631343CAF813
:10923000003009A800F0D4FB099B03F01A03034394
:109240007FF468AFABFB063BD4F814310A93D4F833
:1092500018310B93D4F81C310C93D4F820310D93B2
:10926000D4F824310E93D4F828310F93B7EB9B0F29
:1092700001D1039B93B9404618220AA9183EFFF773
:1092800047FD08F11808013796B100F0E3FB002311
:109290000993002D7FF432AF214838E74046F61A93
:1092A0001A460AA998440137FFF732FD002EECD187
:1092B000069F079E6A6939463046FFF769FEAA692C
:1092C00040B94FF4806339463046FFF791FE0028DD
:1092D0003FF440AF1A9A0023136018E72B6A002B63
:1092E0003FF439AF0F4836E7032304935DE70223C9
:1092F00004935AE7009108AB012229465046FFF734
:10930000A7FD00283FF4D5AE25E700BF00B002500E
:10931000ABAAAAAA020CF100310CF100300CF1004A
:10932000350CF100320CF10010B4DDE90134019488
:10933000039C02940024039410BCFFF79BBE00BF63
:1093400010B586B005AB0124CDE9012400930022BD
:1093500004ABFFF78FFE06B010BD00BFF0B587B0BD
:10936000002966D01E46002B63D01446002A60D028
:10937000314F0D4638684FF0FF31FFF7E5FC00280C
:109380004DD10020FFF710FD002844D12B4800F0FC
:1093900099FA0346D8B101204FF0FF35FFF704FDDD
:1093A000002834D126484FF40871FEF7D9FE25482D
:1093B0000421FEF7D5FE21482821FEF7D1FE3868AA
:1093C000FFF7CAFC00282ED1284607B0F0BD1C4A82
:1093D000029205AA019204AA039000921749194823
:1093E0001A46FFF7A1FF03460028D4D128461D46A0
:1093F000059B04999C42224628BF1A4632600831D8
:10940000FFF786FC0120FFF7CFFC0028CAD00E48EA
:10941000FEF78EFDC6E70D48FEF78AFDB6E70C485D
:10942000FEF786FDADE70B48FEF782FD284607B044
:10943000F0BD4FF0FF35C7E7340B00207C3900202A
:10944000A439002078390020A8F4010088F4010034
:1094500070F4010000F5010010B5044630B100229F
:1094600001236265A265E365236610BD0148FEF72E
:109470005FFDF4E718F5010018B174220021FFF731
:1094800049BC704790B1A1B110B5802A4FF00004DB
:10949000846380F83C4006D1102204631044FFF737
:1094A00037FC204610BD6FF01F0010BD6FF021008B
:1094B00070476FF01F00704728B322B31BB3012918
:1094C00021D870B50446816B86B017D0012917D119
:1094D000102500210DEB05066163104600950196ED
:1094E00002AA294600F0C2FA50B92B46324602A918
:1094F000204600F043FD18B906B070BD0029E7D042
:109500006FF02100F8E76FF02100704710B50446B6
:1095100028B12046F421BDE81040FFF7FDBB044808
:10952000FEF706FD2046F421BDE81040FFF7F4BB2E
:109530002CF5010010B1F421FEF712BE704700BFF8
:1095400008B521B1012908D06FF0360008BD01210E
:1095500000F058F80028F7D108BD022100F052F8B9
:109560000028F9D0F0E700BF30B505468818B0F5FF
:10957000801FA1B00B46144601D8802A0CD9B3F540
:10958000801F17D922461946284600F07DF8044668
:1095900084B9204621B030BD6846FFF7B9FB2246AA
:1095A0006946284600F070F8802104466846FFF7B7
:1095B000B3FBEDE76FF03604EBE700BF70B5E8B141
:1095C0000E46D9B1044600F031F80546B0B923681B
:1095D000012B0BD0022B01D0284670BD1C2204F1B8
:1095E00008013046FFF794FB284670BD202204F1A5
:1095F00008013046FFF78CFB284670BD6FF036053A
:10960000EAE700BF78B138B504460D46F021FFF710
:1096100083FB40232560E365204600F05BFA0038B9
:1096200018BF012038BD0120704700BF70B5056E1E
:10963000A4B0044604AEE5B90122002362603046BE
:10964000CDE9003302AA294600F010FA10B101203A
:1096500024B070BD2A4602A9204600F063FA002813
:10966000F5D1204600F074FB0028F0D1206624B02C
:1096700070BD802D2A4600F1640128BF802230464B
:10968000FFF746FB256ED7E7002800F0AE802DE9F6
:10969000F04F1446A5B0002A3DD00F46002949D00E
:1096A000B2F5803F0546006E20D34FF6FF7805F1F6
:1096B000640AEB6D1A1AB2FBF3F103FB1122002AC4
:1096C00065D18342B9464FF6FF7672D0B6FBF3FB05
:1096D00003FB0BFBBBF1000F30D1002E45D1A4F5ED
:1096E0007F44FF3CB4F5803F4744E2D2EA6D161A4E
:1096F000B6FBF2F302FB1366A64228BF2646002EF5
:1097000075D1824200F08D80B4FBF2F602FB06F6C2
:109710002EB9002C79D1002025B0BDE8F08F0023B0
:10972000CDE9003302AA3146384600F09FF90028FF
:1097300000F09580012025B0BDE8F08F0023CDE931
:10974000003302AA5946484600F090F90028F1D1AA
:1097500002A95A46284600F0E5F90028EAD1A6EB0E
:109760000B06286ED944002EB9D01930494605EBB6
:1097700080003246FFF7CCFAA4F57F44286EFF3C08
:109780003044B4F5803F4744286692D2AEE7424564
:1097900028BF4246504439461646FFF7B9FA286EAC
:1097A000EB6D3044834207EB06092866A8EB0606FA
:1097B0008CD1802B28BF80231A46514604A8FFF77E
:1097C000A7FA0023CDE9003302AAE96D04A800F04E
:1097D0004DF90028AED1EA6D02A9284600F0A2F9A1
:1097E0000028A7D1EB6D286670E70120704705F1CE
:1097F0006403394632461844FFF78AFA286EEA6D48
:109800003044A41B374428667BE72B6E193305EBE5
:10981000830022463946FFF77BFA2B6E23442B66E2
:1098200079E7802A28BF802205F1640104A8FFF7A8
:109830006FFA0023CDE9003304A8E96D02AA00F015
:1098400015F900287FF476AFEA6D02A9284600F0EA
:1098500069F900287FF46EAFEA6D286654E702A923
:109860003246284600F05EF900287FF463AF3744A3
:10987000A41B4EE7F8B51C46054611480E46174690
:10988000FFF744FE21460E48FFF75AFE044620B17A
:109890000B48FFF74FFE2046F8BD094832462946DF
:1098A000FFF762FE04460028F2D139460448FFF76C
:1098B00085FE04460248FFF73DFE2046F8BD00BF86
:1098C000C43B002030B583B01C2301A90546019399
:1098D00000F032F8044638B9019B1C2B07D0144C19
:1098E0001C212846FFF718FA204603B030BDD5E901
:1098F0000112131E18BF012300392A6818BF012165
:109900009B0043EA4103002A18BF43F00103EA68C1
:109910000120E8612AB9C5E90834002BE4D1054CDF
:10992000DEE743F008032046C5E9083403B030BD44
:10993000370CF0000E0CF00018B111B10B681C2BA5
:1099400001D0012070474FF08053D3F8102C013222
:1099500014BFD3F8102C41F25C224FF08053026008
:10996000D3F8142C013214BFD3F8142C41F664122E
:109970004FF080534260D3F8182C013214BFD3F853
:10998000182C40F6D8624FF080538260D3F81C2C1C
:10999000013214BFD3F81C2C41F288324FF08053AF
:1099A000C260D3F8002C013214BFD3F8002C9022EF
:1099B0004FF080530261D3F8042C013214BFD3F866
:1099C000042C51224FF080534261D3F8082C01320D
:1099D00014BFD3F8083C40F237338361002070474E
:1099E00008B501464FF48060FFF71EF9034B0022D3
:1099F000C3F8C821C3F82C2108BD00BF00B0025035
:109A00000138072805D8DFE800F0100E040A040426
:109A1000040607487047CB684B62002070478B688C
:109A20004B62002070474B68F6E70B68F4E700BF15
:109A3000310CF1000B6802E0082B0B6006D8026ABB
:109A400013424FEA4303F7D00020704700487047A5
:109A5000310CF100044B0022C3F82C214FF480603C
:109A6000C3F8C421FFF7C6B800B00250F0B583B008
:109A70001D46B0F1005F4FF000038DF8073024D38E
:109A80008C468444BCF1804F04461ED817460DF125
:109A90000703012200F064FE0646B0B9099A9DF85A
:109AA00007303C603B7192B14DB1024608990DF10F
:109AB0000703284600F054FE38B99DF80730099A8C
:109AC00030461560137103B0F0BD4FF47506304693
:109AD00003B0F0BDD8B108B50368012B04D0022B48
:109AE0000FD043B10B4808BD0B4920220830FFF7C7
:109AF0000FF9002008BD094914220830FFF708F9C2
:109B0000F7E7074920220830FFF702F9F1E74FF4A1
:109B1000730070470100F3003CF501007CF5010083
:109B20005CF501002DE9F843002900F0F9800446B6
:109B3000002800F0F980036890460F46002B00F0E3
:109B4000C380013B012B00F2D78079484FF0FF31F1
:109B50004FF00209FFF7F8F8002840F0BF8000201E
:109B6000FFF722F90646002840F0C280714AD2F879
:109B70001C39002BFBD16F4DD5F8203C002BFBD1BD
:109B80004FF0FF30FFF736F8D5F8040A20F0400018
:109B9000FFF73EF801230722C5F81838C5F8002959
:109BA000C5F8C437A36CC5F8CC37E36CC5F8D0371B
:109BB000C5F8C09723685BB1013B012B18D8636AD5
:109BC000C5F85C36236AC5F85836E369C5F85436DB
:109BD000584BA269C3F850266269C3F84C26226923
:109BE000C3F84826E268C3F84426A268C3F84026B2
:109BF000504AD2F81039002BFBD1B8F1000F5FD0DA
:109C00006368012B08BFC2F884364A4B3A68C3F830
:109C1000282C4020C3F82C8CFFF700F80646454A54
:109C2000D2F81039002BFBD1424AD2F8203C002B4D
:109C3000FBD123685BB1013B012B18D8D2F85C360D
:109C40006362D2F858362362D2F85436E361394B56
:109C5000D3F85026A261D3F84C266261D3F8482687
:109C60002261D3F84426E260D3F84036A360314A3B
:109C7000D2F8CC17A164D2F8D017E16400230121F7
:109C8000C2F8C417C2F88436C2F8C837D2F81039FF
:109C9000002BFBD1C2F81838002E3BD1254BD3F84E
:109CA000040A40F04000FEF7B3FF0120FFF77CF804
:109CB00060BB1F48FFF750F810BB3046BDE8F88383
:109CC0000423C2F8C837AAE719484FF0FF314FF014
:109CD0000109FFF739F800283FF441AF1648FEF7B5
:109CE00027F90020FFF760F8064600283FF43EAF52
:109CF0001248FEF71DF939E7114E3046BDE8F883EA
:109D00001048FEF715F93046BDE8F8830E48FEF717
:109D10000FF9CEE7102104F10800FEF7FDFFBDE7C3
:109D20000A4E3046BDE8F8834FF47306C5E700BF1E
:109D3000440B002000B0025070F4010088F40100D0
:109D40000100F300C8F40100A8F401000300F300CF
:109D500098B370B4D0E90241D0E9042326BA0DBA11
:109D600014BA19BAD0E9062312BAC0E904418261D3
:109D7000D0E90842C0E902651BBA25BAC0E9073537
:109D800014BAD0E90B23816A12BA09BAC0E90941B1
:109D9000C262D0E90D421BBA25BAC0E90C3514BA2B
:109DA000D0E91023C16B12BA09BA1BBAC0E90E413F
:109DB000C0E91023002070BC70474FF47300704757
:109DC000002847D090F83C30002B34D0032B10B53E
:109DD00013D02248224C2268224B1268C3F8002478
:109DE00022685268C3F8042422689268C3F80824E1
:109DF0002268D268C3F80C2410BD016B006C184CAB
:109E000000F0A8FB0028E6D12268164B1268C3F8C0
:109E1000002422685268C3F8042422689268C3F8B8
:109E200008242268D268C3F80C2400F0A1FB0028A3
:109E3000D1D1002010BD0B4B0269C3F80024426948
:109E4000C3F804248269C3F80824C269C3F80C2447
:109E5000002070474FF47100704700BF0900F10007
:109E6000300B002000B00250374A38B50446D2F813
:109E70001039002BFBD1344AD2F87034002BFBD1BF
:109E8000314AD2F8203D002BFBD12F4AD2F8203C9A
:109E9000002BFBD12C4AD2F8383D002BFBD12A4DA8
:109EA000D5F8383C002BFBD14FF0FF30FEF7A2FE77
:109EB000636BD5F8040A23F00403032BE36D39D058
:109EC000012B0CBF20F0800020F02000FEF7A0FE48
:109ED0001D4A0123C2F80039D2F81039002BFBD1FA
:109EE000194AD2F87034002BFBD11749C2F8BC34A0
:109EF000D1F81039002BFBD1134AD2F87034002B63
:109F0000FBD1626B22F00401032918BFA36B0E4939
:109F10004FEA820218BF03F0010302F01C021A4349
:109F2000C1F8C024636B072B04BF0123C1F87C3444
:109F3000002038BD012B0CBF20F0400020F01000A5
:109F4000FEF766FEC4E700BF00B00250094A0A4BA4
:109F500011680968C3F8001411684968C3F804144B
:109F600011688968C3F808141268D268C3F80C2411
:109F7000704700BF300B002000B002502DE9F04FB9
:109F800085B0002900F0EC809046002A00F0E880BF
:109F90000546002800F029819946C36D0E46002B26
:109FA00052D1B9F5805F54D295F83C30042B00F0C3
:109FB000FF800027AD484FF0FF31FEF7C5FE0028B7
:109FC00040F0D5800020FEF7EFFE002840F0D8805A
:109FD000A7480123C0F81038D0F81049002CFBD155
:109FE0006B6B032B3ADC002B3BDAA24CA04AD2F875
:109FF0001039002BFBD1002F40F0D1806B6BEA6D44
:10A0000023F00403032B9A4BD3F8040A00F09F803B
:10A01000012A0CBF40F0800040F02000FEF7F8FD60
:10A02000934B0022C3F810280120FEF7BDFE002844
:10A0300040F0B1808D48FEF78FFE002840F0A480EC
:10A04000204605B0BDE8F08F012BADD1B9F5803FBA
:10A05000AAD3894C204605B0BDE8F08F063B012B02
:10A06000C3D8AB6B012B00F2BE80EB6D012B7CD80B
:10A070002B6E012B00F2E8802846FFF7F5FE044620
:10A080000028B3D12846FFF79BFE04460028ADD137
:10A090006B6B072BA9D801229A4012F08A0F40F06F
:10A0A000D58012F0440F40F0BA80D2079DD523F03E
:10A0B0000403032B32680DD02B6ED8F80010012B4F
:10A0C0006B4B0BBFC3F8281DC3F8301DC3F82C9D84
:10A0D000C3F8349DEB6D012B654B0BBFC3F8282CE7
:10A0E000C3F8302CC3F82C9CC3F8349C6B6B23F062
:10A0F0000403032B00F0A2802B6E012B14BF202041
:10A100008020FEF78BFD044600287FF46FAF584B8C
:10A11000D3F81049002CFBD1696B072914D8012210
:10A120008A4012F08A0F40F0BB8012F0440F0BD02F
:10A13000D3F860242A60D3F864246A60D3F86824D2
:10A14000AA60D3F86C34EB600123AB654EE7012ABB
:10A150000CBF40F0400040F01000FEF759FD5FE7F3
:10A16000464C204605B0BDE8F08F454C3EE74548DB
:10A17000FDF7DEFE0020FEF717FE00283FF428AFB3
:10A180004148FDF7D5FE23E74048FDF7D1FE2046C4
:10A1900005B0BDE8F08F3E48FDF7CAFE4AE704234C
:10A1A00085F83C30202105F11000FEF7B5FD25E7CC
:10A1B000296B286C00F0C0F998B9364F2C4C3B68DD
:10A1C0001B68C4F800343B685B68C4F804343B681F
:10A1D0009B68C4F808343B68DB68C4F80C34296B0E
:10A1E00031B10127E6E62C4C00E74FF4710427E774
:10A1F0002B6D0193EB6C009305F1100A4FF0100BDF
:10A20000CDF808A0CDF80CB0D5E91123286C00F0EA
:10A21000B9F9002851D1002385F83C30E1E7144B0F
:10A220002A68C3F860246A68C3F86424AA68C3F87B
:10A230006824EA68C3F86C246B6B38E7EB6D012B7C
:10A2400014BF102040205CE7144CCFE6084B2A686E
:10A25000C3F840246A68C3F84424AA68C3F84824B1
:10A26000EA68C3F84C246B6B21E700BF440B002065
:10A2700000B002500100F1000500F1000B00F100F8
:10A280000300F10070F4010088F40100C8F401003B
:10A29000A8F40100300B00200200F1000400F100DE
:10A2A000D3F840242A60D3F844246A60D3F84824C1
:10A2B000AA60D3F84C34EB6046E73B681B68C4F8EF
:10A2C00000343B685B68C4F804343B689B68C4F89E
:10A2D00008343B68DB68C4F80C3459465046FEF736
:10A2E0001BFD98E72DE9F04109B302B304460028AD
:10A2F00000F0AF801D46436B072B0E461BD05DB9A7
:10A30000032B10D1836D73B900F164034566856634
:10A31000C56605670B6010252B4631462046BDE813
:10A32000F041FFF72BBE2F463846BDE8F081764F4F
:10A330003846BDE8F081C36D002B40F08D80B5F547
:10A34000805F80F090801DB9A36D002B40F08B8062
:10A350006E484FF0FF31FEF7F7FC002840F08F8089
:10A360000020FEF721FD002840F08580684A012387
:10A37000C2F81038D2F81039002BFBD1636B032BD5
:10A380004FDD063B012B4ED8A36B012B6DD8E36D3F
:10A39000012B78D8236E012B77D82046FFF764FD78
:10A3A0000746002840D12046FFF70AFD074600284F
:10A3B0003AD1626B072A36D80123934013F08A0FF3
:10A3C00040F0818013F0440F6FD1DB072BD5504B49
:10A3D0000122C3F87C24C3F8BC543168002D56D147
:10A3E000A16D09B9C3F82425494BD3F81079002F82
:10A3F000FBD1616B072917D801228A4012F08A0F1E
:10A400006FD112F0440F0FD0D3F860242260D3F83C
:10A4100064246260D3F86824A260D3F86C34E360EB
:10A4200002E0002BB0DA3B4F394AD2F81039002B4A
:10A43000FBD1C2F810380120FEF7B6FCB8B933489A
:10A44000FEF78AFC00283FF46FAF3348FDF770FD3C
:10A450006AE74FF4710767E7012B7FF474AFB5F536
:10A46000803FFFF470AF2D4F5EE72D4FDCE72D48A6
:10A47000FDF75EFDE3E72C48FDF75AFD76E72B4834
:10A48000FDF756FD6CE72A4FCEE72A4FCCE7E26D89
:10A49000012A33D0C3F8301C1020C3F8345CFEF717
:10A4A000BDFB074600289FD0BEE7194B2268C3F8C2
:10A4B00060246268C3F86424A268C3F86824E26870
:10A4C000C3F86C2483E7124B2268C3F84024626807
:10A4D000C3F84424A268C3F84824E268C3F84C24B3
:10A4E00075E7D3F840242260D3F844246260D3F89F
:10A4F0004824A260D3F84C34E36095E7C3F8281CE5
:10A500004020C3F82C5CCAE70B00F100440B00208C
:10A5100000B002500100F100C8F401000500F10094
:10A520000200F100A8F4010088F4010070F40100B9
:10A530000300F1000400F10029B9044B002814BF06
:10A540001846002070470248704700BF0100F7001E
:10A550000300F70029B9044B002814BF1846002057
:10A5600070470248704700BF0100F7000300F70082
:10A57000034B00200122C3F8380AC3F8782470473F
:10A5800000B002502DE9F047CCB00024579DDDF813
:10A590005881824689461646214674220EA81F46D7
:10A5A00004F0A0F9802221462CA82B9404F09AF9FB
:10A5B0008423B5F57F6FCDE90A44CDE90C440593BA
:10A5C00063D8FFF7C3FC05AB30462BAE0193029571
:10A5D000DDE954233946009600F062F800284FD197
:10A5E00003238DF813309DF813308DF87430072352
:10A5F00000221C9010210EA81B9301240123CDE9F9
:10A600002423CDF86890CDF878A026940DF1200988
:10A61000FEF782FB102200920599CDF804900AAB58
:10A62000304606AAFFF722FA074670B11DE00EA9D0
:10A6300008EB0700FEF76CFB10210EA8FEF76CFB81
:10A640000134AD1B3744E4B224D0102D4A46059B9B
:10A650008DF8AC4006A90EA82E4628BF1026FFF79D
:10A6600041FE32460028E2D007460EA8742200219F
:10A67000FEF750FBFFF76AFC38464CB0BDE8F087A8
:10A68000054F38464CB0BDE8F087044F38464CB013
:10A69000BDE8F0872F46E8E70E00F1000F00F1005B
:10A6A0002DE9F04182B01E460A9D0023B5F57F6F6B
:10A6B00001933ED8ED00B5F5807F174601F1FF32DA
:10A6C00034BF032304233F2A0C46009331D880B3C0
:10A6D00066BB089A6AB3099A116851B3A219134468
:10A6E000994226D3089B01462246581CFEF710FBD0
:10A6F000089B04F102081C440023637026BB089BDE
:10A700000095FF2D03EB080017D92B029BB243EAFB
:10A710001523022201A90193FEF7FAFA08F10203B8
:10A72000099A0020136002B0BDE8F0810FB1402EFD
:10A73000CFD90A4802B0BDE8F08101226946FEF790
:10A74000E7FA08F10103EBE7089B324603EB080048
:10A750003946FEF7DDFAB044D1E700BF06000080BD
:10A7600000201870704700BF0CB430B589B00546A2
:10A770000C461C22002101A804F0B4F802238DF835
:10A7800006300E4B0293059523462CB1B4F1004FD1
:10A7900028BF4FF00043013B1D440DAA0C990695BC
:10A7A00001A8009200F00CF814B1059B00221A7069
:10A7B00009B0BDE8304002B0704700BFF5E80100C5
:10A7C0002DE9F04F8DB043680293837815469A07C0
:10A7D000804640F10D8100240E78002E00F00A81A1
:10A7E000252E0BD04B1C03930134029B414630466F
:10A7F00098470028C0F2F6800399EDE74E788B1C4D
:10A80000252E0393F0D00027B946BB46BBF11F0F9E
:10A8100038D8A6F12003102B0AD8DFE803F02A0964
:10A8200009300909092109090928092D09091F0009
:10A83000A6F13003092B33D92A2E37D11BF0400F54
:10A8400055F8043B40F08280002BA7BF4BF0200B53
:10A850009946C3F100094BF0280B01E04BF0010BC6
:10A86000039B13F8016B0393002ECFD130E04BF024
:10A87000020B4BF0040BF3E74BF0080BF0E74BF047
:10A88000100BEDE7BBF17F0F19D8A6F13003092BB0
:10A89000D2D81BF0400F03D00A2101FB0737DFE7B6
:10A8A0000A2101FB09394BF0200BD9E72E2E06D1E6
:10A8B0001BF0400F40F09E804BF0400BD0E76C2E19
:10A8C00031D02BD8682E36D06A2E3CD04C2E3AD0C0
:10A8D000002F46F02003B8BF2BF04002A3F1650122
:10A8E000BCBF1FFA82FB0027022901D9612B2FD19F
:10A8F000073525F00705DFF8ACA2083507271BF060
:10A90000080F66D00AEB070B56465E4563D1A4EBF1
:10A910000A0A06EB0A02A9EB07096FE1742E9FD021
:10A920007A2E9DD0D4E71BF0800F18BF4BF4007B2C
:10A930004BF0800B94E71BF4807F18BF4BF4007B37
:10A940004BF4807B8CE74BF4207B89E71F4687E73D
:10A95000A6F16301122900F2F080DFE811F0130084
:10A960004F00EE00EE00EE00EE004F00EE00EE00B5
:10A97000EE00EE00EE00FE00E900EE00EE001B002F
:10A98000EE00AF0055F8043B8DF8183001270DF1AB
:10A99000180AB4E755F804AB834BBAF1000F08BFAF
:10A9A0009A461BF0400F14BF39464FF0FF31504616
:10A9B00003F00DFF0746A2E7029B4146202098477F
:10A9C00000280FDB013EB742F6D34C44A41BB1462E
:10A9D00098E74E46F7E716F8010B029B4146984769
:10A9E000002892DA98F8023043F0040388F8023025
:10A9F0004FF0FF3420460DB0BDE8F08F1BF0800F04
:10AA000034D01BF4007F2CD0073525F00705AA466B
:10AA100069685AF8080B2BF010050029ADB237DA37
:10AA2000404261EB410145F480650DF1180B0A23AA
:10AA30005A4603F0D8FEA0EB0B0301936B0662D5D8
:10AA4000019B25F001019F4289B240F3A180002EB5
:10AA500000F0998015F0100240F09C80BB460D4636
:10AA600023E0AA465AF8040BC117D4E7AA461BF400
:10AA7000807F5AF8041B01D10846F5E71BF4007FDC
:10AA800015BF48B208B241F3C01141F3C031C2E76B
:10AA900050EA0103C9D11BF0400FC6D0002FC4D12A
:10AAA0002BF0110295B2BB46019740F2064115EA20
:10AAB00001021CBF0BF1010B00222CE02BF0100255
:10AAC0001FFA82FB0A231BF0800C49D01BF4007193
:10AAD0001DBF073525F00705AA46AA461ABF5AF832
:10AAE000080B69685AF8040B50EA010545D12BF0B0
:10AAF00016051BF0400FADB242D0002F40D12BF015
:10AB0000170295B2019715F0100248D0019B002E54
:10AB100042D103F1010B29075AD4EB0706D5D945D9
:10AB20006FDD0199A9EB0B035F18CB465B4649E04B
:10AB30004BF0100B10237826C5E7782B04D1C6F113
:10AB4000780343F01003BEE7029B41462520984757
:10AB50000028FFF647AF023447E608230026B2E795
:10AB6000AA461BF480715AF8040BBDD01BF4007187
:10AB70001ABFC0B2614680B2B6E72BF0060295B2AA
:10AB80000DF1180B54E725F01105ADB2BB468CE76B
:10AB90000D46B8E73B460D4603F1020BBBE7DDF877
:10ABA00004B082E72AFC010023FC0100CDE9043255
:10ABB0004146029B202098470028FFF613AF049BD4
:10ABC000059A01339945F1DCA4EB0B01CC189B46A7
:10ABD0000AB3029B4146302098470028FFF602AF97
:10ABE0008EB901342744019B391B994224DC1D4650
:10ABF0005DBB019AA9EB0B092244554614469144CA
:10AC000035E0019F92E7023441463046029B984767
:10AC10000028E7DAE6E640F206410D42E2D015F000
:10AC2000020F14BF2B20202015F4806F04F10104C3
:10AC3000414618BF2D20E9E7029B41463020984746
:10AC4000002804F10104CEDACCE606AB013D414612
:10AC5000585D029B98470028CADAC3E6029B41462A
:10AC600020209847002804F10104FFF6BBAEA9EBB1
:10AC70000403002BF2DCBFE57047836800EBC101E1
:10AC8000B3F5004F2CBF51F8220031F81200704785
:10AC900000EBC1018068B0F5004F2CBF41F82230B5
:10ACA00021F81230704708B50122FFF7E6FFD040C7
:10ACB00008BD8368B3F5004F00EBC10108D34B68B2
:10ACC0001AB143F001034B60704723F00103FAE728
:10ACD0004B881AB143F001034B80704723F0010306
:10ACE000FAE753000122FFF7D3BF8368B3F5004FA3
:10ACF00034BF04230823C91A081AC0087047B0F5E6
:10AD0000004F34BF04230823481C0833A0EBD300B2
:10AD1000B0FA80F0C0F11F0070472DE9F0411746EE
:10AD200003220E460446FFF7A8FF8642054607F1B8
:10AD300004080AD1E3680122BA4023EA0203E3606F
:10AD4000002344F82830BDE8F08131460222204635
:10AD5000FFF793FF2B460646014644F8285020464D
:10AD60000322FFF795FF3346294620460222BDE81D
:10AD7000F041FFF78DBF70B50D4686680446FFF7BA
:10AD800092FFB6F5004F014601D3012809D03046A5
:10AD9000FFF7B5FF294602462046BDE87040FFF7A1
:10ADA000BCBF70BD2DE9F04705468068FFF7A7FFDF
:10ADB00005EB800A8846DAF810900646B9F1000FD4
:10ADC0001BD00327DAF8104028462146FFF76BFF17
:10ADD000404507D3324621462846FFF79EFF2046CE
:10ADE000BDE8F087032221462846FFF746FF013FD2
:10ADF000CAF8100001D08145E4D1EB6801364FF06C
:10AE0000FF34B4401C40EAD094FAA4F2B2FA82F2C1
:10AE1000131D55F82340DEE72DE9F04114460546A1
:10AE20000E46FFF740FFA4EB0608371B07444246D7
:10AE300031462846FFF755FF3A4621462846FFF798
:10AE400050FF4346002221462846FFF721FF2146B6
:10AE50002846FFF728FF3B46211800222846BDE878
:10AE6000F041FFF715BF2DE9F041164604460F46A5
:10AE7000FFF719FF314605462046FFF714FF05444A
:10AE80002A4639462046FFF72CFF31462046FFF779
:10AE90000AFF2B46311800222046BDE8F041FFF79B
:10AEA000F7BE2DE9F0410D4686680446FFF7FBFE2C
:10AEB000B6F5004F014601D3012832D03046FFF7E6
:10AEC0001EFF04EB80010E6996B9E36801228240FF
:10AED0001343E36002220D612B4629462046FFF70B
:10AEE000D7FE032229462046BDE8F041FFF7D0BE39
:10AEF000022231462046FFF7C0FE29460346074698
:10AF00002046FFF7C5FE0322334629462046FFF7B9
:10AF1000BFFE39462B462046FFF7BAFE02223146D5
:10AF2000E1E7BDE8F081F8B50C460546FFF7BBFE4A
:10AF30002618012231462846FFF79FFEC3070CD48E
:10AF400031462846FFF717FF21462846FFF7ABFE9C
:10AF5000214622182846FFF786FF00222146284670
:10AF6000FFF78BFE271A012239462846FFF785FE98
:10AF700010EA020613D139462846FFF7FCFE2146A7
:10AF800032462846FFF779FE2246211A2846FFF767
:10AF90006AFF214632462846FFF76FFE241A2146F3
:10AFA0002846BDE8F840FFF77CBF38B571B10568A9
:10AFB0002846FFF79AFE0022044601462846FFF77E
:10AFC00078FE2146BDE83840FFF7ADBF38BD70B50B
:10AFD000066809B9002070BDB368B3EBD10FF9D989
:10AFE000B3F5004F34BF04230823CC1D1C44E408F0
:10AFF00021463046FFF7D6FE05460028EAD0014636
:10B000003046FFF750FEA04209D92C44294630466D
:10B010002246FFF701FF21463046FFF742FF304648
:10B0200001222946FFF745FEB368B3F5004F34BF50
:10B030000423082303EBC5031844CCE72DE9F843A8
:10B0400006681446B26801F1FF39B2F5004F34BF0B
:10B050000423082319EA01090F460BD0494239405D
:10B060008B424F4628BF0B46894654B900252846D7
:10B07000BDE8F8839942F8D82146BDE8F843FFF7C8
:10B08000A6BFB2EBD40FF1D9E11DB2F5004F3944A0
:10B0900034BF04220822C91A1144C9083046FFF7F8
:10B0A00081FE80460028E1D0B368B3F5004F34BF7D
:10B0B0000423082309EBC0051D4435447B1E1D44B1
:10B0C000B5FBF7F57D43A5EB090529463046FFF7AB
:10B0D0000CFE2C44073424F00704A41B80450746CB
:10B0E0004FEAE40408D2024641463046FFF794FE98
:10B0F00041463046FFF7D5FE39463046FFF7D3FDCF
:10B100003844844208D2394630462246FFF784FE4E
:10B1100021463046FFF7C5FE012239463046FFF78B
:10B12000C8FDA4E7B2F5802F2CBF08230423D21A50
:10B130002DE9F0418C18CD1D25F0070524F00704FA
:10B14000641B0026E40805602146AC60EE602046E2
:10B15000FFF7D5FD421D9200013002F107074FEACB
:10B16000D707A2F110023146B8BF324605F11000F0
:10B1700003F0B8FB3A4631462846FFF7B2FD3346A6
:10B18000324631462846FFF783FDA4EB07082846E0
:10B1900031460122FFF78DFD42463946FFF7A1FDFA
:10B1A0003B46324639462846FFF772FD214628467F
:10B1B000FFF797FD4346324621462846FFF768FDD4
:10B1C000214628460122FFF774FD3946BDE8F041CB
:10B1D000FFF767BE002070470FB407B504A951F808
:10B1E000040B0191F3F70AFC03B05DF804EB04B023
:10B1F00070470FB407B504A951F8040B0191F3F798
:10B20000FDFB03B05DF804EB04B07047038B13F053
:10B21000070305D10368002B0CBF002003207047F3
:10B22000022B05D1408BB0FA80F0400980007047B6
:10B23000012B05D10368002B0CBF002005207047AF
:10B240000020704710B50C4600B111B96FF0150021
:10B2500010BD081D00F093F80028F9D1A368032B56
:10B26000F6D9F3E72DE9F0410D4607461946281DAA
:10B2700090461E4600F097F8044638B133464246E1
:10B2800029463846A446BDE8F0416047BDE8F08154
:10B2900010B4EFF31182402484F31288BFF36F8F50
:10B2A000416110BC0121F3F7DBBB38B50C46054604
:10B2B00058B151B10B6843B14B6833B11C22002126
:10B2C00003F010FB2C61002038BD6FF01500FBE788
:10B2D00070B505460E46FFF7B5FF041E14DBEFF30D
:10B2E0001182402383F31288BFF36F8F6B8B2C8BFB
:10B2F0004FF6FF718B4204F0070407D182F31188E7
:10B30000BFF36F8F6FF00A04204670BD022C0CD182
:10B3100001336B8382F31188BFF36F8F00232246C2
:10B3200031462846FFF79EFFEEE7062C14D8DFE8EB
:10B3300004F004131313041A0400002333606B6831
:10B340003BB9C5E90066ACB902212846F3F788FB92
:10B35000DAE71E606E60F6E782F31188BFF36F8F45
:10B360006FF00404D0E782F31188BFF36F8F6FF0A2
:10B370008504C9E782F31188BFF36F8FC4E70346E2
:10B3800040B1426802F00302022A06D0032A04D028
:10B39000012A05D06FF0150070471A68002AF9D00D
:10B3A00000209860704710B54268816002F0030287
:10B3B000022A03464FF0000407D0032A02D05C6043
:10B3C000002001E018685C6010BD18685C6000280F
:10B3D000F6D0FCF7CBF9F3E7704738B50D46AB4232
:10B3E00011461C4604D81A4603F054FA204638BDCC
:10B3F0000024FBE703F076BAC30903EB430303EB36
:10B40000C30383EA4000C0B27047CB780278534050
:10B4100003704B884278534043700A68837883EA0C
:10B42000122383700A68C3785340C370CB790279C2
:10B4300053400371CB884279534043714A68837902
:10B4400083EA122383714A68C3795340C371CB7A6C
:10B45000027A53400372427A4B89534043728A689E
:10B46000837A83EA122383728A68C37A5340C37251
:10B47000CB7B027B53400373CB89427B53404373A6
:10B48000CA68837B83EA12238373CA68C37B5340F1
:10B49000C37370471FB502788DF8002042798DF88C
:10B4A0000120827A8DF80220C27B8DF80320027978
:10B4B0008DF80420427A8DF80520827B8DF80620D5
:10B4C000C2788DF80720027A8DF80820427B8DF82B
:10B4D000092082788DF80A20C2798DF80B20027B32
:10B4E0008DF80C204278C37A8DF80D2082798DF882
:10B4F0000E208DF80F3010236A461946FFF76DFFB6
:10B5000005B05DF804FBF8B5064608780C46FFF771
:10B5100073FF05466078FFF76FFFA27863785340AA
:10B52000E27853405D406840307060782778FFF7DC
:10B5300063FF0546A078FFF75FFFA3785F40E378DD
:10B540005F407D406840707063782778A0785F40E6
:10B55000FFF752FF0546E078FFF74EFFE3785F40C4
:10B560007D406840B0702078FFF746FF627823780E
:10B570005340A278534080EA0305E078FFF73CFF90
:10B58000EDB24540F570F8BD70B5144688B005467B
:10B59000002849D0002949D0002A49D010230A4662
:10B5A00068461946FFF719FF21466846FFF72DFF49
:10B5B000103401F1A0066846F3F774FB6846FFF704
:10B5C00069FF694604A8FFF79EFF01A905A8FFF7D8
:10B5D0009AFF02A906A8FFF796FF03A907A8FFF79D
:10B5E00092FF102319460DEB03026846FFF7F5FEA4
:10B5F000214668461034FFF708FFB442DBD1F3F769
:10B6000051FB6846FFF746FF21466846FFF7FDFEFF
:10B61000102319466A462846FFF7DFFE68461022C7
:10B620000021FFF7E7FE012008B070BD0846FBE7E8
:10B630001046F9E710B50A460F3012F9103B002BFF
:10B64000ACBF0023872312F8014D83EA44038A42EA
:10B6500000F8013902D01378DB09F4E710BD08B512
:10B6600020B158220021FFF7C5FE012008BD10B50A
:10B67000044688B110220021FFF7BCFE102204F11D
:10B6800030000021FFF7B6FE0023636400224FF470
:10B690008033C4E91423012010BD70B504460D4663
:10B6A000164610B311B358220021FFF7A3FE294616
:10B6B000A6643046F3F702FB102200212046FFF774
:10B6C00099FE04F11005A26C21462046FFF75CFFAD
:10B6D00021462846FFF7AEFF294604F12000FFF778
:10B6E000A9FF2046FFF7C3FF012070BD0846FCE715
:10B6F0002DE9F0410E4615460446002860D0FAB107
:10B7000000295DD0D0E9143253EA020158D0013B40
:10B71000D0F8448042F1FF32C0E91432B8F1000F92
:10B720002CD0C8F1100708F13000BD4220440AD2E5
:10B730002B4632462946FFF750FE636C2B44636468
:10B740000120BDE8F0813B4632463946FFF745FE11
:10B75000103D0023636445443E44631E04F10F0121
:10B7600013F8012F93F830008B4282EA00021A701E
:10B77000F6D1A26C21462046FFF706FF04F10F0721
:10B78000102D0AD8002DDBD02B463246294604F175
:10B790003000FFF722FE6564D2E7631E711E13F8C6
:10B7A000012F11F8010FBB4282EA00021A70F6D194
:10B7B000A26C21462046FFF7E7FE1036103DDFE77A
:10B7C0000020BEE770B50C460546E8B169B34A6C87
:10B7D000102A1AD11031631E013904F10F0013F839
:10B7E000012F93F83060724011F8016F984282EA9D
:10B7F00006021A70F3D1A26C21462846FFF7C4FE58
:10B800002046FFF72CFF012070BD02F1300000211F
:10B81000C2F110022044FFF7EDFD636C2344802247
:10B8200083F8302004F12001D5E70846ECE7FEE775
:10B83000012801D1EFF30583FAF736BD0146006810
:10B84000FFF7F6BF08B5F3F777FBBDE80840F3F75D
:10B8500097BB00210120FFF7EBBF61B662B680F312
:10B860001188BFF36F8F704772B6002383F311887E
:10B87000BFF36F8FBFF34F8F30BF62B6BFF36F8FD1
:10B88000704772B6002383F31188BFF36F8FBFF345
:10B890004F8F20BF80F31188BFF36F8F62B6704760
:10B8A000202809D9B0F1004F08D80138B0FA80F04B
:10B8B000C0F11F0040007047082070473E207047CD
:10B8C00008B5F3F7FBFF002008BD70470023038293
:10B8D0004369C3607047416A8968F4F75BB8EFF366
:10B8E0001182402383F31288BFF36F8F00230B6014
:10B8F000436833B9C0E9001182F31188BFF36F8F39
:10B90000704719604160F7E710B50346EFF3118106
:10B91000402282F31288BFF36F8F006828B15C6801
:10B9200002681A60A04208BF5A6081F31188BFF311
:10B930006F8F10BD027A01320272704703461846BB
:10B940005B68002BFBD17047426810B52AB10B46EB
:10B950001C465B68002BFBD16260416010BD10B5D6
:10B96000044620B90B7A01330B72084610BD03461A
:10B9700018465B68002BFBD1FFF7E6FF2046F5E792
:10B9800083680B440360704703680B6043684B6037
:10B9900083688B6070478388026819448180D0185F
:10B9A000704730B484880568A3188380281930BC98
:10B9B00002F070BF034600689A88401A114418606C
:10B9C000998070478288521A034682800068084432
:10B9D00018607047034600689A88521A01449A809A
:10B9E0001960704710B503681C780121FFF7EAFF62
:10B9F000204610BD10B503681C880221FFF7E2FF46
:10BA0000204610BD02688068101A70478388C2887B
:10BA10008168D21A03685B1AD01A704710B50C46B9
:10BA2000017822788A428AB00FD06946F4F7BAF8D2
:10BA300005A92046F4F7B6F810220DF115010DF115
:10BA4000010002F0A4FE0AB010BD012A06D0022AAD
:10BA500007D072B940886388C01AF4E74068636809
:10BA6000FAE71022611C01300AB0BDE8104002F074
:10BA70008EBE6FF01500E6E7042A0AD0102A0DD01A
:10BA8000022A4FF0000315D103700B884380012078
:10BA90007047012303700B684360F8E7022300F846
:10BAA000013B01F1100351F8042B40F8042B99429B
:10BAB000F9D1ECE718467047012310B5062104467A
:10BAC00000F8013BF9F7C6FC18B9A37963F03F030E
:10BAD000A37110BD0B6803608B8883808B798371A1
:10BAE000037823F00203037070470078C0F340002E
:10BAF00070472DE9F04101F10C080C46054600F1B4
:10BB00000C01404617461E46FFF73EFF4046FFF732
:10BB100079FF012310FA87F068826B722F82394611
:10BB20004046FFF74FFFE3687360628A0023E360DB
:10BB30007281638234602846BDE8F08138B5D1E96E
:10BB40000032DA600B684A895A820D46044608685A
:10BB5000F3F7B2FF00211022284602F0C3FEA07ABC
:10BB6000F3F7EEFE6169054649B1637ADB0704D459
:10BB7000436A1B6820469B689847002363612146FF
:10BB80002846BDE8384002F0E2BA438A23B9C068CB
:10BB9000B0FA80F0400970470020704770470F28C6
:10BBA00007D80D280BD8052808BF032018BF02208E
:10BBB0007047132803D01A2808BF0120F6E7012098
:10BBC000704710B50346BFF35B8F53E8000F40EAA0
:10BBD000010243E80024002CF7D1BFF35B8F10BDB6
:10BBE0000B6803608B8883808B798371704738B5CD
:10BBF000C3681D78B3F80100F5B90F21F5F73CFED5
:10BC00000446C8B12946F5F797FDA378012B04D067
:10BC10002046BDE83840F5F76FBDBFF35B8F636822
:10BC2000BFF35B8FDB07F3D520460321F5F784FDD7
:10BC3000032000F044FAEBE738BD08B5C3680121E2
:10BC4000B3F80100F5F718FE18B1BDE80840F5F7A4
:10BC500053BD08BD01210C30FFF7BCBE37B5C56828
:10BC60000121B5F80100F5F707FE044670B32B7803
:10BC70001A2B19D1C378012B24D14FF40061043061
:10BC8000FFF79FFF03050FD4D4F88830009369466F
:10BC9000D4F8903001932046F6F7BAFA204603B064
:10BCA000BDE83040F5F728BD2B785BB9B5F8033017
:10BCB000A4F88630B5F80530A4F88C30B5F8073014
:10BCC000A4F88E302046F5F74BFEE7E703B030BD11
:10BCD00038B5C5680121B5F80100F5F7CDFD04467A
:10BCE00098B12B783BB9D5F80330C0F89430D5F82B
:10BCF0000730C0F89830201D4FF40051FFF761FF66
:10BD00002046BDE83840F5F7F7BC38BD30B402EB4B
:10BD1000C303044608469A4201D130BC704711461D
:10BD200011F8085BA54206D1018A53789942F4D3F1
:10BD300030BC536818470A46EDE7BFF35B8F50E805
:10BD4000003F0B4040E80032002AF8D1BFF35B8F80
:10BD500070472DE9F843C7683A78012303EB820363
:10BD6000028A93423FD9BDE8F88307EB85030F2190
:10BD7000B3F80100B3F80360F5F77EFD044660B147
:10BD800000F1BC0836B12046F5F7CCFBFAF70CFD04
:10BD900063693BB92046F5F7AFFC01353B789D421E
:10BDA000E3DBE0E7A1691A6862618B4208BFA26128
:10BDB000C3F80090226A9AB9C4E90733BFF35B8FD6
:10BDC00058E8003F013B48E80032002AF8D1BFF3B1
:10BDD0005B8F00212046013EF5F7B0FBB6B2D1E7FC
:10BDE00013602362EAE70025A946D7E7817670470A
:10BDF000704710B503884288934219D8052B17D98C
:10BE0000B2F5486F14D88388B3F5FA7F10D2C08892
:10BE1000A0F10A0189B240F67644A14208D8013364
:10BE20009BB25343B3EB800F34BF0120002010BD01
:10BE30000020FCE7837A072B03BF03880B800020D8
:10BE40006FF07F007047002070470020704770B58A
:10BE500006460D4642F221000321F4F75FF804463E
:10BE600060B103210C30FFF796FD068085702146F6
:10BE700042F22100BDE87040F4F72EB970BD73B5F1
:10BE8000C368D9789A781E8842EA0122ADF800206A
:10BE900059791A7942EA0122ADF80220D9799A79C2
:10BEA00042EA0122ADF804201A7A5B7AB4B242EA7F
:10BEB000032301212046ADF80630F5F7DDFC0546E9
:10BEC00028B902212046FFF7C2FF02B070BD6946C3
:10BED000F5F790FD38B91E212046FFF7B8FF284638
:10BEE000F5F70AFCF1E70E2142F22000F4F716F80C
:10BEF00004460028F3D00E210C30FFF74CFD002340
:10BF00000680C0F80A30BDF800304380BDF802302A
:10BF10008380BDF80430C380BDF80630038121461C
:10BF200042F22000F4F7D8F8D9E7F4F733BC002147
:10BF300010B502220846F5F709FE044660B1BFF3CA
:10BF40005B8F4368BFF35B8FDB070AD50321F5F7EF
:10BF5000F3FB2046F5F7D0FBBDE81040032000F0CE
:10BF6000AEB8403002F0ECF910F00C0103D102231E
:10BF700063722046EBE72046F4F70CFCE9E770B566
:10BF800006460D4640F206400321F3F7C7FF04467C
:10BF900068B103210C30FFF7FEFC06808570214656
:10BFA0000022BDE8704040F20640F4F711B96FF08E
:10BFB000680070BDC06803781BB1022B03D1FFF786
:10BFC000B6BFF4F751BC704738B50221054642F2BE
:10BFD0001600F3F7A3FF044668B102210C30FFF707
:10BFE000DAFC2B88038021460022BDE8384042F26B
:10BFF0001600F4F7EDB86FF0680038BD2DE9F04792
:10C000008146884642F2320007219DF820A017465B
:10C010001E46F3F783FF0546A0B107210C30FFF75A
:10C02000BAFCB9F80030038080F80280C77006714E
:10C03000A0F805A029460022BDE8F04742F23200F0
:10C04000F4F7C6B86FF06800BDE8F08708B50020C7
:10C050000021F4F765F818B1BDE80840F4F736B8E8
:10C06000BDE80840F5F752BE08B5072202F08FFB85
:10C07000B0FA80F0400908BD00280CBF0846002037
:10C08000704707B580B906216846F9F7E3F940B96A
:10C090009DF80530684603F03F038DF80530F4F74E
:10C0A00005FD03B05DF804FB6FF01500F9E7012012
:10C0B0007047BFF35B8F0068BFF35B8F7047032847
:10C0C00008B501D0F4F7BCFEBDE80840F4F7D0BED7
:10C0D000036800220BB9184670478B4210D10B68D9
:10C0E00042B942680360914200D1436000230B6073
:10C0F0000120704713604368994208BF4260F5E72A
:10C100001A461B68E6E7D0F8AC00003818BF0120DB
:10C110007047084689691160C2691A60C27A0021B5
:10C12000183002F0DFBBBFF35B8F0068BFF35B8F9B
:10C13000704773B50446CDE900320D4622B9D0F8F8
:10C14000A4606B4601AAB0472846F3F7B5FC019BF3
:10C1500023B100996FF06D022046984702B070BD80
:10C160002438F5F7AFB910B50446006918B1F3F7F4
:10C17000A3FC0023236110BD70B50D4601211646B6
:10C180000446F5F7DBF900212846FFF72FFE012EC4
:10C1900016D0022E16D1236913B12046FFF7E3FF14
:10C1A0002846FFF7C7FB20612269138A012B28D894
:10C1B0002088FFF71DFE01212846FFF717FE07E044
:10C1C000206918B92046FFF7CEFF01E02E8A26B974
:10C1D0002846BDE87040F3F76FBC0C30FFF716FC43
:10C1E000864207D921690022204600F093FA0023F5
:10C1F0002361EDE720692A8AE9680C30FFF7D1FB5B
:10C20000D2E7D26816880436B6B2B342D0D32846F5
:10C21000F3F752FC21690B8AB34204D92046BDE8EA
:10C220007040FFF7A0BF0023236120460122BDE834
:10C23000704000F06FBA10B5034600F1C40210461A
:10C24000FFF771FF80B1BFF35B8F411C52E8004FD5
:10C25000844204D142E8001CBCF1000FF6D1BFF3C8
:10C260005B8FECD1184610BD0346FBE72DE9F84380
:10C2700007460E46904600244FF0C809B44203D149
:10C2800000231846BDE8F88309FB0470FFF7D3FFCD
:10C29000034658B1857A012D02D0073D012D03D800
:10C2A0001A884245EDD01846F5F726FA0134E5E73D
:10C2B00037B505460C46FFF718FC2946A8B1684675
:10C2C000FFF708FC69460020F5F7D0FB58B123883A
:10C2D000A0F888306388A0F88A30A388A0F88C3052
:10C2E000E388A0F88E3003B030BDFFF7C5FE0346EB
:10C2F000006800909A889B798DF80630ADF804208C
:10C30000E0E738B5037A8B420446154615D100F1B3
:10C3100070010722284602F03AFA80B1E37807223A
:10C3200043B904F17E01284602F031FAB0FA80F0F8
:10C33000400938BD04F17701F5E70020F9E7012055
:10C34000F7E708B5F5F7BCFB10B1F5F7D5F9012013
:10C3500008BD7030704738B58378012B04460D4610
:10C3600003D100217030F5F757FCA37A023B062B6E
:10C3700028D8DFE803F00E042727271925002046D8
:10C3800065720021F5F7D8F9BDE838400220F4F7CE
:10C390004BBEA378012B13D104F1400001F0D2FF72
:10C3A000BDE83840F4F746BA20882946FFF7E7FD94
:10C3B00038B9A37A072B03D108212046F5F7BCF939
:10C3C000002038BD6FF07F00FBE7F8B507460D464B
:10C3D00042F213000E21F3F7A1FD0646D0B10E2163
:10C3E0000C30FFF7D8FA0E220446002102F07AFA48
:10C3F0003B8823802B8863806B88A380AB88E38095
:10C40000EB88238131460022BDE8F84042F2130058
:10C41000F3F7DEBE6FF06800F8BD7047F8B5074669
:10C420000E46154600234FF4803204210020F5F714
:10C4300063FA044630B104210C30FFF7ACFA077000
:10C44000467045802046F8BD704710B400F14C039B
:10C450000122BFF35B8F53E8001F43E80024002C48
:10C46000F9D1BFF35B8F41B9034653F8482B816480
:10C47000D2F8B01029B9C2E92B33006810BCF5F727
:10C48000B1B80B60C2F8B030F7E710B50368D3F865
:10C49000AC2042B1D3F8B0401168C3F8AC10A2424E
:10C4A00008BFC3F8B0104C300023BFF35B8F50E8D7
:10C4B000002F40E800310029F9D1BFF35B8F10BD98
:10C4C00070B5D0E9003504464BB3D3F8AC20483002
:10C4D00000216AB1904234D1A26C51BBD3F8B010A4
:10C4E000C3F8AC20884201D1C3F8B0200023A36474
:10C4F00004F14C030022BFF35B8F53E8001F43E8B5
:10C5000000200028F9D1BFF35B8F04F13006236BC4
:10C51000D3B96B680BB12046984700232360E368CA
:10C520000BB1204698472B6AB3B12046BDE8704056
:10C5300018470A60D3F8B020904208BFC3F8B01083
:10C54000D4E711461268C4E7002200233046FAF708
:10C55000F9F8F3F7B1FADAE770BD38B5406B30B1EE
:10C5600050F8084904B1083CFFF7AAFF04B938BDE8
:10C57000A5682DB12046083DFFF7A2FF2C46F7E73E
:10C580002046BDE83840FFF79BBF0431F5F7B4B94A
:10C59000002A70B50E7A054614BF0220012086429B
:10C5A0000DDCC87A07280AD98A61CB6105F1300011
:10C5B00001F0C2FD2846FFF748FF002070BD6FF074
:10C5C0001500FBE7406B30B1838B8B42A0F1080074
:10C5D00001D08068F7E7704710B54AB989B2FFF714
:10C5E000F1FF28B143689B6913B1BDE810401847BB
:10C5F00010BD38B50D460521FFF7E4FF00231A46AC
:10C600002946FFF7C5FF044610B12846F3F754FA50
:10C61000204638BDF7B50B8A032B04460D4611D9C9
:10C62000042105F10C00FFF7D5F92B8A42889A42C4
:10C6300008D1417831B10378122B06D0132B01D0E9
:10C64000012B4BD1002003B0F0BD072A2468EB6812
:10C65000F8D9A27A072AF5D1E77897B1022201200A
:10C66000FFF7DCFE05460028ECD002210C30FFF776
:10C6700092F900230370437029462046FFF7B9FF63
:10C68000E0E71A88ADF800205A88ADF802209A88B1
:10C69000ADF80420DB88ADF8063002221320FFF746
:10C6A000BDFE05460028CDD069462046F5F7A2F923
:10C6B0000221064605F10C00FFF76DF956B107702F
:10C6C000477029462046FFF794FF69462046FFF74A
:10C6D0007CFEB7E7012303704670CDE702220120FC
:10C6E0002568FFF79BFE04460028ABD002210C30E2
:10C6F000FFF751F900230370437021462846BDE738
:10C70000406B30B183898B42A0F1080001D0806872
:10C71000F7E7704738B50B8A032B05460C4604D85B
:10C720002046BDE83840F3F7C7B9042104F10C00F6
:10C73000FFF750F941882846FFF7E2FF0028EFD0C5
:10C74000436821465B699847EAE7704703460068FB
:10C7500028B1596802681A60884208BF5A60704759
:10C760000346002003B970471A8A5B681044F9E752
:10C7700010B5D4682378023113B92170012010BD9F
:10C780008B42FBD0038A023B038200201061F6E754
:10C790000620704773B51446014605464FF495725E
:10C7A000206800F0D9FE207500BB237A2068ABB169
:10C7B000A3F11802534253419B000193638A0093F3
:10C7C000AE68238AE2682946B047002808DB238A3E
:10C7D00083420ED100232375012008E00223ECE7F9
:10C7E00010F1FF0F05D34042C0B22075002002B007
:10C7F00070BD0E20F9E71FB5CDE90123002300939A
:10C800001A46F6F7B5FD05B05DF804FB2DE9F04FCB
:10C8100091B0166880460F46002542F60103006875
:10C82000D6F804908DF82C500BA91446ADF82E3094
:10C83000FFF7F4F8002800F089804FF42053D8F86F
:10C8400000008DF82C500BA9ADF82E30FFF7E6F85C
:10C8500038B1A3681BB15A88BA4200D25F80012068
:10C860000EE061680846FFF77BFF728B738D9A427A
:10C8700094BFC0EB0200C0EB0300032803D80020E4
:10C8800011B0BDE8F08F0846FFF758F8054660681C
:10C89000FFF766FF728D738B05F10C0B9A4294BF04
:10C8A000C0EB020AC0EB030A5846FFF7AFF8824517
:10C8B00044D26068FFF754FF728D738B9A4294BF25
:10C8C000C0EB0200C0EB030070B96368987AF3F71D
:10C8D00037F800220023FEF7FEFF05460028CED0E1
:10C8E00001466068FFF73BF800230093D8F8046026
:10C8F000102302AA41464846B047061E26DB227C8A
:10C90000E068B2421ED001460BA8FFF7B5F8E8B1C7
:10C91000F2B202A906A8FFF7AFF8B8B106A90BA8B2
:10C92000FFF77CF890B900236374042105F10C0033
:10C93000FFF731F8A0600780A3688FE75846FFF73C
:10C9400065F8C1E702A901F022FFEBE70023A3602D
:10C9500085E7F8B59368166805460F46144663B92F
:10C96000506801210C30FFF716F8A0602B681B7887
:10C97000002B14BF022301230370A3681B78012B33
:10C9800003D0022B1FD000201CE02B681B78002B4B
:10C99000F9D1606804210C30FEF7FDFFE0600780EC
:10C9A0002A68E36852885A806168728D738B088A9E
:10C9B0009A4294BFC0EB0200C0EB0300042894BF6E
:10C9C00000200120F8BD2B681B78022BDBD16068AA
:10C9D00012210C30FEF7DFFFE06007802B68E26871
:10C9E000591C0232113351F8040B42F8040B9942DE
:10C9F000F9D16168728D738B088A9A4294BFC0EB3B
:10CA00000200C0EB03001228D9E770B405686A6A17
:10CA100052B3136803B1A83BA2F1A8040022114647
:10CA200000E0A83B844207D0668D648BB14238BFDA
:10CA30003146A24238BF22461C462BB1D3F8A8305B
:10CA4000002BEED18442EFD1438D408B8B4201D835
:10CA500090420BD9824238BF02469942286838BFBB
:10CA6000194670BCF6F762BF1146EDE770BC70471F
:10CA7000D0680378043113B90170012070478B42EC
:10CA8000FBD091680B8A0020043B0B821061704739
:10CA90002DE9F04F044685B0104690469946FFF7C1
:10CAA0005FFE638B628D934228BF134683428B46A1
:10CAB00040F29380636803934046FEF73FFF4FF0D8
:10CAC000000A06464046FFF74BFE628B638D06F177
:10CAD0000C079A4294BFC0EB0205C0EB0305384631
:10CAE000FEF794FF854217D24046FFF739FE628B6E
:10CAF000638D9A4294BFC0EB0205C0EB03058DBB6A
:10CB000098F80A00F2F71CFF00220023FEF7E3FE6C
:10CB1000064630B9574636E03846FEF777FF0546F9
:10CB2000EDE701464046FEF71AFF4046FFF718FEC4
:10CB3000628D638B06F10C079A4294BFC0EB02052D
:10CB4000C0EB03053846FEF761FF85421FD2404621
:10CB5000FFF706FE628D638B9A4294BFC0EB02051D
:10CB6000C0EB0305F168328ACDF80090DBF8047061
:10CB700003980A44ABB25946B847071E0CDABAF11B
:10CB8000000F18BF5746384605B0BDE8F08F38464D
:10CB9000FEF73CFF0546E5E70E9BB3B9394606F1C3
:10CBA0000C00FEF7F8FE4046FFF7DAFD638D628B5E
:10CBB000934228BF1346B9448342BA441FFA89F905
:10CBC000A8D9AF423FF47EAFA4E70F9A0E9B394637
:10CBD000304698470028E1D19CE70027D3E7036857
:10CBE000002203B970478B420FD10B683AB94268F3
:10CBF0000360914200D1436000230B6070471360D3
:10CC00004368994208BF4260F6E71A461B68E8E7A6
:10CC100006207047BFF35B8F50E8003F43F00802E7
:10CC200040E800210029F7D1BFF35B8FC3F3C000B8
:10CC3000704773B516680546002370681373144671
:10CC40002946952200F088FC207380B9CDE90000C8
:10CC50002946A388A2683046FFF71AFF002809DAA0
:10CC600010F1FF0F26BF4042C0B20E2020730020FB
:10CC700002B070BD0120FBE72DE9F34116680746BD
:10CC800000237068137314463946952200F064FC43
:10CC90000546207308BBA068718B728D038A914290
:10CCA00094BFC3EB0103C3EB0203012B15DD02218B
:10CCB0000C30FEF770FECDE900558046A388A268CF
:10CCC00039463046FFF7E4FE031E0ADA13F1FF0F80
:10CCD00026BF5B42DBB20E232373002002B0BDE807
:10CCE000F081A8F800300120F8E72DE9F041044672
:10CCF0008868FFF735FD638B628D934228BF13462A
:10CD000083420D461DD3E165D1F8088000278F606E
:10CD1000FAF73AFA41462046F5F750FC064638B194
:10CD2000C5F80880E765FAF743FA3046BDE8F081B8
:10CD3000618D638B994228BF1946284600F02FFD6C
:10CD4000F1E76FF07906F0E738B5BFF35B8F0B685A
:10CD5000BFF35B8FDB07054617D550F8040CA0B175
:10CD6000AB6D93B90430FFF7F1FC044668B101469E
:10CD7000281FFFF7BAFF002807DA55F8043C5A6865
:10CD800022609A685C6002B99C6038BD2DE9F04170
:10CD9000446A07463CB354F8A86906B1A83E00238C
:10CDA0001D4607F1040801E034461646E26D9AB9C3
:10CDB00005B98BB94046FFF7C9FC054658B1014695
:10CDC0002046FFF792FF00280DDA7B682B60BB68D6
:10CDD0007D6003B9BD6023462EB1D6F8A820002A95
:10CDE000E2D0A83AE0E7BDE8F08170B504460E460F
:10CDF000002200230846F9F7A5FC054658B1014674
:10CE00002046F5F7DBFB044618B12946304601F011
:10CE10009EF9204670BD6FF00104FAE7F8B50546AB
:10CE2000071F00F1540350F8044CBFF35B8F53E825
:10CE3000001F21F0040143E80012002AF7D1BFF3DC
:10CE40005B8F04B3AB6D8BB963687BB1201DFFF7BB
:10CE50007DFC014606463846FFF747FF002812DAF8
:10CE600063683360A368666003B9A66005F15C017E
:10CE70003846FFF7BAFF30B104F10C013846BDE87F
:10CE8000F840FFF7B2BFF8BD38B504460D46F5F7D8
:10CE900095FB30B1294604F16000BDE8384001F04F
:10CEA0004BB938BD2DE9F0418846174601210422CF
:10CEB00005461E46F5F70EFA044670B104210C3003
:10CEC000FEF769FD80F80080A0F80170C670214669
:10CED0002846BDE8F041FFF7D7BFBDE8F08137B580
:10CEE0000C46054601F10C00FEF784FD228A0192F2
:10CEF000E26800920346132212212846F5F768FCE7
:10CF000003B030BD37B50C46054601F10C00FEF705
:10CF100071FD228A0192E2680092002203461146C6
:10CF20002846F5F755FC03B030BD08B5837A072BCA
:10CF300001D0002008BD0421FFF7E2FB0028F8D053
:10CF4000BFF35B8F436DBFF35B8FDB07F1D550F809
:10CF5000040CEFE770B50E461546FFF7E6FF78B113
:10CF6000436A6BB1184650F8A83903B1A83B691C55
:10CF7000428D448BA24228BF2246914202D93BB93E
:10CF8000002070BD2A463146BDE87040F5F7A2B9D1
:10CF9000D3F8A84004B1A83C18462346E8E707B5F3
:10CFA000CA681388528800920C210D22F5F7A8FD5B
:10CFB00003B05DF804FB07B5CB6800221B88009224
:10CFC0000A210B22F5F79CFD03B05DF804FB2DE967
:10CFD000F041CB681F88BBB2162B05461BD9032135
:10CFE000F5F756FC0646C0B102210C30FEF7D3FC23
:10CFF00000244FF0170880F800804470314628461E
:10D00000FFF742FF2846A5F81A806F85FFF7FDFC61
:10D010002046BDE8F0810420FBE70E20F9E7F6F793
:10D020003BB90A8AC9680023F5F7FCBE70B50E4605
:10D03000FFF77BFF044628B93046F2F73DFD6FF05D
:10D040007F0070BD00F10C052846314601F074F8F0
:10D05000606A38B150F8A84904B1A83C2946FFF7E6
:10D06000C4FE20B90020ECE71C466FF00100002C44
:10D07000F8D0D4F8A83023B90230F5D020461C46A9
:10D08000ECE7A83BF8E738B505460C46FAF77CF81C
:10D090002846FFF74AFF20B9FAF78AF86FF07F00B9
:10D0A00038BD0023236083683BB9C0E90144FFF722
:10D0B0006DFEFAF77DF80020F2E71C608460F6E769
:10D0C0000120704708B5FFF730FF98B1436A8BB174
:10D0D000BFF35B8FA83B03F1580252E8000F20F02A
:10D0E000080042E800010029F7D1BFF35B8FD3F8B5
:10D0F000A830ECE708BD08B50421FFF701FB30B10B
:10D10000BFF35B8F406DBFF35B8FC0F3C00008BD02
:10D110001060002070470B4609895A898A4203D063
:10D120005981DB6803B11847704710B5029CA368AA
:10D1300033B1B1F5807F28BF0E21CAB2214698478E
:10D14000A37DE268013BDBB2A37522B11BB9204687
:10D15000BDE81040104710BD10609180002070475E
:10D1600008B5072201F013FBB0FA80F0400908BDB2
:10D1700010B50346BFF35B8F53E8000F40EA01028E
:10D1800043E80024002CF7D1BFF35B8F10BD0B6880
:10D1900003608B8883808B798371704770B500F151
:10D1A000700605463146007AFEF74FFE04463146CA
:10D1B000287A3CB1F5F73EFF18B1002303604360C5
:10D1C000836070BDF5F736FF0028FAD00460446034
:10D1D0008460F6E7022A10B508D1002300F170013F
:10D1E0001A46007AF5F7B6FF022010BDFFF7D6FF0A
:10D1F000FAE7F7B51546BDF820601F46FEF723FE97
:10D20000022EADF806000ED8C6F10204BC42A8BF3B
:10D210003C460DF1060322469919284601F03AFBD7
:10D22000204603B0F0BD6FF00604F9E72DE9F041A8
:10D230009846BDF818601546F2F744FF0746F1F727
:10D2400060FA83B2B3420CD39C1B4445A8BF44464A
:10D25000A4B22246B919284601F01CFB2046BDE8BD
:10D26000F0816FF00604F9E7F7B51F460023BDF81B
:10D2700020608DF804301546F5F7C4FE10B1037A2E
:10D280008DF80430012E0DD8C6F10104BC42A8BFB0
:10D290003C4601AB22469919284601F0FBFA20468C
:10D2A00003B0F0BD6FF00604F9E713B5C968104686
:10D2B0000A781C46BDF8103092B94A88ADF80620AD
:10D2C000022B18D8C3F102029442A8BF144622468A
:10D2D0000DF10601194401F0DDFA204602B010BD3F
:10D2E000102B01F1010106D8C3F110029442A8BF2E
:10D2F00014462246EEE76FF00604EEE7F7B5C9687C
:10D30000BDF8206015461F46F5F7A6FE00B100895E
:10D31000ADF80600022E0ED8C6F10204BC42A8BF2A
:10D320003C460DF1060322469919284601F0B2FA4F
:10D33000204603B0F0BD6FF00604F9E7F0B50768CA
:10D340003D7889B00646144635BB7B88B3F5245F2B
:10D3500004D01BD8A3F52053032B1DD8ADF80A1019
:10D3600002220DF10A012046FEF7C2F948B17B887E
:10D37000ADF80A3002220DF10A012046FEF7B8F995
:10D3800070B96FF01502C4F8082106E003F55643A2
:10D39000FF339BB2042B13D90125284609B0F0BDF9
:10D3A0000020009003AA776813233146B847021E75
:10D3B000E9DB03A92046FEF79BF90028ECD1E0E762
:10D3C000ADF80A1002220DF10A012046FEF790F98D
:10D3D0000028D6D07B88ADF80A3002220DF10A0170
:10D3E000E8E701210C30FFF7C3BE2DE9F0411F46ED
:10D3F000BDF81830012B064690462CD83B44012B33
:10D400003D462BDCF5F7FEFD044618B9F5F7FAFDAD
:10D41000044630B397B1217A98F80020002321FA0E
:10D4200003F0C70703D522FA03F0C0071CD5013368
:10D43000032BF4D102F0070211432172601C06F1A4
:10D440007001FFF7A4FE337A23702046FFF7C9FF6F
:10D450002846BDE8F0816FF00605F9E76FF00C058E
:10D46000F6E76FF01005F3E76FF01205F0E738B557
:10D4700004461546FFF724FE40B12046F5F7C2FDED
:10D4800020B1037ADB0701D5FFF7ABFF35B9207A6E
:10D4900004F17001F5F7CEFD00B1856038BD13B51C
:10D4A000044610B9002002B010BD00238DF80430EE
:10D4B000006842F6030301A9ADF80630FEF7AEFAA4
:10D4C0000028EFD1E36898880028ECD12046F5F7D2
:10D4D0001FFF013080B2E6E7F0B5CC6887B00846A0
:10D4E0001F46A3798DF80430BDF830601546FFF76C
:10D4F000D6FF2468ADF8050023789BB96388ADF8A2
:10D5000007300524B44219D3A41BBC42A8BF3C4633
:10D51000A4B201AB22469919284601F0BBF9204676
:10D5200007B0F0BD631C0DF10702113453F8041B62
:10D5300042F8041BA342F9D11324E3E76FF0060479
:10D54000EDE71FB5CDE90123002300931A46F5F757
:10D550000FFF05B05DF804FB12F0010F4B8A04D0F9
:10D5600013F0950F10D0486870B112F0020F04D07C
:10D5700013F4957F0AD0896841B11A4012F4DE7F16
:10D5800014BF052000207047022070470320704719
:10D590002DE9FF41837A072B05460C46174610D12B
:10D5A00000238DF80C30206842F6030303A9ADF880
:10D5B0000E30FEF733FA60B9E3689B7913F0300F51
:10D5C00003D1002004B0BDE8F0812046F5F7ACFFA0
:10D5D0000446002320688DF80C3003A942F602139C
:10D5E000ADF80E30FEF71AFA18B12046F5F79CFF99
:10D5F0000446002642F6021820688DF8006069464D
:10D60000ADF80280FEF70AFAD8B9002320688DF839
:10D610000C3003A942F60213ADF80E30FEF7FEF906
:10D620000028CED1E4682246284612F8011BFEF7F6
:10D6300068FE0028C5D023891F4214BF01200020A6
:10D64000C0E720688DF8046042F6030301A9ADF835
:10D650000630FEF7E3F90028D7D020688DF808607F
:10D660004FF4205302A9ADF80A30FEF7D7F900288D
:10D67000CBD020688DF80C6042F6010303A9ADF809
:10D680000E30FEF7CBF90028BFD02046F5F74CFF4F
:10D6900004460028B0D194E72DE9F8438846516844
:10D6A0004B8A03F09403074614464BBB0122FFF755
:10D6B0006FFF48B3A2891B2102323846FFF74AFCAC
:10D6C000054620B300F10C0902214846FEF763F934
:10D6D0000646484626F8028BA189FEF75CF9A28926
:10D6E000A168304601F0D6F8D4E904122846012397
:10D6F000F5F776FC29463846BDE8F843FFF796BCB7
:10D700004FF0FF30BDE8F8836FF01500FAE76FF0D7
:10D710000B00F7E72DE9F04105460F46F5F772FCDF
:10D72000044608B3037ADA071ED5BFF35B8FC668D9
:10D73000BFF35B8F16F0010600F10C0814D1A7B1FE
:10D74000BFF35B8F58E8003F23F0020248E8002156
:10D750000029F7D1BFF35B8F9B07284608D5FFF759
:10D76000B1FC2046FFF73DFE01263046BDE8F081C2
:10D77000FFF7A6FC0028F8D02846FFF7BCFC0028DD
:10D78000F3D0BFF35B8F58E8003F23F0020348E873
:10D790000032002AF7D1BFF35B8F2846DFE77047DE
:10D7A0000021F8B54FF0FF324FF0FF330546084631
:10D7B000FEF7EBFE00F10C07044601213846FEF7A8
:10D7C000EAF80526067001213846FEF7E4F8002342
:10D7D00006701A4621462846FEF7DAFE10B12046AA
:10D7E000F2F76AF90020F8BD6FF08500704700205D
:10D7F00070470369C9B20C2201FB0233186C00F0B8
:10D800000700704770B5C9B20369EFF31185402472
:10D8100084F31288BFF36F8F0C2606FB0134246C4F
:10D8200014F0C00408D0A24206D085F31188BFF3DB
:10D830006F8F4FF0FF3070BD06FB013301221A6479
:10D8400085F31188BFF36F8F436803EBC1035B68F7
:10D8500098470020EFE78022FFF7D4BFF8B5069F76
:10D860000469C9B2EFF31186402585F31288BFF32E
:10D870006F8F0C2505FB0144256C05F0070CBCF1EE
:10D88000010F0CD1276486F31188BFF36F8FC4E9B1
:10D890000E23436853F8313098470020F8BD05F057
:10D8A000C005AF4286F31188BFF36F8F0CBF6FF0D6
:10D8B00077004FF0FF30F1E713B580240094FFF7B5
:10D8C000CDFF02B010BD10B40069CBB21C2403FB25
:10D8D0000400002110BC10470020F7F761BF0020B2
:10D8E00000F009BA1046F8F75FBF0020704738B55E
:10D8F0000C461546F2F7DAFB28B129462046BDE86A
:10D900003840F2F71BBF6FF00A0038BDF7B50F467D
:10D9100016464FF480650024A64203D816D0162080
:10D9200003B0F0BD331BB3F5806F38BF1D462A46E8
:10D9300001AB39190020FAF74DFB20B9019BAB422E
:10D9400001D12C44E8E76FF01500E9E70020E7E794
:10D95000002208B511461046FAF70CFB002818BF44
:10D960006FF0150008BD43685B68D3F810350B6095
:10D970000020704743685B6802EA010021EA020167
:10D98000C3F80805C3F80C150020704743685B68AE
:10D990000020C3F80815704743685B680020C3F88F
:10D9A0000C15704743685A68D2F8043521EA030021
:10D9B0000B40C2F80805C2F80C350020704710B5BE
:10D9C00003695868F8B1884219D19C6808685860A2
:10D9D000A14200D19860002008602AB15A680A600C
:10D9E0009A68596002B99960002010E0814206D11E
:10D9F0000868206098688142EDD19C60EBE704469E
:10DA000000680028F2D1002AE8D16FF0150010BD9F
:10DA100030B543681360057A446804EBC504A3423B
:10DA200002D36FF0010030BD5C798C4201D0083325
:10DA3000F0E70020F7E743681B68D3F88004C3F8D9
:10DA40008004704742681368D3F8100150B1D2695E
:10DA5000002012780A70C3F81001D3F810210122B7
:10DA60001A6070474FF0FF30704702680346D2F8E3
:10DA7000580140B95B68DB0706D4D2F820010038B2
:10DA800018BF012070470120704743681B68D3F816
:10DA90000423D20517D5D3F82021A2B1EFF31182C8
:10DAA000402181F31288BFF36F8FD3F8201131B179
:10DAB0000021C3F82011D3F820110121D96082F38D
:10DAC0001188BFF36F8FD3F85831704700F15003BE
:10DAD0009B009BB203F1804303F5883300221A6058
:10DAE0001B68704770B403460C46DA8800681979E1
:10DAF0002243056986682B6801248C4012F0010FCF
:10DB000014BF2343A3432B60336870BC1847012321
:10DB100003FA01F103691B68194203D022B183683B
:10DB20001B6903E0002AFAD08368DB68184710B548
:10DB300000F093F84FF0FF304FF0FF31F6F7ECFFB5
:10DB4000044620B9E3F72EF80446F6F7EDFF204629
:10DB500010BD38B50B8A0D4673B30B7EA3B1022BF3
:10DB60002AD14FF0FF304FF0FF31F6F7D5FF0446D2
:10DB700040B9E868EDF738FF0446F6F7D5FFB4B1D1
:10DB8000F7F79AF8204638BD4FF0FF304FF0FF31DD
:10DB9000F6F7C2FF04460028F4D1E868F7F722F947
:10DBA0000446F6F7C1FF002CECD1F7F785F82846BC
:10DBB000F1F782FF0024E5E76FF01504E2E7F7F7DD
:10DBC0008FB810B531220446002100F08BFE2023CF
:10DBD00023708023A3706FF03F0363710423A3724B
:10DBE0002823A3732223E3730423A37517236376E7
:10DBF0006FF00303A376FF23E376792323773023A3
:10DC000084F82030062384F822306FF00F0384F864
:10DC10002330012384F82430802384F82630042321
:10DC200084F8293010BD002303604360037863F05B
:10DC300062030370437823F0410343F041034370D0
:10DC4000704701F12003013813F8012D00F8012F6E
:10DC50008B42F9D17047F7F751BC70470021F7F7B5
:10DC6000F9BC90F84010012901D8F7F7F3BC122055
:10DC70007047684620F007018D4601B5EAF79CFE23
:10DC8000F1F77EF9BDE801408546704708B54FF0D1
:10DC9000FF314FF0FF30F6F73FFFF0F714FDBDE81E
:10DCA0000840F6F741BF684620F007018D4601B5F0
:10DCB000EAF74EFEBDE8014085467047684620F011
:10DCC00007018D4601B5EAF76FFBF1F759F9BDE899
:10DCD00001408546704708B5F0F722FC002008BDDA
:10DCE000FAF7F2B808B5F1F73BF8F1F70FF9BDE82C
:10DCF0000840FAF7E9B8012801D1EAF72FBA7047CE
:10DD00007047EAF773B8004700F093B8C00000F11D
:10DD1000804000F5F830C0F81015C0F814257047A1
:10DD2000F8F788BAF7B5019001A8DDE9084716466B
:10DD30001D46F7F78FFE019BB6F1000C18BF4FF0A0
:10DD4000010C00EB83000B1E18BF0123002D43EADA
:10DD50004C0314BF4FF00C0C4FF0000C002C43EAA6
:10DD60000C0314BF4FF4E06C4FF0000C002F43EA9B
:10DD70000C03D0F8002714BF4FF4403C4FF0000CC8
:10DD800043EA0C0322EA030301B109780EB13678A5
:10DD9000760019430DB12D78AD0031430CB12478D4
:10DDA000240229430FB13F783F040C433C43C0F8A1
:10DDB000004703B0F0BD1FB50DF10F030193002321
:10DDC0008DF80F1000931A461946FFF7ABFF05B008
:10DDD0005DF804FB38B5054608460C46F7F78CFE9F
:10DDE000B0B10846F7F77CFE90B90846F7F76CFE2D
:10DDF0002A6801238340C2F808332A6803B202EB81
:10DE00008303D3F8102522F00302C3F8102538BD90
:10DE100020460021BDE83840FFF7CDBFF7F7F2BE3E
:10DE2000FFF7D8BFF8F70CBA08B5FFF7FBFF0020E3
:10DE300008BD08B1F1F77EBE7047704740B1C368B6
:10DE4000587810F001001EBF1878B0FA80F0400931
:10DE50007047EFF31183402383F31288BFF36F8F72
:10DE6000FEE708B5FFF7F5FF10B5D0E9003433B988
:10DE70000020E268537843F00103537010BD204640
:10DE800098470028F4D00028B8BF4042E368FF2834
:10DE9000A8BFFF201870ECE700F024BD00F0FABC2A
:10DEA000704710B400F10C04C0E9034410BCFDF746
:10DEB00039B92DE9F04F89B0DDE9126705463B46D7
:10DEC000914606A83246059100F0B5FBDDE906341F
:10DED00005F1140ACDE90234EFF311844FF0400844
:10DEE00088F31288BFF36F8F05F10C0B05994A4632
:10DEF0002846FDF7A3F830B184F31188BFF36F8F84
:10DF000009B0BDE8F08F3E43F6D0DDE9022306A854
:10DF100000F0B5FBDDE906675A46CDE9006721460A
:10DF20005046F9F77DF8EFF3118488F31288BFF3B8
:10DF30006F8FDBE738B50446EFF31185402383F399
:10DF40001288BFF36F8FFDF730F804F10C0000F07A
:10DF500000FB30B1294604F11400BDE83840F9F760
:10DF6000CFB885F31188BFF36F8F38BD41698368DF
:10DF700043EA010212F003020FD1C2600269013AC2
:10DF800001FB023382689A4201D900207047C268BF
:10DF90001A604269C3609B1AF4E76FF0150070477E
:10DFA00010B5C0E904320023816083610446FFF7A5
:10DFB000DDFF0028A8BFC4E9004410BDF8B5044641
:10DFC0000D46EFF31186402383F31288BFF36F8F62
:10DFD000C76877B900F09AFA58B1C0F8B0704561D7
:10DFE00000F035FA314604F10800BDE8F840F9F7D1
:10DFF00087B8E3682B60A369E560013BA36186F302
:10E000001188BFF36F8FF8BD08B54024EFF311837B
:10E0100084F31288BFF36F8FFDF726FCF6E790F9C3
:10E020000E308B4201D0F9F727B800207047034625
:10E030000020C3E90200C3E9003370472DE9F8432B
:10E04000994604469DF820300D46904600F108069A
:10E05000EFF31187402282F31288BFF36F8F03B171
:10E060004568304600F052FA60B10023C0F8B03085
:10E07000C0F8148000F0EBF930463946F9F740F863
:10E0800000200CE0B9F1000F1BD00821F9F796FB36
:10E0900038B987F31188BFF36F8F6FF00B00BDE8BD
:10E0A000F8830122C0F804800260016801F00301D6
:10E0B0005DB922680A430260626820606AB96060E4
:10E0C0000BE0C8F800904046EFE72A68032A10D812
:10E0D0000160616839B9C4E90000042104F110004D
:10E0E00000F034FBC8E70A6802F0030202430A604A
:10E0F000E5E722F003020A4302602A6802F0030205
:10E1000040EA02032B60E8E710B5044630B102682C
:10E11000930703D0446809B100F032FB204610BDDC
:10E120000023C0E9003300F10803C0E9023300F125
:10E130001003C0E90433704707B50123009300239F
:10E140000A461946FFF77AFF03B05DF804FB07B5EE
:10E1500000230A4600931946FFF770FF03B05DF8ED
:10E1600004FB00680021FFF7CFBF5AB18A4209D3F0
:10E1700000F11003C0E90212C0E90000C0E9043355
:10E18000002070476FF015007047026801238B4034
:10E1900022EA0303036022FA01F000F00100704755
:10E1A000704710B5032104460C30FFF7EEFF30B185
:10E1B00004F1100000F026FAB0FA80F0400910BD1A
:10E1C00020B100221146C03000F0F9B9704770B597
:10E1D000C368C3F340069B07044616D48568022132
:10E1E0000C30FFF7D2FF80B1D5F8B8206AB1944265
:10E1F0001DD122689EB9D5F8BC30C5F8B8209C4224
:10E2000001D1C5F8BC2000232360E36813F01F0090
:10E210001EBF43F00203E36040F0020070BD3260B5
:10E22000D5F8BC20944208BFC5F8BC60EBE71646A1
:10E230001268DBE773B50446EFF31185402383F3DF
:10E240001288BFF36F8F0023A0F11006032104385A
:10E250000193FFF79AFF28B1A369019301A9304602
:10E26000F8F7C8FB85F31188BFF36F8F02B070BD5C
:10E2700038B504460D461022002100F033FB6560DE
:10E2800038BDEFF31183402282F31288BFF36F8F02
:10E29000C06800F01F0083F31188BFF36F8F7047D1
:10E2A00013B501900846EFF31184402383F31288DD
:10E2B000BFF36F8F01A9F8F79DFB84F31188BFF3BB
:10E2C0006F8F02B010BD10B5FFF7EAFF041E08DD26
:10E2D000EFF31180402383F31288BFF36F8FF8F7B9
:10E2E0003FFF204610BD70B50D46EFF31186402369
:10E2F00083F31288BFF36F8FF8F7D6FB044686F3DB
:10E300001188BFF36F8F38B14FF0FF324FF0FF33FA
:10E3100005F11000F8F76EFA204670BD08B5D82256
:10E32000002100F0DFFA08BD38B5302204460D4662
:10E33000002100F0D7FA4FF480736560E36038BDC8
:10E34000FFF79FBF38B50446EFF31185402383F3F1
:10E350001288BFF36F8FFFF724FF2046FFF737FFC8
:10E3600085F31188BFF36F8F38BDF8B504460D46AD
:10E37000EFF31186402383F31288BFF36F8FC368D6
:10E3800003F01F03002B14BF0127002705D186F3DC
:10E390001188BFF36F8F3846F8BDFFF702FF2046A4
:10E3A000FFF715FF29462046F8F706FB86F311888C
:10E3B000BFF36F8F0028EED04FF0FF324FF0FF33E6
:10E3C00005F10800F8F716FAE5E7EFF305800038E5
:10E3D00018BF01207047F8F7A5BED0E900321360DE
:10E3E0005A600023C0E90033704708B5FFF7F5FF16
:10E3F000437B23F0020343730023836008BD38B5D9
:10E4000004460D46F8F70EFD637B43F00203637389
:10E41000E5B1A5602B689D4209D16B68C4E9005342
:10E420001C606C6012E06A689A42F6D01B68002B90
:10E43000F3D094F90E2093F90E108A42F3D0914252
:10E44000F1DD5A68C4E9003214605C6038BD10B573
:10E45000EFF31184402383F31288BFF36F8FF8F733
:10E46000F9FC84F31188BFF36F8F10BD10B504461B
:10E47000183000F0C7F8EFF31181402383F31288BE
:10E48000BFF36F8F627B12F0100204D081F311880A
:10E49000BFF36F8F10BD2046BDE81040F8F70EBDEA
:10E4A00008B5EFF31181402282F31288BFF36F8F1A
:10E4B00083680BB1FFF799FF81F31188BFF36F8F6A
:10E4C00008BD38B50446EFF31185402383F3128865
:10E4D000BFF36F8F437B13F0280F0BD183680BB111
:10E4E000FFF783FF637B51B903F0FB03637320469F
:10E4F000F8F7B0FC85F31188BFF36F8F38BD03F0D8
:10E50000EB03F3E701211838FFF7DBBF38B5EFF372
:10E510001185402383F31288BFF36F8F0468A042F4
:10E520000DD034B12046FFF760FF04F1180000F071
:10E5300069F885F31188BFF36F8F204638BD00243A
:10E54000F7E710B5FFF7ACFFBDE81040183000F05A
:10E5500059B838B504680546AC424FF0000000D108
:10E5600038BD002CFCD02046FFF7EBFF2046FFF71C
:10E570006EFF2C680120A542F1E7EFF311814022E4
:10E5800082F31288BFF36F8F027BD2070CD581F321
:10E590001188BFF36F8F002383F31188BFF36F8F50
:10E5A0000423184602DF7047437B1B0704D581F321
:10E5B0001188BFF36F8F70470122F8F77FBC38B521
:10E5C000EFF31185402383F31288BFF36F8F046844
:10E5D000A04213D0A4B1C4F8B01062612046FFF786
:10E5E00004FF04F1180000F00DF82046F8F732FCA3
:10E5F000012085F31188BFF36F8F38BD0020F8E745
:10E600002046F6E710B5EFF31184402282F312881A
:10E61000BFF36F8F03683BB1F8F772FF002084F3FC
:10E620001188BFF36F8F10BD6FF01500F7E708B5C5
:10E63000F9F784F808BDB3F1FF3F08BFB2F1FF3F1F
:10E6400070B504461D46164613D01A4315D06FF018
:10E650000102921B4FF0FF3363EB0501002904DA3E
:10E66000F9F76CF8821941EB0501C4E90021204655
:10E6700070BD4FF0FF321146F7E70022FBE7B3F120
:10E68000FF3F08BFB2F1FF3FF8B5074616461C46EC
:10E6900010D054EA020311D0F9F750F8B0420A46FC
:10E6A000A14103460AD2F31A64EB0204C7E900341D
:10E6B0003846F8BD4FF0FF331C46F7E70023FBE771
:10E6C0002DE9F041846805460E46ECB16378012BD4
:10E6D00025D114F8533C9A0714D5A4F160073846A5
:10E6E000FFF72FFF082E0CBF6FF0030300232365F5
:10E6F00014F8533CDB0605D154F8483C13B93846AE
:10E70000FFF7A5FE00232370EB68C3F386321643A0
:10E71000002066F39433A860EB60BDE8F081022B23
:10E72000F0D12378002BEDD054F8048CB8F1000F11
:10E73000E8D004F11400FFF765FFA4F114070023EB
:10E74000E36239464046FFF7ABFDDBE710B5034611
:10E75000EFF31184402282F31288BFF36F8F0068B9
:10E76000834208D0D0E9003213605A600023C0E928
:10E770000033FFF7A5FF84F31188BFF36F8F10BD3F
:10E7800020B1011F50F8040CFFF7D4BB704710B53F
:10E7900001390244904201D1002005E0037811F8CC
:10E7A000014FA34201D0181B10BD0130F2E710B594
:10E7B0000139044632B111F8013F00F8013B013A3A
:10E7C000002BF7D1002100F08DF8204610BD10B5C8
:10E7D000024601448A42134603D01C780132002CC1
:10E7E000F8D1181A10BDF0B5C3F137070446FFB2CF
:10E7F00003F01F031046082BE6B233D0102B3ED097
:10E800006508A40844EA817445EAC1752D194FEAE8
:10E81000910242EB5102290941EA02716D1842EB63
:10E820001212290A41EA02616D1842EB1222290CE8
:10E8300041EA02416D1842EB1242AD1842F100026A
:10E84000EC0844EA4274D10804EB8402A6EB4205CA
:10E85000EDB2092D0CD90134A5F10A0541F10001F1
:10E86000EDB212E0E40844EA417406F00705C90875
:10E87000303554EA010200F8015BBCD1F0BD240937
:10E8800044EA017406F00F050909092D84BFED194A
:10E89000EDB2EDE70A44914200F1FF3300D1704739
:10E8A00010B511F8014B03F8014F9142F9D110BD99
:10E8B000884210B501EB020402D98442234607D8EE
:10E8C000431EA14208D011F8012B03F8012FF8E7ED
:10E8D000024401468A4200D110BD13F8014D02F8EE
:10E8E000014DF7E702440346934200D1704703F815
:10E8F000011BF9E7D1E9043293421EBF5A1C0A6199
:10E90000187070470148006870470000782E00209A
:10E9100094CAFE7F01000000F1FA00000000000030
:10E92000613A0100D0E9010029DE01000000000089
:10E9300039650100000000005D6501000000000075
:10E94000C9400100F8E90100C9400100E4E9010003
:10E95000E156010000000000D7DC010000000000CB
:10E96000E1DC010000000000EBD8010020EA01001A
:10E9700051D9010034EA0100E53E01000CEA010032
:10E980006145010048EA0100D13C0100000000009F
:10E99000C94801000000000049FB00000000000021
:10E9A000E5F80000000000004957010000000000E9
:10E9B000E5DC0100000000004168010000000000EB
:10E9C0001D4C01005CEA010061FB0000000000003A
:10E9D000ABFA0100DCF10100ECF10100540B002066
:10E9E0009C300020E9FA010020F2010050F2010001
:10E9F0005C0B002044310020F7FA010038F20100DE
:10EA000050F201005E0B002050310020BAFA0100E4
:10EA10000000000008F20100560B0020F03000203A
:10EA2000CAFA01000000000010F20100580B00209B
:10EA300000000000D9FA01000000000018F20100F7
:10EA40005A0B0020000000000DFB010074F20100D1
:10EA5000B8F20100600B00205C31002041FB010096
:10EA600000000000E4F20100620B0020743100207D
:10EA700003DD010007DD01000000000053B80100C4
:10EA800048EA01008BDA01000000000053B80100E1
:10EA90000000000053B801000000000053B801005E
:10EAA0007960010007DD01000000000053B801009B
:10EAB0000000000053B801000000000053B801003E
:10EAC0000000000053B801000000000053B801002E
:10EAD0000000000053B80100F0300020553F010055
:10EAE0000000000053B801000000000053B801000E
:10EAF0000000000053B80100000000005949010067
:10EB00000000000053B801000000000053B80100ED
:10EB10000000000053B801000000000053B80100DD
:10EB20000000000053B801000000000053B80100CD
:10EB30000000000053B80100000000003957010038
:10EB40000000000053B801000000000053B80100AD
:10EB50000000000053B801000000000053B801009D
:10EB60000000000053B801000000000053B801008D
:10EB70000000000053B801000000000053B801007D
:10EB80000000000053B801000000000053B801006D
:10EB90000000000053B801000000000053B801005D
:10EBA0000000000053B801000000000053B801004D
:10EBB0000000000053B801000000000053B801003D
:10EBC0000000000053B801000000000053B801002D
:10EBD0000000000053B801000000000053B801001D
:10EBE0000000000053B801000000000053B801000D
:10EBF0000500000081200100000000000600000068
:10EC00009D390100000000000400000045240100BF
:10EC10000000000021E80000CDE700000000000037
:10EC2000000000000000000000000000A4F001004F
:10EC30000800000044F1010005000000040000008D
:10EC40000F0000000100000008000000200000008C
:10EC500064000000740000000D0000000C000000C3
:10EC60000E0000005000000078000000AC00000022
:10EC7000FFFFFFFFFFFFFFFFFFFFFFFFFFFFFFFFA4
:10EC800000000000010000006000300000000000F3
:10EC900000000000000000006000600000000000B4
:10ECA0000000000018002800000090010000000093
:10ECB0000000000100000002000000040000000845
:10ECC0000000001000000020000000400000008054
:10ECD0000000001B000000360000000001000000E2
:10ECE000000812000000000000000000CDFB010041
:10ECF0000001000000002CA6E0A12526270000004E
:10ED00002CA6E0A1010100020700000001000000A4
:10ED1000102700001027000001000B0002000A006D
:10ED2000050009000A000800140007001E00060084
:10ED3000320005004B00040064000300960002004E
:10ED4000FA000100F40100000C0802170D01010295
:10ED50000909010106020918180301010909030341
:10ED600005030201230202240910040405050B0B0C
:10ED7000040B2B1B1B151A1A1C021D161305014927
:10ED80000D15050000002CA6E0A100000100000008
:10ED90001011004000000000000000000000000012
:10EDA000000000000406080A0C0E10121416181CAD
:10EDB0001E20222426282A2C2E30323436383A3C83
:10EDC0003E40424446484A4C4E021A500000000061
:10EDD000280000001800000000000000141E0000C1
:10EDE0003011000000002CA6E0A100003408E80368
:10EDF0000000000070170000A00F00000000DC05FC
:10EE0000E803000000000000141E000030110000A4
:10EE100000010302D8ECF0F4F8FC0002030405063C
:10EE200007080000000000000000000000000000D3
:10EE300000000000000001010101020202020303C0
:10EE40000303040404040505050506060608090075
:10EE500000000000000000000000000000000000B2
:10EE60000000000101010102020202030303030486
:10EE70000404040505050506060708090A0B0C0D20
:10EE800006080801020600100200FA000000000057
:10EE9000D3E60000DFE60000E3E60000EBE600005A
:10EEA000EFE600000000000000000000000000008D
:10EEB0000338FDD870470000000000002FB80100A3
:10EEC000840900207C090020740900200000000053
:10EED0006C09002079EE00006DED0000C1ED00002E
:10EEE00021EE0000C00400200000000000000B061E
:10EEF00002000000F8EE01000000000042F90100ED
:10EF000026000207000000204AF9010022000B1130
:10EF100071F9000000000000CBB8010010EF010003
:10EF200028EF010047000000F066002010EF01000C
:10EF300038EF01002E000000F86A002010EF0100F9
:10EF400048EF010002010000D86B00200E03000012
:10EF5000110A01000F0400004D0A01001A0100000F
:10EF60009DBB0100050400007DFC000013010000B2
:10EF700053BD0100FF010000C9FC00003E0100007C
:10EF8000E9FC000005040000EFBB010010010000D7
:10EF900055BC0100020100007D10010001120000BB
:10EFA000990901000A1E0000B5BF01000309000015
:10EFB0005DBC0100040B0000D1BC0100060A00008A
:10EFC0007FBE01000C0500003BBC010010EF0100FA
:10EFD000D8EF010047000000F86C002010EF01009E
:10EFE000E8EF010000000000C06D002010EF0100FC
:10EFF000F8EF010020000000E86D00201BC40100B4
:10F0000049C40100000000000000000000000000F2
:10F0100015C6010000000000000000000000000014
:10F020000000000002020100CFCF01000404010033
:10F03000492D010006060100892C01000804010089
:10F04000912B01000A020100B7CF01000C0401005E
:10F050009FCF01000E040100652A01002004010079
:10F06000C929010010040100D92801001202010081
:10F07000DFCE01001604010091C701001801010054
:10F0800011CC01001E00040023D001005202000038
:10F0900005CF010010EF0100A0F0010022000000E8
:10F0A000C06E0020BCF50100ABD2010000000000E2
:10F0B000B8F5010000000100B4F50100D9D4010049
:10F0C00000000000240A002000000100ACF501004F
:10F0D0000000000000000000000000000000000030
:10F0E000A8F50100FDD20100813001002C0A0020AA
:10F0F00000000300A4F50100D9D4010000000000C5
:10F100001C0A0020000001009CF5010069D20100EA
:10F11000EBD30100000000000000030098F501009F
:10F12000D9D4010000000000140A002000000100F2
:10F1300090F501008934010000000000000000008B
:10F1400000000100DCF50100ABD20100000000006E
:10F15000D8F5010000000100D4F50100D9D4010068
:10F16000000000004C0A002000000100CCF5010066
:10F170002DD201000000000000000000000001008E
:10F18000C8F50100D9D4010000000000440A0020A5
:10F1900000000100C0F50100F3D1010000000000F3
:10F1A000000000000000010000000000000000005E
:10F1B000000000000000000000000000A1D70100D6
:10F1C000000000000000000000000000000000003F
:10F1D000E9390100B939010000000000413B01009C
:10F1E0002D3A0100D9D80100DFD80100B93A010059
:10F1F00057D80100B9D8010000000000F3D7010082
:10F2000000000000000000008D3E0100E53D01000F
:10F21000EFD80100000000000DD90100000000003F
:10F22000FFFF00000003005000000000010000008C
:10F230000060004000000000BCF801FF000000502A
:10F24000000000000000000000600040000000001E
:10F250005D41010067D9010075D901008DD9010018
:10F2600099D90100A5D90100C93F0100BFD901000A
:10F27000000000000020004001000000000000002D
:10F2800094F201000000D60100000000D03C0020F4
:10F29000CF3C002000200040A0F20100010000004F
:10F2A000A8F20100040000000600000005000002B2
:10F2B000080600010706000345DA0100AD4401001D
:10F2C00037DA0100F8E901000D000100F8E901005A
:10F2D0000E000100F8E901000F000100F8E901004B
:10F2E00010000100614B01002FDB010053DB010026
:10F2F00018E9010018E9010090E90100A0E9010006
:10F30000D0E90100D0E90100512563FCC2CAB9F37C
:10F31000849E17A7ADFAE6BCFFFFFFFFFFFFFFFFCC
:10F3200000000000FFFFFFFFAAAAAAAAAAAAAAAA91
:10F33000AAAAAAAA55555555555555555555555529
:10F340000000000055555555522563FCC2CAB9F35B
:10F35000849E17A7ADFAE6BCFFFFFFFFFFFFFFFF8C
:10F3600000000000FFFFFFFF512563FCC2CAB9F394
:10F37000849E17A7ADFAE6BCFFFFFFFFFFFFFFFF6C
:10F3800000000000FFFFFFFF96C298D84539A1F4A6
:10F39000A033EB2D817D0377F240A463E5E6BCF852
:10F3A00047422CE1F2D1176BF551BF376840B6CB1D
:10F3B000CE5E316B5733CE2B169E0F7C4AEBE78E19
:10F3C0009B7F1AFEE242E34F4B60D2273E3CCE3B8E
:10F3D000F6B053CCB0061D65BC86987655BDEBB330
:10F3E000E7933AAAD835C65AFCFFFFFFFFFFFFFF9D
:10F3F000FFFFFFFF00000000000000000000000011
:10F4000001000000FFFFFFFFFF8FFFFFFF8FFFFFE7
:10F41000FE8FFFFFFE8FFFFFFD8FFFFFFC8FFFFFC3
:10F42000FC8FFFFF6D757465785F6672656520639C
:10F43000616C6C65642077697468204E554C4C2073
:10F44000706172616D6574657200000043616E27C2
:10F450007420696E697469616C697A65206D757470
:10F4600065782C20776173204E554C4C0D0A0000B6
:10F470004661696C20746F206163717569726520E3
:10F480006D757465780A00004661696C20746F20A0
:10F49000696E63726561736520504D20636F756E90
:10F4A0007465720A000000004661696C20746F2068
:10F4B000646563726561736520504D20636F756E7E
:10F4C0007465720A000000004661696C20746F2048
:10F4D00072656C65617365206D757465780A0000EE
:10F4E000436F756C64206E6F74206C6F636B20705B
:10F4F0006F7765722073617665206D75746578002D
:10F500004661696C20746F20756E6C6F636B206D43
:10F51000757465780A0000006374782063616E6E0C
:10F520006F74206265204E554C4C00000A6374785D
:10F53000206973204E554C4C0A00000067E6096AAA
:10F5400085AE67BB72F36E3C3AF54FA57F520E5104
:10F550008C68059BABD9831F19CDE05BD89E05C194
:10F5600007D57C3617DD703039590EF7310BC0FFE7
:10F5700011155868A78FF964A44FFABE0123456797
:10F5800089ABCDEFFEDCBA9876543210F0E1D2C3ED
:10F5900000002A2B00002A2B000003280000292B42
:10F5A0000000292B00000328000002290000052A82
:10F5B0000000052A000003280000011800000028B0
:10F5C0000000012A0000012A000003280000002A90
:10F5D0000000002A00000328000000180000002896
:10F5E0005363616E6E696E67206661696C65642045
:10F5F000746F2073746172742028657272202564A0
:10F60000290A005363616E6E696E672073756363C8
:10F6100065737366756C6C7920737461727465645C
:10F620000A007075626C69630072616E646F6D00D0
:10F630007075626C69632D69640072616E646F6DD0
:10F640002D69640030782530327800253032583A00
:10F65000253032583A253032583A253032583A253A
:10F660003032583A25303258202825732900446911
:10F6700073636F6E6E65637465643A2025732C2026
:10F68000726561736F6E2030782530327820257373
:10F690000A004661696C656420746F20636F6E6E4A
:10F6A00065637420746F2025732025752025730AE7
:10F6B00000436F6E6E65637465643A2025730A00BB
:10F6C00044657669636520666F756E643A202573BC
:10F6D000202852535349202564290A00437265614A
:10F6E000746520636F6E6E20746F202573206661D1
:10F6F000696C656420282564290A00456E7465726A
:10F700006564204D61696E0A004C45447320696E42
:10F710006974206661696C656420286572722025B1
:10F7200064290A00426C7565746F6F746820696E95
:10F730006974206661696C65642028657272202591
:10F7400064290A00426C7565746F6F746820696E75
:10F75000697469616C697A65640A004661696C65FF
:10F760006420746F206765742068616E646C652026
:10F77000282564290A0052535349203D202564203E
:10F7800064426D0A0001AABBCCDDEEFF2A2A2A20C2
:10F79000426F6F74696E67206E524620436F6E6EC3
:10F7A0006563742053444B2076322E382E302D6101
:10F7B0003233383662666338343031202A2A2A0AD6
:10F7C000002A2A2A205573696E67205A6570687965
:10F7D00072204F532076332E372E39392D30626305
:10F7E000333339336662313132202A2A2A0A0063E0
:10F7F0007C777BF26B6FC53001672BFED7AB76CA87
:10F8000082C97DFA5947F0ADD4A2AF9CA472C0B7AB
:10F81000FD9326363FF7CC34A5E5F171D8311504B8
:10F82000C723C31896059A071280E2EB27B2750921
:10F83000832C1A1B6E5AA0523BD6B329E32F845354
:10F84000D100ED20FCB15B6ACBBE394A4C58CFD019
:10F85000EFAAFB434D338545F9027F503C9FA851E9
:10F86000A3408F929D38F5BCB6DA2110FFF3D2CDBC
:10F870000C13EC5F974417C4A77E3D645D19736059
:10F88000814FDC222A908846EEB814DE5E0BDBE066
:10F89000323A0A4906245CC2D3AC629195E479E716
:10F8A000C8376D8DD54EA96C56F4EA657AAE08BAA4
:10F8B00078252E1CA6B4C6E8DD741F4BBD8B8A705C
:10F8C0003EB5664803F60E613557B986C11D9EE107
:10F8D000F8981169D98E949B1E87E9CE5528DF8C44
:10F8E000A1890DBFE6426841992D0FB054BB166D3A
:10F8F000757465785F696E69742063616C6C6564AA
:10F900002077697468204E554C4C20706172616D8F
:10F910006574657200436F756C64206E6F7420614E
:10F920006C6C6F63617465206D75746578206265B9
:10F93000666F726520696E697469616C697A696E57
:10F940006700464C4153485F30005352414D5F3091
:10F950000000000100000000000000000000FFFFA8
:10F96000FFFFFFFF0000000000004254204C572022
:10F9700057510002FB349B5F8000008000100000A4
:10F9800000000000574553545F544F504449522FD4
:10F990007A65706879722F7375627379732F626CF0
:10F9A0007565746F6F74682F686F73742F686369FF
:10F9B0005F636F72652E630062745F6863695F6581
:10F9C00076745F6765745F666C61677328686472DC
:10F9D0002D3E657674292026202831554C203C3C4C
:10F9E000202831292900415353455254494F4E2074
:10F9F0004641494C205B25735D20402025733A2504
:10FA0000640A006576745F666C616773202620283F
:10FA100031554C203C3C2028302929005A6570681B
:10FA200079720062756600737563636573730009AC
:10FA3000636F6D6D616E64206F70636F64652030FD
:10FA400078253034782074696D656F75740A0065A7
:10FA50007272203D3D20300009436F6E74726F6CEE
:10FA60006C657220756E726573706F6E7369766502
:10FA70002C20636F6D6D616E64206F70636F6465C1
:10FA8000203078253034782074696D656F75742066
:10FA900077697468206572722025640A00425420D8
:10FAA000525820575100030502000A636C6F636BC4
:10FAB0004034303030303030300072616E646F6D01
:10FAC00040343030306430303000656E74726F70A6
:10FAD000795F62745F6863690063727970746F4004
:10FAE0003530303261303030006770696F4035300A
:10FAF000303030333030006770696F40353030302F
:10FB000030303030000001020304050607756172D1
:10FB10007440343030303230303000536F667444CB
:10FB2000657669636520436F6E74726F6C6C657285
:10FB3000204153534552543A2025732C2025640A02
:10FB40000062745F6863695F736463003F49F6D461
:10FB5000A3C55F3874C9B3E3D2103F504AFF607B3E
:10FB6000EB40B7995899B8A6CD3C1ABD4D50534CAF
:10FB7000204153534552543A2025732C2025640AC2
:10FB8000004D50534C20576F726B00000000000076
:10FB900001010000000000002030303030303030F3
:10FBA0003030303030303000015465726D696E6134
:10FBB0006C0000000000000054545220524547479A
:10FBC00045530069646C65006D61696E00737973FB
:10FBD000776F726B7100FE2CF96A7F36222EA07946
:10FBE000C040BE2C032040C2F33200FFFFFFFF1FC6
:10FBF00000647261676F6F6E2F6C6962732F73633D
:10FC0000686564756C696E672F7372632F72656DBA
:10FC10005F68616C5F6576656E745F74696D65724F
:10FC20002E6300286E756C6C29002A666C6F6174F7
:10FC30002A000000FFFFFFFFFFFFFFFFFFFFFFFFA6
:10FC4000FF1F00001F000000000000007F000000F8
:10FC500000000000DD40000000000000FFFFFFFF8B
:10FC60001F000000BAABBABA10101010000000005C
:10FC70000080004000000000000000000C000000B8
:10FC80000000000000FF7F000000000000000000F6
:10FC9000000000000000000000000000C51D000082
:10FCA000011E0000EFC1000031200000EFC1000084
:10FCB000EFC10000EFC10000EFC10000EFC1000084
:10FCC000D523000009240000EFC10000EFC10000AF
:10FCD00025220000812900006D24000099C2000047
:10FCE000E51D0000AFC200008D240000051F0000CC
:10FCF00029210000540500205C050020200500207B
:10FD00006C050020640500209D1F0000211E0000DE
:10FD1000E11F0000ABC2000000000000A1D4000001
:10FD2000000000004945000000000000C3D40000AE
:10FD300000000000000000000000000000000000C3
:10FD400000000000000000000000000000000000B3
:10FD500000000000000000000000000000000000A3
:10FD60000000000000000000000000000000000093
:10FD70000000000000000000000000000000000083
:10FD80000000000000000000000000000000000073
:10FD90000000000000000000000000000000000063
:10FDA0000000000000000000000000000000000053
:10FDB0000000000000000000000000000000000043
:10FDC0000000000000000000000000000000000033
:10FDD0000000000000000000000000000000000023
:10FDE0000000000000000000000000000000000013
:10FDF0000000000000000000000000000000000003
:10FE000000000000000000000000000000000000F2
:10FE100000000000000000000000000000000000E2
:10FE200000000000000000000000000000000000D2
:10FE300000000000000000000000000000000000C2
:10FE400000000000000000000000000000000000B2
:10FE500000000000000000000000000000000000A2
:10FE60000000000000000000000000000000000092
:10FE70000000000000000000000000000000000082
:10FE80000000000000000000000000000000000072
:10FE90000000000000000000000000000000000062
:10FEA0000000000000000000000000000000000052
:10FEB0000000000000000000000000000000000042
:10FEC0000000000000000000000000000000000032
:10FED0000000000000000000000000000000000022
:10FEE0000000000000000000000000000000000012
:10FEF0000000000000000000000000000000000002
:10FF000000000000000000000000000000000000F1
:10FF100000000000000000000000000000000000E1
:10FF200000000000000000000000000000000000D1
:10FF3000B80700204FE5000055E5000057E5000038
:10FF400081E500005BE500008BE5000061E5000055
:10FF500097E5000067E500009DE5000069E5000009
:10FF600077E500007BE500006DE5000073E500002B
:10FF700087E5000091E5000000000000000000009F
:10FF80000000000000000000000000000000000071
:10FF90000000000000000000000000000000000061
:10FFA0000000000000000000000000000000000051
:10FFB0000000000000000000000000000000000041
:10FFC0000000000000000000000000000000000031
:10FFD0000000000000000000000000000000000021
:10FFE0000000000000000000000000000000000011
:10FFF0000000000000000000000000000000000001
:020000040002F8
:1000000000000000000000000000000000000000F0
:1000100000000000000000000000000000000000E0
:1000200000000000000000000000000000000000D0
:1000300000000000000000000000000000000000C0
:100040000000000075060100000000000000000034
:1000500000000000000000000000000000000000A0
:100060000000000000000000000000000000000090
:100070000000000000000000000000000000000080
:100080000000000000000000000000000000000070
:100090000000000000000000000000000000000060
:1000A0000000000000000000000000000000000050
:1000B0000000000000000000000000000000000040
:1000C0000000000000000000000000000000000030
:1000D0000000000000000000000000000000000020
:1000E0005CEA0100D5B10100E00B00203A000000FD
:1000F000F40B00203A000000B80B00203A0000008A
:10010000080C00203A00000000000000C1B8010007
:100110000000000000000000000000004DC00100D1
:1001200000000000000000000000000009FD0000C9
:10013000000000000000000000000000D1180100D5
:100140000000000000000000000000000514010095
:100150000000000000000000DC090020DC09002095
:1001600000000000000000004D230100912E01005E
:100170000000000000000000000000004527010012
:100180001DCE010049CD0100412301000000000007
:1001900094F5010000000200A0F5010000000A0033
:1001A000B0F5010000002000000000000000000089
:1001B0000000000000000000D5D101000000000098
:1001C000C4F5010000000200D0F5010000000200AB
:1001D000000000000000000000000000000000001F
:1001E000000000000000000000000000000000000F
:1001F00000000000000000000000000000000000FF
:1002000000000000000000000000000000000000EE
:1002100000000000000000000000000000000000DE
:1002200000000000000000000000000000000000CE
:1002300000000000000000000000000000000000BE
:1002400008000000FF0000000000000003000000A4
:1002500000000000FFFF0100DC0A0020DC0A002093
:10026000000000000D7F0100280B0020200B002063
:10027000180B002000000000100B0020CD800100B2
:10028000198001004D80010095800100B8330020E5
:100290003A00003ABC3300203A00003AC033002054
:1002A0003A00003AC43300203A00003A0C390020EA
:1002B0003C0B0020FC0A0020F40A0020F00A002079
:1002C000EC0A0020458E0100398E01002D8E0100C0
:1002D000000000000000000000000000000000001E
:1002E000640B0020640B0020A06F002000000000C1
:1002F000010000002C00000000000000800B002026
:10030000800B00204066002000000000010000007B
:10031000B0000000000000009C0B00209C0B00209F
:10032000CC6F00200000000003000000100000005F
:1003300000000000B80B0020B80B002000000000F7
:10034000000000000E000000CC0B0020CC0B0020B1
:1003500000000000000000000E000000E00B002084
:10036000E00B002000000000000000000E00000074
:10037000F40B0020F40B002000000000000000003F
:100380000E000000080C0020080C002000000000F7
:10039000000000000E0000001C0C00201C0C0020BF
:1003A00000000000FFFFFFFF2C0C00202C0C0020A1
:1003B00000000000000000003C0C00203C0C00206D
:1003C000440C0020440C002000000000000000004D
:1003D000540C0020540C00205C0C00205C0C00200D
:1003E000030003001000000000000000ECEF01001B
:1003F000486E00200000000000000000800C00207B
:10040000800C0020880C0020880C002003000300D2
:10041000100000006926010094F00100286F002000
:100420000000000000000000AC0C0020AC0C00201C
:10043000B40C0020B40C00200300030001000000F5
:10044000000000002CEF0100846B00200000000081
:1004500000000000D80C0020D80C0020E00C002088
:10046000E00C0020010001001000000081130100D9
:10047000DCEF0100C06D0020000000000000000063
:10048000040D0020040D00200C0D00200C0D002098
:10049000020002000100000000000000CCEF01009B
:1004A000886D00200000000000000000300D0020DA
:1004B000300D0020380D0020380D00200A000A0001
:1004C00006000000000000001CEF0100B8690020D9
:1004D00000000000000000005C0D00205C0D00200A
:1004E000640D0020640D00200100010001000000E7
:1004F000000000003CEF0100DC6C002015E015E07E
:00000001FF
